ticket_id,customer_id,customer_name,channel,issue_category,priority,agent_name,city,created_date,resolved_date,first_response_minutes,resolution_time_hours,ticket_status,csat_score,refund_amount_sar,resolution_status,resolution_days,created_year,created_month,created_month_year,response_category,ticket_age_days
TCK-000001,CUST-14562,Yousef Al-Anazi,Phone,General Inquiry,Medium,Turki Al-Subaie,Jeddah,2024-06-07,2024-06-10,222,88.4,Resolved,3,0.0,Resolved,3.0,2024,June,2024-06,Slow,
TCK-000002,CUST-10776,Dana Al-Otaibi,Live Chat,Billing,Low,Mohammed Al-Harbi,Mecca,2025-11-22,,459,0.0,Escalated,0,0.0,Unresolved,,2025,November,2025-11,Slow,343.0
TCK-000003,CUST-67589,Bandar Al-Dossari,Branch,Technical Support,Medium,Sara Al-Dossari,Riyadh,2024-03-21,2024-03-25,177,103.3,Resolved,4,0.0,Resolved,4.0,2024,March,2024-03,Moderate,
TCK-000004,CUST-84384,Nasser Al-Qahtani,Phone,Billing,Low,Abdullah Al-Zahrani,Dammam,2024-03-03,2024-03-04,522,30.7,Resolved,1,0.0,Resolved,1.0,2024,March,2024-03,Slow,
TCK-000005,CUST-28922,Yousef Al-Dossari,WhatsApp,General Inquiry,Medium,Noura Al-Shammari,Riyadh,2026-07-31,,138,0.0,Pending,0,0.0,Unresolved,,2026,July,2026-07,Moderate,92.0
TCK-000006,CUST-75481,Mohammed Al-Dossari,Email,Billing,Medium,Mohammed Al-Harbi,Riyadh,2026-02-13,2026-02-16,262,90.6,Resolved,2,491.91,Resolved,3.0,2026,February,2026-02,Slow,
TCK-000007,CUST-49130,Sara Al-Ghamdi,Live Chat,Technical Support,Low,Maha Al-Balawi,Riyadh,2026-06-28,2026-07-06,628,215.9,Resolved,1,0.0,Resolved,8.0,2026,June,2026-06,Slow,
TCK-000008,CUST-49642,Turki Al-Harbi,Live Chat,Technical Support,Low,Reem Al-Mutairi,Jeddah,2026-02-18,2026-02-21,568,72.9,Resolved,5,0.0,Resolved,3.0,2026,February,2026-02,Slow,
TCK-000009,CUST-49485,Ahmed Al-Balawi,WhatsApp,Technical Support,High,Turki Al-Subaie,Jeddah,2026-04-01,2026-04-01,27,13.6,Closed,5,0.0,Resolved,0.0,2026,April,2026-04,Very Fast,
TCK-000010,CUST-68995,Nasser Al-Zahrani,Branch,Refund Request,Critical,Maha Al-Balawi,Jeddah,2026-04-28,,27,0.0,Open,0,0.0,Unresolved,,2026,April,2026-04,Very Fast,186.0
TCK-000011,CUST-26842,Dana Al-Dossari,Branch,Unknown,Low,Noura Al-Shammari,Jeddah,2024-07-04,,34,0.0,Pending,0,0.0,Unresolved,,2024,July,2024-07,Fast,849.0
TCK-000012,CUST-75844,Khalid Al-Ghamdi,Live Chat,Billing,Medium,Mohammed Al-Harbi,Jeddah,2026-03-10,2026-03-12,35,60.9,Resolved,5,0.0,Resolved,2.0,2026,March,2026-03,Fast,
TCK-000013,CUST-51659,Sara Al-Shammari,Live Chat,Billing,High,Noura Al-Shammari,Medina,2026-05-02,,49,0.0,Pending,0,0.0,Unresolved,,2026,May,2026-05,Fast,182.0
TCK-000014,CUST-77706,Turki Al-Anazi,Live Chat,Billing,Low,Khalid Al-Ghamdi,Khobar,2025-02-15,2025-02-20,362,130.0,Resolved,5,0.0,Resolved,5.0,2025,February,2025-02,Slow,
TCK-000015,CUST-83065,Noura Al-Harbi,Email,Refund Request,Critical,Lama Al-Rashidi,Khobar,2026-07-04,,23,0.0,Open,0,0.0,Unresolved,,2026,July,2026-07,Very Fast,119.0
TCK-000016,CUST-47094,Yousef Al-Shammari,Phone,Account Management,High,Lama Al-Rashidi,Medina,2025-03-06,,51,0.0,Open,0,0.0,Unresolved,,2025,March,2025-03,Fast,604.0
TCK-000017,CUST-15094,Abdullah Al-Rashidi,Phone,Refund Request,Low,Huda Al-Anazi,Dammam,2026-03-21,2026-03-23,467,57.8,Closed,4,0.0,Resolved,2.0,2026,March,2026-03,Slow,
TCK-000018,CUST-34567,Yousef Al-Shehri,Social Media,Delivery Issue,Medium,Yousef Al-Malki,Hail,2024-01-09,2024-01-09,200,7.5,Resolved,5,0.0,Resolved,0.0,2024,January,2024-01,Slow,
TCK-000019,CUST-62263,Faisal Al-Dossari,Phone,General Inquiry,Low,Huda Al-Anazi,Buraidah,2026-05-24,2026-05-24,102,22.3,Closed,5,0.0,Resolved,0.0,2026,May,2026-05,Moderate,
TCK-000020,CUST-53422,Huda Al-Ghamdi,Email,Billing,Low,Khalid Al-Ghamdi,Riyadh,2024-08-14,2024-08-23,138,228.7,Resolved,3,0.0,Resolved,9.0,2024,August,2024-08,Moderate,
TCK-000021,CUST-26532,Mohammed Al-Anazi,WhatsApp,Account Management,Medium,Reem Al-Mutairi,Dammam,2026-04-04,2026-04-06,223,65.1,Resolved,5,0.0,Resolved,2.0,2026,April,2026-04,Slow,
TCK-000022,CUST-92042,Fahad Al-Anazi,Email,Account Management,Low,Abdullah Al-Zahrani,Tabuk,2026-03-18,2026-03-26,610,199.6,Resolved,5,0.0,Resolved,8.0,2026,March,2026-03,Slow,
TCK-000023,CUST-90414,Reem Al-Shammari,Phone,Delivery Issue,Medium,Abdullah Al-Zahrani,Riyadh,2026-10-06,,173,0.0,Open,0,0.0,Unresolved,,2026,October,2026-10,Moderate,25.0
TCK-000024,CUST-76840,Mohammed Al-Rashidi,Email,Complaint,Medium,Yousef Al-Malki,Jeddah,2026-09-18,2026-09-22,159,117.5,Closed,4,0.0,Resolved,4.0,2026,September,2026-09,Moderate,
TCK-000025,CUST-23832,Dana Al-Balawi,Live Chat,Account Management,Low,Turki Al-Subaie,Riyadh,2024-05-16,,105,0.0,Escalated,0,0.0,Unresolved,,2024,May,2024-05,Moderate,898.0
TCK-000026,CUST-28170,Dana Al-Dossari,Email,Refund Request,High,Huda Al-Anazi,Khobar,2024-08-23,2024-08-24,56,31.9,Closed,4,0.0,Resolved,1.0,2024,August,2024-08,Fast,
TCK-000027,CUST-33703,Maha Al-Balawi,Email,Refund Request,High,Fahad Al-Otaibi,Khobar,2025-01-17,2025-01-17,11,3.6,Resolved,2,0.0,Resolved,0.0,2025,January,2025-01,Very Fast,
TCK-000028,CUST-23253,Turki Al-Otaibi,Phone,Unknown,Low,Faisal Al-Shehri,Jeddah,2024-04-23,,58,0.0,Pending,0,0.0,Unresolved,,2024,April,2024-04,Fast,921.0
TCK-000029,CUST-44561,Faisal Al-Subaie,Live Chat,Refund Request,High,Yousef Al-Malki,Medina,2026-09-02,2026-09-02,27,7.6,Resolved,3,49.16,Resolved,0.0,2026,September,2026-09,Very Fast,
TCK-000030,CUST-71107,Sultan Al-Harbi,Live Chat,Billing,Medium,Yousef Al-Malki,Buraidah,2025-12-03,2025-12-04,106,33.7,Closed,4,0.0,Resolved,1.0,2025,December,2025-12,Moderate,
TCK-000031,CUST-73847,Sara Al-Dossari,Live Chat,General Inquiry,High,Noura Al-Shammari,Tabuk,2025-03-27,,15,0.0,Pending,0,0.0,Unresolved,,2025,March,2025-03,Very Fast,583.0
TCK-000032,CUST-41879,Sultan Al-Dossari,Branch,Account Management,Medium,Khalid Al-Ghamdi,Jeddah,2025-08-23,2025-08-23,206,4.2,Resolved,5,0.0,Resolved,0.0,2025,August,2025-08,Slow,
TCK-000033,CUST-32233,Sultan Al-Harbi,Live Chat,General Inquiry,High,Khalid Al-Ghamdi,Jeddah,2025-01-09,,69,0.0,Pending,0,0.0,Unresolved,,2025,January,2025-01,Moderate,660.0
TCK-000034,CUST-74771,Aisha Al-Rashidi,Live Chat,Account Management,High,Khalid Al-Ghamdi,Abha,2024-04-18,2024-04-19,40,39.0,Closed,4,0.0,Resolved,1.0,2024,April,2024-04,Fast,
TCK-000035,CUST-78398,Sultan Al-Balawi,Email,General Inquiry,Medium,Mohammed Al-Harbi,Mecca,2025-07-09,2025-07-11,118,65.9,Resolved,5,0.0,Resolved,2.0,2025,July,2025-07,Moderate,
TCK-000036,CUST-54619,Mohammed Al-Anazi,Live Chat,Unknown,High,Khalid Al-Ghamdi,Tabuk,2025-06-16,2025-06-16,34,3.1,Resolved,5,0.0,Resolved,0.0,2025,June,2025-06,Fast,
TCK-000037,CUST-32173,Noura Al-Anazi,Phone,Account Management,Low,Sara Al-Dossari,Riyadh,2024-07-21,2024-07-25,200,101.8,Resolved,5,0.0,Resolved,4.0,2024,July,2024-07,Slow,
TCK-000038,CUST-77391,Yousef Al-Subaie,Email,General Inquiry,High,Yousef Al-Malki,Medina,2024-06-13,2024-06-14,32,26.5,Resolved,4,0.0,Resolved,1.0,2024,June,2024-06,Fast,
TCK-000039,CUST-60794,Aisha Al-Ghamdi,WhatsApp,Billing,Medium,Maha Al-Balawi,Mecca,2025-09-13,2025-09-13,243,20.5,Resolved,3,1337.05,Resolved,0.0,2025,September,2025-09,Slow,
TCK-000040,CUST-24215,Hessa Al-Mutairi,Phone,Billing,Medium,Yousef Al-Malki,Jeddah,2026-05-26,2026-05-29,97,91.9,Resolved,5,0.0,Resolved,3.0,2026,May,2026-05,Moderate,
TCK-000041,CUST-87096,Yousef Al-Rashidi,Email,Technical Support,Low,Reem Al-Mutairi,Jeddah,2026-01-02,2026-01-09,625,184.2,Resolved,3,0.0,Resolved,7.0,2026,January,2026-01,Slow,
TCK-000042,CUST-58932,Khalid Al-Dossari,Live Chat,Technical Support,Low,Mohammed Al-Harbi,Dammam,2026-08-14,2026-08-16,576,54.7,Resolved,4,0.0,Resolved,2.0,2026,August,2026-08,Slow,
TCK-000043,CUST-94150,Sultan Al-Dossari,Email,Complaint,Medium,Khalid Al-Ghamdi,Dammam,2024-08-18,2024-08-20,61,71.5,Closed,5,0.0,Resolved,2.0,2024,August,2024-08,Moderate,
TCK-000044,CUST-28960,Sultan Al-Zahrani,Live Chat,Unknown,Low,Fahad Al-Otaibi,Jeddah,2026-01-06,2026-01-08,245,69.3,Resolved,5,0.0,Resolved,2.0,2026,January,2026-01,Slow,
TCK-000045,CUST-33385,Abdullah Al-Zahrani,Unknown,General Inquiry,Low,Huda Al-Anazi,Mecca,2026-04-08,2026-04-17,399,223.5,Resolved,3,0.0,Resolved,9.0,2026,April,2026-04,Slow,
TCK-000046,CUST-56118,Mohammed Al-Malki,Phone,Complaint,Medium,Sara Al-Dossari,Unknown,2024-11-14,2024-11-16,23,58.4,Resolved,4,2895.58,Resolved,2.0,2024,November,2024-11,Very Fast,
TCK-000047,CUST-94844,Hessa Al-Balawi,Social Media,Account Management,High,Abdullah Al-Zahrani,Riyadh,2026-01-26,2026-01-26,55,5.2,Closed,5,0.0,Resolved,0.0,2026,January,2026-01,Fast,
TCK-000048,CUST-86694,Reem Al-Shehri,WhatsApp,General Inquiry,Medium,Noura Al-Shammari,Riyadh,2024-05-23,2024-05-25,47,65.6,Closed,4,0.0,Resolved,2.0,2024,May,2024-05,Fast,
TCK-000049,CUST-11913,Reem Al-Harbi,Social Media,Delivery Issue,Medium,Yousef Al-Malki,Medina,2025-08-22,,239,0.0,Open,0,0.0,Unresolved,,2025,August,2025-08,Slow,435.0
TCK-000050,CUST-11795,Faisal Al-Balawi,Live Chat,Billing,Medium,Maha Al-Balawi,Jeddah,2026-04-15,2026-04-15,278,21.3,Resolved,1,0.0,Resolved,0.0,2026,April,2026-04,Slow,
TCK-000051,CUST-34090,Noura Al-Malki,Live Chat,Technical Support,Medium,Noura Al-Shammari,Medina,2026-06-17,2026-06-20,158,79.9,Resolved,5,0.0,Resolved,3.0,2026,June,2026-06,Moderate,
TCK-000052,CUST-98972,Fahad Al-Anazi,Branch,Complaint,Low,Abdullah Al-Zahrani,Mecca,2026-08-20,2026-08-21,159,38.1,Resolved,4,0.0,Resolved,1.0,2026,August,2026-08,Moderate,
TCK-000053,CUST-26362,Sara Al-Qahtani,Phone,Billing,High,Abdullah Al-Zahrani,Medina,2026-06-01,,28,0.0,Escalated,0,0.0,Unresolved,,2026,June,2026-06,Very Fast,152.0
TCK-000054,CUST-17335,Turki Al-Shehri,Email,Technical Support,Low,Lama Al-Rashidi,Buraidah,2024-07-30,2024-07-31,306,43.1,Resolved,4,0.0,Resolved,1.0,2024,July,2024-07,Slow,
TCK-000055,CUST-22356,Aisha Al-Dossari,Phone,Complaint,Critical,Khalid Al-Ghamdi,Jeddah,2026-03-31,,11,0.0,Pending,0,0.0,Unresolved,,2026,March,2026-03,Very Fast,214.0
TCK-000056,CUST-72007,Bandar Al-Zahrani,WhatsApp,Technical Support,High,Fahad Al-Otaibi,Riyadh,2024-11-09,2024-11-10,64,42.4,Resolved,5,0.0,Resolved,1.0,2024,November,2024-11,Moderate,
TCK-000057,CUST-38816,Khalid Al-Mutairi,Branch,Technical Support,High,Khalid Al-Ghamdi,Tabuk,2025-06-18,2025-06-19,7,26.6,Resolved,5,0.0,Resolved,1.0,2025,June,2025-06,Very Fast,
TCK-000058,CUST-98656,Sultan Al-Qahtani,Phone,General Inquiry,Medium,Noura Al-Shammari,Jeddah,2024-08-13,2024-08-13,43,20.6,Closed,2,0.0,Resolved,0.0,2024,August,2024-08,Fast,
TCK-000059,CUST-98215,Maha Al-Rashidi,Email,Account Management,Low,Noura Al-Shammari,Riyadh,2025-03-13,,707,0.0,Pending,0,0.0,Unresolved,,2025,March,2025-03,Slow,597.0
TCK-000060,CUST-34440,Bandar Al-Mutairi,Live Chat,Account Management,High,Reem Al-Mutairi,Mecca,2024-09-09,,20,0.0,Pending,0,0.0,Unresolved,,2024,September,2024-09,Very Fast,782.0
TCK-000061,CUST-13568,Turki Al-Dossari,Phone,General Inquiry,Low,Reem Al-Mutairi,Unknown,2025-12-07,2025-12-11,102,100.1,Resolved,3,0.0,Resolved,4.0,2025,December,2025-12,Moderate,
TCK-000062,CUST-84280,Lama Al-Balawi,Email,General Inquiry,High,Huda Al-Anazi,Dammam,2025-02-20,2025-02-20,50,23.2,Closed,4,0.0,Resolved,0.0,2025,February,2025-02,Fast,
TCK-000063,CUST-46339,Sara Al-Subaie,Phone,Unknown,Critical,Abdullah Al-Zahrani,Riyadh,2026-02-20,,8,0.0,Escalated,0,0.0,Unresolved,,2026,February,2026-02,Very Fast,253.0
TCK-000064,CUST-89650,Dana Al-Harbi,Email,General Inquiry,Medium,Noura Al-Shammari,Jeddah,2024-02-26,2024-02-28,104,55.1,Resolved,5,0.0,Resolved,2.0,2024,February,2024-02,Moderate,
TCK-000065,CUST-15040,Fahad Al-Balawi,Live Chat,Delivery Issue,Medium,Yousef Al-Malki,Dammam,2025-03-09,2025-03-13,198,112.1,Closed,1,0.0,Resolved,4.0,2025,March,2025-03,Slow,
TCK-000066,CUST-83559,Hessa Al-Rashidi,Social Media,General Inquiry,Low,Noura Al-Shammari,Riyadh,2025-02-14,2025-02-17,63,72.9,Resolved,2,0.0,Resolved,3.0,2025,February,2025-02,Moderate,
TCK-000067,CUST-12696,Yousef Al-Zahrani,Phone,Account Management,Low,Lama Al-Rashidi,Riyadh,2024-02-09,2024-02-10,332,25.9,Resolved,5,0.0,Resolved,1.0,2024,February,2024-02,Slow,
TCK-000068,CUST-64350,Turki Al-Harbi,WhatsApp,Delivery Issue,Critical,Mohammed Al-Harbi,Jeddah,2024-10-12,,10,0.0,Pending,0,0.0,Unresolved,,2024,October,2024-10,Very Fast,749.0
TCK-000069,CUST-56582,Abdullah Al-Rashidi,Email,Billing,Low,Yousef Al-Malki,Unknown,2024-04-23,2024-04-29,412,157.7,Resolved,5,3240.71,Resolved,6.0,2024,April,2024-04,Slow,
TCK-000070,CUST-95074,Lama Al-Subaie,Social Media,Refund Request,Medium,Khalid Al-Ghamdi,Tabuk,2025-04-11,,74,0.0,Open,0,0.0,Unresolved,,2025,April,2025-04,Moderate,568.0
TCK-000071,CUST-67916,Hessa Al-Anazi,Branch,Billing,Medium,Mohammed Al-Harbi,Riyadh,2026-03-17,2026-03-18,229,45.1,Closed,4,363.02,Resolved,1.0,2026,March,2026-03,Slow,
TCK-000072,CUST-85207,Mohammed Al-Mutairi,Email,General Inquiry,Medium,Faisal Al-Shehri,Riyadh,2025-02-13,,110,0.0,Open,0,0.0,Unresolved,,2025,February,2025-02,Moderate,625.0
TCK-000073,CUST-43487,Abdullah Al-Ghamdi,Phone,Complaint,Medium,Abdullah Al-Zahrani,Dammam,2024-11-21,2024-11-24,45,73.2,Resolved,5,0.0,Resolved,3.0,2024,November,2024-11,Fast,
TCK-000074,CUST-39345,Bandar Al-Balawi,Email,Technical Support,Low,Noura Al-Shammari,Riyadh,2026-08-23,2026-08-24,150,39.3,Resolved,3,0.0,Resolved,1.0,2026,August,2026-08,Moderate,
TCK-000075,CUST-33924,Maha Al-Mutairi,Phone,Technical Support,Critical,Lama Al-Rashidi,Abha,2026-10-29,,26,0.0,Pending,0,0.0,Unresolved,,2026,October,2026-10,Very Fast,2.0
TCK-000076,CUST-23563,Yousef Al-Rashidi,Email,General Inquiry,High,Lama Al-Rashidi,Jeddah,2025-12-11,2025-12-12,64,46.3,Closed,1,0.0,Resolved,1.0,2025,December,2025-12,Moderate,
TCK-000077,CUST-27057,Bandar Al-Zahrani,Phone,Refund Request,Critical,Huda Al-Anazi,Jeddah,2024-11-08,2024-11-08,19,10.6,Resolved,3,3162.28,Resolved,0.0,2024,November,2024-11,Very Fast,
TCK-000078,CUST-12751,Nasser Al-Qahtani,Email,Complaint,High,Huda Al-Anazi,Buraidah,2024-08-26,2024-08-26,60,15.1,Resolved,4,0.0,Resolved,0.0,2024,August,2024-08,Fast,
TCK-000079,CUST-19562,Abdullah Al-Harbi,Phone,Billing,Medium,Abdullah Al-Zahrani,Mecca,2024-06-29,2024-06-30,46,36.9,Resolved,5,0.0,Resolved,1.0,2024,June,2024-06,Fast,
TCK-000080,CUST-11630,Khalid Al-Shehri,Phone,Billing,Medium,Sara Al-Dossari,Medina,2026-09-12,2026-09-14,186,59.1,Closed,3,0.0,Resolved,2.0,2026,September,2026-09,Slow,
TCK-000081,CUST-98797,Sara Al-Otaibi,Branch,Complaint,High,Yousef Al-Malki,Khobar,2026-06-09,,50,0.0,Pending,0,0.0,Unresolved,,2026,June,2026-06,Fast,144.0
TCK-000082,CUST-15591,Mohammed Al-Dossari,Unknown,Billing,High,Khalid Al-Ghamdi,Jeddah,2024-10-17,2024-10-17,47,13.0,Closed,4,0.0,Resolved,0.0,2024,October,2024-10,Fast,
TCK-000083,CUST-71051,Nasser Al-Shehri,Live Chat,Complaint,Medium,Faisal Al-Shehri,Riyadh,2026-05-18,2026-05-21,160,91.5,Resolved,4,0.0,Resolved,3.0,2026,May,2026-05,Moderate,
TCK-000084,CUST-24105,Ahmed Al-Shehri,WhatsApp,Technical Support,Critical,Lama Al-Rashidi,Jeddah,2026-03-20,2026-03-20,27,1.4,Closed,4,0.0,Resolved,0.0,2026,March,2026-03,Very Fast,
TCK-000085,CUST-90588,Abdullah Al-Qahtani,Email,Billing,Low,Turki Al-Subaie,Medina,2026-09-04,2026-09-11,62,188.3,Resolved,4,3054.52,Resolved,7.0,2026,September,2026-09,Moderate,
TCK-000086,CUST-53169,Lama Al-Mutairi,Phone,Complaint,Medium,Reem Al-Mutairi,Jeddah,2024-08-10,2024-08-13,279,85.0,Resolved,1,0.0,Resolved,3.0,2024,August,2024-08,Slow,
TCK-000087,CUST-50982,Noura Al-Harbi,Live Chat,Delivery Issue,High,Mohammed Al-Harbi,Tabuk,2025-02-17,2025-02-17,14,2.9,Resolved,1,0.0,Resolved,0.0,2025,February,2025-02,Very Fast,
TCK-000088,CUST-40410,Hessa Al-Dossari,Email,Refund Request,High,Faisal Al-Shehri,Jeddah,2024-11-24,,54,0.0,Pending,0,0.0,Unresolved,,2024,November,2024-11,Fast,706.0
TCK-000089,CUST-14333,Sultan Al-Otaibi,Live Chat,Unknown,Low,Maha Al-Balawi,Medina,2026-03-09,,55,0.0,Pending,0,0.0,Unresolved,,2026,March,2026-03,Fast,236.0
TCK-000090,CUST-10260,Yousef Al-Harbi,WhatsApp,Complaint,Critical,Faisal Al-Shehri,Riyadh,2026-02-06,,21,0.0,Escalated,0,0.0,Unresolved,,2026,February,2026-02,Very Fast,267.0
TCK-000091,CUST-80201,Sultan Al-Ghamdi,Phone,Account Management,High,Faisal Al-Shehri,Riyadh,2026-09-29,2026-09-29,35,20.4,Resolved,3,0.0,Resolved,0.0,2026,September,2026-09,Fast,
TCK-000092,CUST-66146,Mohammed Al-Qahtani,Live Chat,Technical Support,Medium,Abdullah Al-Zahrani,Riyadh,2026-05-05,2026-05-09,76,118.5,Resolved,4,0.0,Resolved,4.0,2026,May,2026-05,Moderate,
TCK-000093,CUST-42257,Aisha Al-Shammari,Live Chat,Complaint,High,Sara Al-Dossari,Riyadh,2024-11-10,2024-11-10,75,16.2,Resolved,5,3155.01,Resolved,0.0,2024,November,2024-11,Moderate,
TCK-000094,CUST-32134,Dana Al-Mutairi,Phone,Billing,Medium,Maha Al-Balawi,Dammam,2024-03-01,2024-03-03,109,51.2,Closed,4,333.35,Resolved,2.0,2024,March,2024-03,Moderate,
TCK-000095,CUST-48068,Huda Al-Zahrani,Live Chat,General Inquiry,Low,Noura Al-Shammari,Jeddah,2024-08-09,2024-08-18,389,239.9,Resolved,4,0.0,Resolved,9.0,2024,August,2024-08,Slow,
TCK-000096,CUST-94515,Reem Al-Ghamdi,Live Chat,Account Management,High,Fahad Al-Otaibi,Mecca,2024-11-11,,60,0.0,Escalated,0,0.0,Unresolved,,2024,November,2024-11,Fast,719.0
TCK-000097,CUST-89512,Dana Al-Anazi,Live Chat,Delivery Issue,Medium,Khalid Al-Ghamdi,Riyadh,2025-01-22,2025-01-22,251,17.9,Resolved,4,0.0,Resolved,0.0,2025,January,2025-01,Slow,
TCK-000098,CUST-31193,Reem Al-Subaie,Email,Account Management,Low,Faisal Al-Shehri,Khobar,2025-10-30,2025-11-01,72,56.1,Resolved,4,0.0,Resolved,2.0,2025,October,2025-10,Moderate,
TCK-000099,CUST-61451,Sara Al-Mutairi,WhatsApp,Technical Support,High,Yousef Al-Malki,Riyadh,2024-04-22,2024-04-22,45,7.1,Closed,4,0.0,Resolved,0.0,2024,April,2024-04,Fast,
TCK-000100,CUST-50220,Abdullah Al-Dossari,Live Chat,Billing,Low,Noura Al-Shammari,Dammam,2025-02-22,,686,0.0,Open,0,0.0,Unresolved,,2025,February,2025-02,Slow,616.0
TCK-000101,CUST-21682,Fahad Al-Ghamdi,Live Chat,General Inquiry,Medium,Fahad Al-Otaibi,Riyadh,2025-09-14,2025-09-14,41,6.4,Resolved,5,0.0,Resolved,0.0,2025,September,2025-09,Fast,
TCK-000102,CUST-68490,Mohammed Al-Dossari,Social Media,Billing,Medium,Noura Al-Shammari,Abha,2025-10-17,2025-10-17,238,19.8,Resolved,5,0.0,Resolved,0.0,2025,October,2025-10,Slow,
TCK-000103,CUST-81829,Dana Al-Subaie,Live Chat,Billing,Medium,Fahad Al-Otaibi,Riyadh,2026-08-02,,192,0.0,Pending,0,0.0,Unresolved,,2026,August,2026-08,Slow,90.0
TCK-000104,CUST-64841,Bandar Al-Balawi,Phone,Account Management,High,Turki Al-Subaie,Riyadh,2024-01-28,2024-01-29,61,41.9,Closed,2,0.0,Resolved,1.0,2024,January,2024-01,Moderate,
TCK-000105,CUST-85797,Khalid Al-Shehri,Social Media,Billing,Low,Sara Al-Dossari,Dammam,2024-03-12,2024-03-20,182,208.2,Resolved,5,0.0,Resolved,8.0,2024,March,2024-03,Slow,
TCK-000106,CUST-50957,Reem Al-Mutairi,WhatsApp,General Inquiry,Medium,Lama Al-Rashidi,Riyadh,2025-09-26,2025-09-28,122,48.0,Closed,5,0.0,Resolved,2.0,2025,September,2025-09,Moderate,
TCK-000107,CUST-22778,Maha Al-Qahtani,Phone,Billing,Medium,Mohammed Al-Harbi,Riyadh,2026-08-07,2026-08-07,206,13.6,Closed,3,3658.29,Resolved,0.0,2026,August,2026-08,Slow,
TCK-000108,CUST-16747,Reem Al-Malki,WhatsApp,Complaint,Medium,Lama Al-Rashidi,Riyadh,2024-10-09,2024-10-12,131,84.3,Resolved,2,0.0,Resolved,3.0,2024,October,2024-10,Moderate,
TCK-000109,CUST-50974,Bandar Al-Rashidi,Social Media,Complaint,Critical,Khalid Al-Ghamdi,Dammam,2024-03-08,2024-03-08,11,8.5,Closed,3,0.0,Resolved,0.0,2024,March,2024-03,Very Fast,
TCK-000110,CUST-89484,Mohammed Al-Malki,Live Chat,General Inquiry,Critical,Huda Al-Anazi,Jeddah,2026-10-14,2026-10-14,12,7.7,Resolved,3,0.0,Resolved,0.0,2026,October,2026-10,Very Fast,
TCK-000111,CUST-71129,Khalid Al-Shehri,WhatsApp,Billing,Medium,Lama Al-Rashidi,Mecca,2025-05-03,2025-05-05,114,62.5,Resolved,5,4297.03,Resolved,2.0,2025,May,2025-05,Moderate,
TCK-000112,CUST-22231,Dana Al-Qahtani,Social Media,Technical Support,Low,Reem Al-Mutairi,Jeddah,2025-01-21,2025-01-21,340,20.8,Resolved,2,0.0,Resolved,0.0,2025,January,2025-01,Slow,
TCK-000113,CUST-29637,Huda Al-Zahrani,Phone,Delivery Issue,Medium,Lama Al-Rashidi,Buraidah,2025-04-12,,205,0.0,Escalated,0,0.0,Unresolved,,2025,April,2025-04,Slow,567.0
TCK-000114,CUST-82107,Mohammed Al-Shammari,Branch,Technical Support,Low,Khalid Al-Ghamdi,Riyadh,2026-02-12,2026-02-18,351,155.4,Closed,4,0.0,Resolved,6.0,2026,February,2026-02,Slow,
TCK-000115,CUST-27543,Ahmed Al-Balawi,Phone,General Inquiry,Critical,Yousef Al-Malki,Unknown,2024-01-23,2024-01-23,5,10.2,Resolved,3,0.0,Resolved,0.0,2024,January,2024-01,Very Fast,
TCK-000116,CUST-67770,Bandar Al-Malki,Phone,Technical Support,Medium,Abdullah Al-Zahrani,Medina,2026-03-07,,136,0.0,Open,0,0.0,Unresolved,,2026,March,2026-03,Moderate,238.0
TCK-000117,CUST-28436,Lama Al-Balawi,Phone,Technical Support,Medium,Fahad Al-Otaibi,Dammam,2026-07-27,2026-07-29,250,52.9,Resolved,3,0.0,Resolved,2.0,2026,July,2026-07,Slow,
TCK-000118,CUST-83682,Huda Al-Harbi,Live Chat,General Inquiry,Medium,Khalid Al-Ghamdi,Jeddah,2025-12-01,,22,0.0,Pending,0,0.0,Unresolved,,2025,December,2025-12,Very Fast,334.0
TCK-000119,CUST-23006,Turki Al-Harbi,Live Chat,Complaint,High,Ahmed Al-Qahtani,Dammam,2026-09-12,,54,0.0,Pending,0,0.0,Unresolved,,2026,September,2026-09,Fast,49.0
TCK-000120,CUST-32408,Ahmed Al-Subaie,Email,Technical Support,Medium,Mohammed Al-Harbi,Mecca,2024-09-30,2024-10-03,257,78.1,Resolved,5,0.0,Resolved,3.0,2024,September,2024-09,Slow,
TCK-000121,CUST-48953,Dana Al-Balawi,Social Media,Technical Support,Low,Khalid Al-Ghamdi,Medina,2026-04-07,2026-04-09,453,66.3,Resolved,5,0.0,Resolved,2.0,2026,April,2026-04,Slow,
TCK-000122,CUST-44740,Reem Al-Zahrani,Live Chat,Billing,High,Abdullah Al-Zahrani,Mecca,2025-11-11,2025-11-11,84,7.5,Closed,2,1351.99,Resolved,0.0,2025,November,2025-11,Moderate,
TCK-000123,CUST-66836,Huda Al-Harbi,Email,Delivery Issue,Medium,Khalid Al-Ghamdi,Riyadh,2024-05-08,,192,0.0,Pending,0,0.0,Unresolved,,2024,May,2024-05,Slow,906.0
TCK-000124,CUST-55120,Dana Al-Rashidi,WhatsApp,Technical Support,Medium,Khalid Al-Ghamdi,Jeddah,2025-10-18,2025-10-22,15,119.6,Resolved,5,0.0,Resolved,4.0,2025,October,2025-10,Very Fast,
TCK-000125,CUST-28623,Huda Al-Subaie,Phone,Complaint,Medium,Khalid Al-Ghamdi,Buraidah,2024-05-02,2024-05-02,269,16.3,Resolved,5,2546.63,Resolved,0.0,2024,May,2024-05,Slow,
TCK-000126,CUST-77836,Lama Al-Harbi,Live Chat,Billing,Medium,Reem Al-Mutairi,Jeddah,2026-02-22,,235,0.0,Pending,0,0.0,Unresolved,,2026,February,2026-02,Slow,251.0
TCK-000127,CUST-76497,Sara Al-Malki,Live Chat,Account Management,Medium,Huda Al-Anazi,Riyadh,2025-01-26,2025-01-29,202,77.5,Resolved,3,0.0,Resolved,3.0,2025,January,2025-01,Slow,
TCK-000128,CUST-33797,Bandar Al-Shehri,Live Chat,Delivery Issue,High,Huda Al-Anazi,Dammam,2026-10-15,2026-10-15,46,9.2,Closed,3,2671.78,Resolved,0.0,2026,October,2026-10,Fast,
TCK-000129,CUST-80869,Sara Al-Dossari,Unknown,Technical Support,Low,Lama Al-Rashidi,Jeddah,2025-08-09,,694,0.0,Open,0,0.0,Unresolved,,2025,August,2025-08,Slow,448.0
TCK-000130,CUST-85277,Maha Al-Otaibi,Phone,Account Management,Medium,Abdullah Al-Zahrani,Khobar,2024-05-06,2024-05-09,286,90.8,Resolved,4,0.0,Resolved,3.0,2024,May,2024-05,Slow,
TCK-000131,CUST-14280,Sultan Al-Mutairi,Phone,Delivery Issue,Low,Fahad Al-Otaibi,Jeddah,2026-02-15,2026-02-16,469,29.9,Closed,4,381.75,Resolved,1.0,2026,February,2026-02,Slow,
TCK-000132,CUST-90047,Mohammed Al-Shammari,Live Chat,Technical Support,High,Abdullah Al-Zahrani,Riyadh,2025-11-15,2025-11-16,65,25.9,Closed,5,0.0,Resolved,1.0,2025,November,2025-11,Moderate,
TCK-000133,CUST-43623,Nasser Al-Malki,WhatsApp,Billing,Medium,Fahad Al-Otaibi,Riyadh,2024-02-07,2024-02-10,18,79.9,Resolved,5,0.0,Resolved,3.0,2024,February,2024-02,Very Fast,
TCK-000134,CUST-38739,Faisal Al-Anazi,Phone,Unknown,Medium,Turki Al-Subaie,Jeddah,2025-07-22,2025-07-24,226,69.6,Resolved,3,0.0,Resolved,2.0,2025,July,2025-07,Slow,
TCK-000135,CUST-55902,Noura Al-Subaie,Email,Refund Request,Medium,Ahmed Al-Qahtani,Jeddah,2026-07-26,,216,0.0,Pending,0,0.0,Unresolved,,2026,July,2026-07,Slow,97.0
TCK-000136,CUST-60996,Faisal Al-Anazi,Live Chat,Account Management,Low,Lama Al-Rashidi,Riyadh,2024-02-26,2024-02-28,31,53.7,Closed,1,0.0,Resolved,2.0,2024,February,2024-02,Fast,
TCK-000137,CUST-82539,Yousef Al-Dossari,Phone,Account Management,Medium,Turki Al-Subaie,Riyadh,2026-10-30,2026-11-02,67,73.7,Resolved,4,0.0,Resolved,3.0,2026,October,2026-10,Moderate,
TCK-000138,CUST-41595,Reem Al-Shehri,WhatsApp,General Inquiry,Medium,Ahmed Al-Qahtani,Tabuk,2025-09-25,,174,0.0,Pending,0,0.0,Unresolved,,2025,September,2025-09,Moderate,401.0
TCK-000139,CUST-30073,Aisha Al-Qahtani,Branch,Complaint,Medium,Reem Al-Mutairi,Dammam,2026-04-22,2026-04-24,57,59.7,Resolved,3,890.19,Resolved,2.0,2026,April,2026-04,Fast,
TCK-000140,CUST-78463,Maha Al-Shehri,Live Chat,Technical Support,Medium,Maha Al-Balawi,Riyadh,2026-10-10,2026-10-13,187,81.5,Closed,1,0.0,Resolved,3.0,2026,October,2026-10,Slow,
TCK-000141,CUST-62770,Faisal Al-Dossari,WhatsApp,Billing,Low,Huda Al-Anazi,Riyadh,2025-01-31,2025-02-04,711,113.0,Resolved,5,0.0,Resolved,4.0,2025,January,2025-01,Slow,
TCK-000142,CUST-61888,Yousef Al-Subaie,Branch,Refund Request,Critical,Maha Al-Balawi,Medina,2026-01-18,2026-01-18,15,11.5,Resolved,3,0.0,Resolved,0.0,2026,January,2026-01,Very Fast,
TCK-000143,CUST-64083,Huda Al-Dossari,Branch,General Inquiry,Low,Sara Al-Dossari,Khobar,2024-10-03,2024-10-11,216,199.7,Resolved,5,0.0,Resolved,8.0,2024,October,2024-10,Slow,
TCK-000144,CUST-65472,Sara Al-Balawi,Email,Account Management,Low,Lama Al-Rashidi,Jeddah,2024-09-13,,250,0.0,Open,0,0.0,Unresolved,,2024,September,2024-09,Slow,778.0
TCK-000145,CUST-19211,Turki Al-Shammari,Live Chat,Technical Support,Low,Turki Al-Subaie,Khobar,2026-09-30,2026-10-09,115,223.1,Resolved,4,0.0,Resolved,9.0,2026,September,2026-09,Moderate,
TCK-000146,CUST-95354,Faisal Al-Zahrani,Social Media,General Inquiry,Low,Khalid Al-Ghamdi,Medina,2025-07-05,2025-07-12,657,187.4,Closed,5,0.0,Resolved,7.0,2025,July,2025-07,Slow,
TCK-000147,CUST-67075,Nasser Al-Shehri,Email,General Inquiry,Medium,Fahad Al-Otaibi,Riyadh,2024-03-29,2024-04-02,100,114.0,Closed,2,0.0,Resolved,4.0,2024,March,2024-03,Moderate,
TCK-000148,CUST-39137,Nasser Al-Mutairi,Phone,Account Management,Low,Reem Al-Mutairi,Jeddah,2026-05-20,2026-05-21,225,39.2,Resolved,5,0.0,Resolved,1.0,2026,May,2026-05,Slow,
TCK-000149,CUST-29870,Lama Al-Harbi,Email,Billing,Medium,Sara Al-Dossari,Riyadh,2025-02-14,2025-02-17,250,77.2,Resolved,2,3660.83,Resolved,3.0,2025,February,2025-02,Slow,
TCK-000150,CUST-55714,Fahad Al-Balawi,WhatsApp,Technical Support,High,Reem Al-Mutairi,Abha,2024-07-18,2024-07-19,65,25.7,Resolved,5,0.0,Resolved,1.0,2024,July,2024-07,Moderate,
TCK-000151,CUST-73876,Bandar Al-Shammari,WhatsApp,Account Management,Medium,Lama Al-Rashidi,Mecca,2024-10-26,2024-10-28,223,60.0,Resolved,5,0.0,Resolved,2.0,2024,October,2024-10,Slow,
TCK-000152,CUST-24284,Huda Al-Rashidi,WhatsApp,Account Management,Low,Khalid Al-Ghamdi,Riyadh,2025-06-23,2025-06-27,481,108.3,Resolved,5,0.0,Resolved,4.0,2025,June,2025-06,Slow,
TCK-000153,CUST-39480,Yousef Al-Shehri,Email,Billing,High,Khalid Al-Ghamdi,Jeddah,2024-08-12,2024-08-13,52,31.4,Resolved,5,0.0,Resolved,1.0,2024,August,2024-08,Fast,
TCK-000154,CUST-99037,Huda Al-Zahrani,Email,Technical Support,Medium,Faisal Al-Shehri,Medina,2025-12-01,2025-12-01,195,11.3,Resolved,3,0.0,Resolved,0.0,2025,December,2025-12,Slow,
TCK-000155,CUST-66760,Fahad Al-Malki,Phone,Billing,Low,Ahmed Al-Qahtani,Unknown,2026-09-02,,440,0.0,Pending,0,0.0,Unresolved,,2026,September,2026-09,Slow,59.0
TCK-000156,CUST-46670,Sara Al-Zahrani,Email,General Inquiry,Medium,Noura Al-Shammari,Riyadh,2025-08-15,2025-08-19,161,96.1,Resolved,1,0.0,Resolved,4.0,2025,August,2025-08,Moderate,
TCK-000157,CUST-93713,Reem Al-Qahtani,Email,Account Management,Low,Maha Al-Balawi,Riyadh,2025-12-08,2025-12-13,39,137.2,Resolved,5,0.0,Resolved,5.0,2025,December,2025-12,Fast,
TCK-000158,CUST-32782,Noura Al-Dossari,Email,Account Management,High,Yousef Al-Malki,Dammam,2025-09-15,2025-09-16,76,42.8,Resolved,5,0.0,Resolved,1.0,2025,September,2025-09,Moderate,
TCK-000159,CUST-24475,Noura Al-Ghamdi,Email,Technical Support,Critical,Abdullah Al-Zahrani,Khobar,2024-03-30,2024-03-30,26,1.9,Closed,3,0.0,Resolved,0.0,2024,March,2024-03,Very Fast,
TCK-000160,CUST-70712,Maha Al-Harbi,Branch,Billing,High,Turki Al-Subaie,Riyadh,2025-10-18,2025-10-18,45,11.5,Closed,4,0.0,Resolved,0.0,2025,October,2025-10,Fast,
TCK-000161,CUST-75556,Sara Al-Qahtani,Email,Technical Support,High,Huda Al-Anazi,Khobar,2024-11-01,,89,0.0,Open,0,0.0,Unresolved,,2024,November,2024-11,Moderate,729.0
TCK-000162,CUST-89288,Noura Al-Harbi,Social Media,General Inquiry,High,Sara Al-Dossari,Dammam,2026-01-24,,62,0.0,Pending,0,0.0,Unresolved,,2026,January,2026-01,Moderate,280.0
TCK-000163,CUST-49342,Khalid Al-Otaibi,Live Chat,Billing,High,Maha Al-Balawi,Jeddah,2025-09-17,2025-09-18,69,29.7,Resolved,5,0.0,Resolved,1.0,2025,September,2025-09,Moderate,
TCK-000164,CUST-39078,Aisha Al-Subaie,Unknown,Refund Request,High,Sara Al-Dossari,Jeddah,2024-09-04,2024-09-04,51,20.6,Resolved,4,0.0,Resolved,0.0,2024,September,2024-09,Fast,
TCK-000165,CUST-99608,Mohammed Al-Shehri,Unknown,Billing,Medium,Lama Al-Rashidi,Jeddah,2026-05-14,,170,0.0,Escalated,0,0.0,Unresolved,,2026,May,2026-05,Moderate,170.0
TCK-000166,CUST-18008,Mohammed Al-Shammari,Live Chat,Technical Support,High,Ahmed Al-Qahtani,Dammam,2026-03-19,2026-03-20,73,29.9,Resolved,4,0.0,Resolved,1.0,2026,March,2026-03,Moderate,
TCK-000167,CUST-64450,Sultan Al-Ghamdi,Email,Account Management,High,Fahad Al-Otaibi,Dammam,2026-10-08,,63,0.0,Escalated,0,0.0,Unresolved,,2026,October,2026-10,Moderate,23.0
TCK-000168,CUST-34241,Reem Al-Rashidi,WhatsApp,Technical Support,Low,Noura Al-Shammari,Buraidah,2024-01-15,,690,0.0,Escalated,0,0.0,Unresolved,,2024,January,2024-01,Slow,1020.0
TCK-000169,CUST-28608,Bandar Al-Malki,Phone,Technical Support,Low,Khalid Al-Ghamdi,Dammam,2025-01-08,2025-01-16,664,201.0,Resolved,3,0.0,Resolved,8.0,2025,January,2025-01,Slow,
TCK-000170,CUST-21110,Aisha Al-Ghamdi,Phone,Technical Support,High,Fahad Al-Otaibi,Riyadh,2026-06-28,2026-06-29,63,43.4,Resolved,5,0.0,Resolved,1.0,2026,June,2026-06,Moderate,
TCK-000171,CUST-40663,Huda Al-Malki,Email,Technical Support,Medium,Faisal Al-Shehri,Riyadh,2024-08-20,2024-08-20,211,14.9,Resolved,5,0.0,Resolved,0.0,2024,August,2024-08,Slow,
TCK-000172,CUST-40473,Hessa Al-Mutairi,Phone,Complaint,Medium,Sara Al-Dossari,Medina,2025-06-28,2025-06-28,250,16.0,Resolved,4,0.0,Resolved,0.0,2025,June,2025-06,Slow,
TCK-000173,CUST-20086,Faisal Al-Harbi,Social Media,General Inquiry,Medium,Sara Al-Dossari,Dammam,2026-06-01,2026-06-03,102,56.0,Closed,2,0.0,Resolved,2.0,2026,June,2026-06,Moderate,
TCK-000174,CUST-11782,Abdullah Al-Zahrani,Phone,Delivery Issue,Low,Sara Al-Dossari,Riyadh,2026-01-10,,55,0.0,Escalated,0,0.0,Unresolved,,2026,January,2026-01,Fast,294.0
TCK-000175,CUST-17461,Dana Al-Balawi,Social Media,Technical Support,Medium,Fahad Al-Otaibi,Jeddah,2025-08-12,,110,0.0,Pending,0,0.0,Unresolved,,2025,August,2025-08,Moderate,445.0
TCK-000176,CUST-18541,Dana Al-Dossari,Email,General Inquiry,Medium,Reem Al-Mutairi,Riyadh,2024-03-06,2024-03-07,149,30.8,Resolved,4,0.0,Resolved,1.0,2024,March,2024-03,Moderate,
TCK-000177,CUST-41743,Ahmed Al-Subaie,Social Media,Unknown,Low,Turki Al-Subaie,Unknown,2025-08-25,2025-08-29,642,106.4,Closed,4,0.0,Resolved,4.0,2025,August,2025-08,Slow,
TCK-000178,CUST-65887,Turki Al-Balawi,Phone,Technical Support,High,Maha Al-Balawi,Dammam,2025-11-22,2025-11-22,34,18.3,Resolved,5,0.0,Resolved,0.0,2025,November,2025-11,Fast,
TCK-000179,CUST-73594,Noura Al-Zahrani,Live Chat,Billing,Low,Mohammed Al-Harbi,Hail,2024-09-29,2024-10-07,41,207.2,Resolved,5,0.0,Resolved,8.0,2024,September,2024-09,Fast,
TCK-000180,CUST-30594,Lama Al-Shammari,Live Chat,General Inquiry,Critical,Noura Al-Shammari,Unknown,2025-05-18,2025-05-18,15,11.5,Resolved,3,0.0,Resolved,0.0,2025,May,2025-05,Very Fast,
TCK-000181,CUST-66325,Dana Al-Balawi,Phone,Billing,Medium,Yousef Al-Malki,Tabuk,2026-05-31,2026-06-01,45,47.4,Resolved,4,467.42,Resolved,1.0,2026,May,2026-05,Fast,
TCK-000182,CUST-59087,Turki Al-Subaie,Branch,General Inquiry,Low,Ahmed Al-Qahtani,Medina,2026-06-11,2026-06-18,143,180.5,Resolved,4,0.0,Resolved,7.0,2026,June,2026-06,Moderate,
TCK-000183,CUST-77950,Yousef Al-Qahtani,Phone,Technical Support,High,Turki Al-Subaie,Jeddah,2025-10-06,2025-10-07,49,45.3,Closed,5,0.0,Resolved,1.0,2025,October,2025-10,Fast,
TCK-000184,CUST-59433,Huda Al-Rashidi,Unknown,Delivery Issue,Medium,Ahmed Al-Qahtani,Dammam,2024-12-31,2025-01-01,60,42.9,Resolved,2,0.0,Resolved,1.0,2024,December,2024-12,Fast,
TCK-000185,CUST-34120,Sultan Al-Rashidi,Phone,Unknown,Low,Mohammed Al-Harbi,Dammam,2026-10-18,,72,0.0,Pending,0,0.0,Unresolved,,2026,October,2026-10,Moderate,13.0
TCK-000186,CUST-91281,Sara Al-Otaibi,Phone,Delivery Issue,Low,Fahad Al-Otaibi,Buraidah,2025-06-13,2025-06-18,104,137.5,Closed,5,1053.53,Resolved,5.0,2025,June,2025-06,Moderate,
TCK-000187,CUST-81758,Mohammed Al-Otaibi,Branch,General Inquiry,Medium,Abdullah Al-Zahrani,Riyadh,2024-11-19,2024-11-20,263,27.0,Resolved,5,0.0,Resolved,1.0,2024,November,2024-11,Slow,
TCK-000188,CUST-46297,Reem Al-Shehri,Live Chat,Technical Support,Low,Sara Al-Dossari,Riyadh,2024-04-20,2024-04-29,440,234.1,Resolved,5,0.0,Resolved,9.0,2024,April,2024-04,Slow,
TCK-000189,CUST-34148,Maha Al-Harbi,Phone,Technical Support,Low,Sara Al-Dossari,Hail,2025-06-11,,531,0.0,Open,0,0.0,Unresolved,,2025,June,2025-06,Slow,507.0
TCK-000190,CUST-51666,Aisha Al-Anazi,WhatsApp,Complaint,Low,Mohammed Al-Harbi,Jeddah,2026-05-07,2026-05-15,127,211.1,Resolved,3,0.0,Resolved,8.0,2026,May,2026-05,Moderate,
TCK-000191,CUST-27522,Lama Al-Qahtani,WhatsApp,Billing,Medium,Ahmed Al-Qahtani,Khobar,2024-11-10,2024-11-10,126,14.5,Closed,1,0.0,Resolved,0.0,2024,November,2024-11,Moderate,
TCK-000192,CUST-41447,Noura Al-Shehri,Live Chat,Billing,High,Abdullah Al-Zahrani,Medina,2024-08-20,2024-08-20,11,12.6,Resolved,5,1636.84,Resolved,0.0,2024,August,2024-08,Very Fast,
TCK-000193,CUST-67671,Mohammed Al-Dossari,Email,Billing,High,Noura Al-Shammari,Mecca,2026-07-18,2026-07-18,68,23.7,Resolved,5,0.0,Resolved,0.0,2026,July,2026-07,Moderate,
TCK-000194,CUST-62422,Yousef Al-Mutairi,Email,Technical Support,High,Reem Al-Mutairi,Medina,2026-08-04,2026-08-05,70,25.7,Closed,1,0.0,Resolved,1.0,2026,August,2026-08,Moderate,
TCK-000195,CUST-83135,Huda Al-Ghamdi,Phone,Technical Support,Medium,Huda Al-Anazi,Dammam,2025-06-05,,52,0.0,Open,0,0.0,Unresolved,,2025,June,2025-06,Fast,513.0
TCK-000196,CUST-22933,Sultan Al-Zahrani,Phone,Account Management,Critical,Mohammed Al-Harbi,Dammam,2026-03-14,2026-03-14,6,6.8,Resolved,2,0.0,Resolved,0.0,2026,March,2026-03,Very Fast,
TCK-000197,CUST-72551,Turki Al-Shammari,Email,Billing,Low,Fahad Al-Otaibi,Jeddah,2025-07-15,2025-07-24,112,235.5,Closed,5,0.0,Resolved,9.0,2025,July,2025-07,Moderate,
TCK-000198,CUST-29083,Yousef Al-Balawi,Email,Technical Support,Medium,Ahmed Al-Qahtani,Riyadh,2025-01-11,2025-01-13,292,56.7,Resolved,5,0.0,Resolved,2.0,2025,January,2025-01,Slow,
TCK-000199,CUST-39069,Yousef Al-Shammari,Email,Technical Support,Critical,Noura Al-Shammari,Medina,2025-10-10,2025-10-10,30,9.3,Resolved,5,0.0,Resolved,0.0,2025,October,2025-10,Very Fast,
TCK-000200,CUST-93227,Aisha Al-Otaibi,WhatsApp,General Inquiry,Critical,Fahad Al-Otaibi,Jeddah,2026-02-19,2026-02-19,25,10.5,Closed,4,0.0,Resolved,0.0,2026,February,2026-02,Very Fast,
TCK-000201,CUST-73105,Noura Al-Malki,Email,Account Management,Low,Fahad Al-Otaibi,Jeddah,2024-12-25,2024-12-26,216,32.7,Resolved,5,0.0,Resolved,1.0,2024,December,2024-12,Slow,
TCK-000202,CUST-86342,Dana Al-Qahtani,Phone,Technical Support,High,Ahmed Al-Qahtani,Riyadh,2026-09-19,2026-09-20,53,40.9,Resolved,4,0.0,Resolved,1.0,2026,September,2026-09,Fast,
TCK-000203,CUST-70018,Sara Al-Anazi,Unknown,Delivery Issue,Medium,Khalid Al-Ghamdi,Riyadh,2024-07-15,2024-07-18,63,79.9,Resolved,5,0.0,Resolved,3.0,2024,July,2024-07,Moderate,
TCK-000204,CUST-79848,Dana Al-Shammari,Phone,Billing,Low,Turki Al-Subaie,Tabuk,2024-09-27,2024-09-28,423,25.5,Closed,4,0.0,Resolved,1.0,2024,September,2024-09,Slow,
TCK-000205,CUST-54723,Hessa Al-Subaie,Phone,Billing,Low,Reem Al-Mutairi,Riyadh,2025-08-22,,221,0.0,Pending,0,0.0,Unresolved,,2025,August,2025-08,Slow,435.0
TCK-000206,CUST-97468,Ahmed Al-Qahtani,WhatsApp,Technical Support,Medium,Noura Al-Shammari,Jeddah,2024-07-27,2024-07-30,108,75.4,Closed,2,0.0,Resolved,3.0,2024,July,2024-07,Moderate,
TCK-000207,CUST-91999,Hessa Al-Shammari,Phone,Billing,Medium,Huda Al-Anazi,Jeddah,2025-01-28,2025-02-01,70,104.6,Resolved,5,0.0,Resolved,4.0,2025,January,2025-01,Moderate,
TCK-000208,CUST-21159,Nasser Al-Shammari,Live Chat,General Inquiry,Medium,Abdullah Al-Zahrani,Riyadh,2025-12-19,2025-12-21,176,60.0,Resolved,5,0.0,Resolved,2.0,2025,December,2025-12,Moderate,
TCK-000209,CUST-18634,Abdullah Al-Mutairi,Live Chat,Account Management,Critical,Mohammed Al-Harbi,Tabuk,2025-07-16,2025-07-16,16,1.0,Resolved,1,0.0,Resolved,0.0,2025,July,2025-07,Very Fast,
TCK-000210,CUST-13858,Maha Al-Malki,Live Chat,Billing,Medium,Reem Al-Mutairi,Riyadh,2026-05-08,2026-05-12,81,101.4,Resolved,5,0.0,Resolved,4.0,2026,May,2026-05,Moderate,
TCK-000211,CUST-56887,Dana Al-Qahtani,Phone,Technical Support,Low,Mohammed Al-Harbi,Mecca,2025-04-30,2025-05-02,685,63.4,Resolved,4,0.0,Resolved,2.0,2025,April,2025-04,Slow,
TCK-000212,CUST-92456,Ahmed Al-Shammari,Live Chat,Refund Request,Low,Yousef Al-Malki,Unknown,2025-06-18,,594,0.0,Pending,0,0.0,Unresolved,,2025,June,2025-06,Slow,500.0
TCK-000213,CUST-56295,Reem Al-Subaie,Email,Technical Support,Low,Faisal Al-Shehri,Jeddah,2025-05-27,,397,0.0,Escalated,0,0.0,Unresolved,,2025,May,2025-05,Slow,522.0
TCK-000214,CUST-26079,Hessa Al-Rashidi,Live Chat,Billing,Critical,Reem Al-Mutairi,Riyadh,2026-07-08,2026-07-08,3,11.0,Resolved,5,0.0,Resolved,0.0,2026,July,2026-07,Very Fast,
TCK-000215,CUST-10363,Fahad Al-Zahrani,Branch,Billing,Medium,Fahad Al-Otaibi,Jeddah,2026-02-16,2026-02-17,216,36.2,Resolved,4,0.0,Resolved,1.0,2026,February,2026-02,Slow,
TCK-000216,CUST-43219,Aisha Al-Mutairi,Phone,Billing,Medium,Noura Al-Shammari,Khobar,2025-10-13,2025-10-14,299,39.3,Resolved,1,0.0,Resolved,1.0,2025,October,2025-10,Slow,
TCK-000217,CUST-57030,Bandar Al-Balawi,WhatsApp,Delivery Issue,Medium,Mohammed Al-Harbi,Medina,2024-04-10,2024-04-13,299,88.9,Closed,5,1038.79,Resolved,3.0,2024,April,2024-04,Slow,
TCK-000218,CUST-61204,Khalid Al-Anazi,Phone,Billing,Low,Yousef Al-Malki,Jeddah,2026-06-13,2026-06-21,707,206.6,Resolved,3,0.0,Resolved,8.0,2026,June,2026-06,Slow,
TCK-000219,CUST-90764,Yousef Al-Balawi,Live Chat,General Inquiry,Low,Fahad Al-Otaibi,Buraidah,2024-05-03,,56,0.0,Pending,0,0.0,Unresolved,,2024,May,2024-05,Fast,911.0
TCK-000220,CUST-53813,Bandar Al-Harbi,Live Chat,Technical Support,Critical,Reem Al-Mutairi,Riyadh,2024-10-30,2024-10-30,4,3.8,Closed,5,0.0,Resolved,0.0,2024,October,2024-10,Very Fast,
TCK-000221,CUST-14192,Faisal Al-Balawi,Email,Technical Support,Low,Mohammed Al-Harbi,Jeddah,2026-04-28,,678,0.0,Escalated,0,0.0,Unresolved,,2026,April,2026-04,Slow,186.0
TCK-000222,CUST-99027,Huda Al-Zahrani,Social Media,Billing,Medium,Khalid Al-Ghamdi,Tabuk,2024-04-04,2024-04-06,183,66.9,Closed,5,1818.14,Resolved,2.0,2024,April,2024-04,Slow,
TCK-000223,CUST-92972,Khalid Al-Qahtani,Phone,Billing,Medium,Ahmed Al-Qahtani,Unknown,2025-07-18,2025-07-20,216,67.8,Resolved,4,0.0,Resolved,2.0,2025,July,2025-07,Slow,
TCK-000224,CUST-26300,Dana Al-Shehri,Email,Technical Support,Low,Khalid Al-Ghamdi,Riyadh,2025-07-19,,578,0.0,Escalated,0,0.0,Unresolved,,2025,July,2025-07,Slow,469.0
TCK-000225,CUST-84905,Khalid Al-Harbi,Email,Complaint,Medium,Maha Al-Balawi,Dammam,2025-04-11,2025-04-15,160,97.4,Resolved,4,0.0,Resolved,4.0,2025,April,2025-04,Moderate,
TCK-000226,CUST-39722,Bandar Al-Ghamdi,Email,Unknown,High,Noura Al-Shammari,Mecca,2025-05-10,2025-05-11,25,24.5,Resolved,5,2366.97,Resolved,1.0,2025,May,2025-05,Very Fast,
TCK-000227,CUST-29505,Sara Al-Shammari,Phone,General Inquiry,Medium,Lama Al-Rashidi,Riyadh,2024-01-09,,39,0.0,Pending,0,0.0,Unresolved,,2024,January,2024-01,Fast,1026.0
TCK-000228,CUST-31175,Huda Al-Subaie,Phone,Complaint,High,Faisal Al-Shehri,Riyadh,2025-11-23,,39,0.0,Escalated,0,0.0,Unresolved,,2025,November,2025-11,Fast,342.0
TCK-000229,CUST-48048,Ahmed Al-Dossari,Phone,Billing,Medium,Turki Al-Subaie,Dammam,2024-12-17,,69,0.0,Pending,0,0.0,Unresolved,,2024,December,2024-12,Moderate,683.0
TCK-000230,CUST-83956,Huda Al-Dossari,Social Media,Delivery Issue,High,Noura Al-Shammari,Jeddah,2025-05-18,2025-05-18,61,18.4,Resolved,5,3869.25,Resolved,0.0,2025,May,2025-05,Moderate,
TCK-000231,CUST-80986,Noura Al-Qahtani,Email,Technical Support,High,Sara Al-Dossari,Jeddah,2024-07-15,,66,0.0,Open,0,0.0,Unresolved,,2024,July,2024-07,Moderate,838.0
TCK-000232,CUST-81466,Faisal Al-Shammari,Phone,Technical Support,Medium,Yousef Al-Malki,Riyadh,2024-09-02,,96,0.0,Open,0,0.0,Unresolved,,2024,September,2024-09,Moderate,789.0
TCK-000233,CUST-91683,Abdullah Al-Anazi,Live Chat,Technical Support,Medium,Faisal Al-Shehri,Riyadh,2025-11-16,2025-11-20,254,112.0,Closed,2,0.0,Resolved,4.0,2025,November,2025-11,Slow,
TCK-000234,CUST-28023,Mohammed Al-Harbi,Email,Technical Support,Low,Fahad Al-Otaibi,Hail,2024-07-09,2024-07-18,439,222.1,Resolved,4,0.0,Resolved,9.0,2024,July,2024-07,Slow,
TCK-000235,CUST-67217,Khalid Al-Shammari,Phone,Billing,Low,Mohammed Al-Harbi,Riyadh,2025-10-28,,352,0.0,Escalated,0,0.0,Unresolved,,2025,October,2025-10,Slow,368.0
TCK-000236,CUST-29435,Lama Al-Zahrani,Email,Billing,High,Sara Al-Dossari,Medina,2025-12-01,2025-12-01,21,17.7,Resolved,2,0.0,Resolved,0.0,2025,December,2025-12,Very Fast,
TCK-000237,CUST-21372,Sultan Al-Shehri,Live Chat,Billing,High,Sara Al-Dossari,Riyadh,2025-02-14,,73,0.0,Open,0,0.0,Unresolved,,2025,February,2025-02,Moderate,624.0
TCK-000238,CUST-97787,Khalid Al-Ghamdi,Social Media,Account Management,Low,Khalid Al-Ghamdi,Dammam,2024-07-21,2024-07-28,83,175.9,Closed,3,0.0,Resolved,7.0,2024,July,2024-07,Moderate,
TCK-000239,CUST-43379,Mohammed Al-Malki,Live Chat,Complaint,Medium,Yousef Al-Malki,Riyadh,2025-07-16,2025-07-18,214,50.6,Closed,5,0.0,Resolved,2.0,2025,July,2025-07,Slow,
TCK-000240,CUST-21925,Turki Al-Shammari,Phone,General Inquiry,Medium,Mohammed Al-Harbi,Riyadh,2026-08-16,2026-08-20,212,111.5,Resolved,5,0.0,Resolved,4.0,2026,August,2026-08,Slow,
TCK-000241,CUST-55402,Lama Al-Dossari,Email,Billing,Low,Fahad Al-Otaibi,Dammam,2025-06-18,2025-06-25,279,170.4,Resolved,4,331.56,Resolved,7.0,2025,June,2025-06,Slow,
TCK-000242,CUST-77922,Aisha Al-Mutairi,Live Chat,Unknown,High,Faisal Al-Shehri,Jeddah,2024-07-08,2024-07-09,74,31.9,Closed,5,0.0,Resolved,1.0,2024,July,2024-07,Moderate,
TCK-000243,CUST-84917,Noura Al-Rashidi,Branch,Billing,Low,Khalid Al-Ghamdi,Jeddah,2026-08-09,2026-08-11,526,51.3,Resolved,4,0.0,Resolved,2.0,2026,August,2026-08,Slow,
TCK-000244,CUST-87984,Bandar Al-Ghamdi,Email,Account Management,Medium,Yousef Al-Malki,Riyadh,2025-06-21,2025-06-21,108,7.6,Closed,1,0.0,Resolved,0.0,2025,June,2025-06,Moderate,
TCK-000245,CUST-57959,Khalid Al-Zahrani,Phone,Account Management,Medium,Fahad Al-Otaibi,Dammam,2024-02-09,,236,0.0,Pending,0,0.0,Unresolved,,2024,February,2024-02,Slow,995.0
TCK-000246,CUST-85711,Yousef Al-Balawi,WhatsApp,Billing,Medium,Ahmed Al-Qahtani,Dammam,2025-08-24,2025-08-28,140,96.3,Closed,3,0.0,Resolved,4.0,2025,August,2025-08,Moderate,
TCK-000247,CUST-14209,Turki Al-Shammari,WhatsApp,Technical Support,High,Faisal Al-Shehri,Riyadh,2026-10-18,,76,0.0,Open,0,0.0,Unresolved,,2026,October,2026-10,Moderate,13.0
TCK-000248,CUST-44090,Mohammed Al-Harbi,Phone,Delivery Issue,Medium,Khalid Al-Ghamdi,Riyadh,2025-07-15,2025-07-19,89,110.6,Closed,5,3581.5,Resolved,4.0,2025,July,2025-07,Moderate,
TCK-000249,CUST-47695,Reem Al-Dossari,Branch,Technical Support,High,Huda Al-Anazi,Hail,2025-08-17,2025-08-17,78,13.6,Resolved,5,0.0,Resolved,0.0,2025,August,2025-08,Moderate,
TCK-000250,CUST-23976,Khalid Al-Shammari,Live Chat,Technical Support,Critical,Yousef Al-Malki,Unknown,2024-05-13,2024-05-13,7,9.2,Resolved,4,0.0,Resolved,0.0,2024,May,2024-05,Very Fast,
TCK-000251,CUST-15653,Yousef Al-Rashidi,Phone,Delivery Issue,Medium,Ahmed Al-Qahtani,Jeddah,2025-05-23,,128,0.0,Open,0,0.0,Unresolved,,2025,May,2025-05,Moderate,526.0
TCK-000252,CUST-37655,Bandar Al-Rashidi,Phone,Account Management,Medium,Fahad Al-Otaibi,Riyadh,2025-01-25,,223,0.0,Pending,0,0.0,Unresolved,,2025,January,2025-01,Slow,644.0
TCK-000253,CUST-59782,Noura Al-Mutairi,Email,General Inquiry,Medium,Sara Al-Dossari,Dammam,2026-05-24,,287,0.0,Escalated,0,0.0,Unresolved,,2026,May,2026-05,Slow,160.0
TCK-000254,CUST-86134,Abdullah Al-Malki,WhatsApp,Complaint,Low,Lama Al-Rashidi,Buraidah,2026-07-29,2026-08-02,591,109.0,Resolved,4,0.0,Resolved,4.0,2026,July,2026-07,Slow,
TCK-000255,CUST-78372,Sara Al-Rashidi,Live Chat,General Inquiry,High,Khalid Al-Ghamdi,Dammam,2024-09-12,2024-09-12,51,4.5,Resolved,4,0.0,Resolved,0.0,2024,September,2024-09,Fast,
TCK-000256,CUST-10787,Ahmed Al-Rashidi,Live Chat,General Inquiry,Medium,Sara Al-Dossari,Khobar,2025-05-11,2025-05-14,131,87.0,Resolved,5,0.0,Resolved,3.0,2025,May,2025-05,Moderate,
TCK-000257,CUST-39299,Khalid Al-Anazi,Live Chat,Refund Request,High,Faisal Al-Shehri,Riyadh,2024-11-14,2024-11-14,31,2.4,Resolved,2,0.0,Resolved,0.0,2024,November,2024-11,Fast,
TCK-000258,CUST-83464,Mohammed Al-Harbi,Phone,Account Management,Low,Mohammed Al-Harbi,Abha,2025-06-05,2025-06-06,353,35.2,Closed,4,0.0,Resolved,1.0,2025,June,2025-06,Slow,
TCK-000259,CUST-43813,Ahmed Al-Anazi,Email,Technical Support,High,Lama Al-Rashidi,Dammam,2026-01-10,2026-01-11,47,32.9,Closed,5,0.0,Resolved,1.0,2026,January,2026-01,Fast,
TCK-000260,CUST-70828,Reem Al-Otaibi,WhatsApp,Billing,Low,Khalid Al-Ghamdi,Medina,2024-04-10,,211,0.0,Pending,0,0.0,Unresolved,,2024,April,2024-04,Slow,934.0
TCK-000261,CUST-24846,Sara Al-Malki,WhatsApp,Refund Request,Critical,Yousef Al-Malki,Medina,2026-05-18,2026-05-18,10,6.6,Resolved,5,0.0,Resolved,0.0,2026,May,2026-05,Very Fast,
TCK-000262,CUST-39342,Sultan Al-Dossari,WhatsApp,Billing,Low,Khalid Al-Ghamdi,Dammam,2024-09-24,2024-10-01,270,168.2,Resolved,4,0.0,Resolved,7.0,2024,September,2024-09,Slow,
TCK-000263,CUST-22052,Lama Al-Ghamdi,Email,Unknown,High,Sara Al-Dossari,Medina,2026-09-09,2026-09-09,57,14.1,Resolved,1,1387.48,Resolved,0.0,2026,September,2026-09,Fast,
TCK-000264,CUST-40167,Noura Al-Qahtani,Live Chat,Billing,Low,Noura Al-Shammari,Riyadh,2025-07-07,2025-07-07,352,17.6,Closed,4,0.0,Resolved,0.0,2025,July,2025-07,Slow,
TCK-000265,CUST-68440,Noura Al-Ghamdi,WhatsApp,General Inquiry,Critical,Fahad Al-Otaibi,Dammam,2024-02-22,2024-02-22,18,5.7,Resolved,2,0.0,Resolved,0.0,2024,February,2024-02,Very Fast,
TCK-000266,CUST-74366,Khalid Al-Subaie,Phone,Technical Support,High,Sara Al-Dossari,Medina,2026-07-15,2026-07-15,22,19.9,Resolved,5,0.0,Resolved,0.0,2026,July,2026-07,Very Fast,
TCK-000267,CUST-81125,Aisha Al-Ghamdi,Live Chat,Technical Support,Medium,Reem Al-Mutairi,Riyadh,2025-11-17,,154,0.0,Open,0,0.0,Unresolved,,2025,November,2025-11,Moderate,348.0
TCK-000268,CUST-54289,Nasser Al-Qahtani,Social Media,Account Management,Medium,Reem Al-Mutairi,Khobar,2024-05-24,2024-05-28,300,119.2,Resolved,4,0.0,Resolved,4.0,2024,May,2024-05,Slow,
TCK-000269,CUST-95072,Noura Al-Qahtani,Email,Delivery Issue,Medium,Faisal Al-Shehri,Khobar,2026-10-30,2026-10-31,71,32.5,Resolved,4,0.0,Resolved,1.0,2026,October,2026-10,Moderate,
TCK-000270,CUST-35720,Nasser Al-Balawi,WhatsApp,Billing,Low,Noura Al-Shammari,Dammam,2025-05-04,2025-05-08,485,114.9,Closed,5,4033.31,Resolved,4.0,2025,May,2025-05,Slow,
TCK-000271,CUST-91282,Turki Al-Rashidi,WhatsApp,Complaint,Low,Ahmed Al-Qahtani,Jeddah,2024-05-16,2024-05-23,148,191.7,Closed,4,0.0,Resolved,7.0,2024,May,2024-05,Moderate,
TCK-000272,CUST-34271,Aisha Al-Dossari,Social Media,Technical Support,Medium,Maha Al-Balawi,Riyadh,2025-08-16,2025-08-17,128,31.0,Resolved,4,0.0,Resolved,1.0,2025,August,2025-08,Moderate,
TCK-000273,CUST-95603,Faisal Al-Subaie,Unknown,Complaint,Critical,Turki Al-Subaie,Riyadh,2024-04-14,2024-04-14,15,5.7,Resolved,4,1812.65,Resolved,0.0,2024,April,2024-04,Very Fast,
TCK-000274,CUST-10350,Aisha Al-Subaie,Live Chat,Complaint,Medium,Noura Al-Shammari,Tabuk,2026-06-24,,236,0.0,Pending,0,0.0,Unresolved,,2026,June,2026-06,Slow,129.0
TCK-000275,CUST-70678,Abdullah Al-Malki,Phone,General Inquiry,Medium,Abdullah Al-Zahrani,Riyadh,2026-06-19,2026-06-21,290,60.8,Resolved,2,0.0,Resolved,2.0,2026,June,2026-06,Slow,
TCK-000276,CUST-85757,Ahmed Al-Zahrani,Email,General Inquiry,Critical,Yousef Al-Malki,Tabuk,2025-07-25,2025-07-25,25,3.1,Resolved,4,0.0,Resolved,0.0,2025,July,2025-07,Very Fast,
TCK-000277,CUST-22142,Reem Al-Anazi,Phone,General Inquiry,Medium,Turki Al-Subaie,Hail,2026-03-21,2026-03-24,166,72.2,Resolved,4,0.0,Resolved,3.0,2026,March,2026-03,Moderate,
TCK-000278,CUST-75287,Khalid Al-Balawi,Phone,Technical Support,Low,Noura Al-Shammari,Hail,2024-04-11,2024-04-17,455,148.7,Resolved,3,0.0,Resolved,6.0,2024,April,2024-04,Slow,
TCK-000279,CUST-13236,Ahmed Al-Shammari,Social Media,General Inquiry,Low,Khalid Al-Ghamdi,Dammam,2026-01-26,2026-01-29,600,80.9,Resolved,5,0.0,Resolved,3.0,2026,January,2026-01,Slow,
TCK-000280,CUST-77862,Abdullah Al-Malki,Email,General Inquiry,Low,Faisal Al-Shehri,Riyadh,2025-10-16,2025-10-23,256,171.7,Closed,4,0.0,Resolved,7.0,2025,October,2025-10,Slow,
TCK-000281,CUST-69709,Lama Al-Anazi,Email,Technical Support,Low,Reem Al-Mutairi,Dammam,2026-08-16,,321,0.0,Open,0,0.0,Unresolved,,2026,August,2026-08,Slow,76.0
TCK-000282,CUST-34526,Faisal Al-Dossari,Email,Technical Support,Medium,Khalid Al-Ghamdi,Jeddah,2025-03-29,2025-04-02,92,106.5,Resolved,4,0.0,Resolved,4.0,2025,March,2025-03,Moderate,
TCK-000283,CUST-70768,Faisal Al-Rashidi,Unknown,Complaint,High,Ahmed Al-Qahtani,Jeddah,2025-08-16,2025-08-16,73,5.2,Resolved,5,1758.68,Resolved,0.0,2025,August,2025-08,Moderate,
TCK-000284,CUST-33326,Ahmed Al-Shehri,Live Chat,Technical Support,High,Huda Al-Anazi,Jeddah,2024-04-27,2024-04-28,13,40.4,Closed,5,0.0,Resolved,1.0,2024,April,2024-04,Very Fast,
TCK-000285,CUST-53660,Faisal Al-Qahtani,Live Chat,Technical Support,Critical,Maha Al-Balawi,Riyadh,2024-02-14,,11,0.0,Open,0,0.0,Unresolved,,2024,February,2024-02,Very Fast,990.0
TCK-000286,CUST-49518,Faisal Al-Rashidi,Branch,Refund Request,Medium,Noura Al-Shammari,Riyadh,2025-10-20,2025-10-22,137,68.2,Resolved,5,0.0,Resolved,2.0,2025,October,2025-10,Moderate,
TCK-000287,CUST-98142,Sultan Al-Malki,Email,Unknown,Medium,Noura Al-Shammari,Dammam,2024-01-18,2024-01-21,218,93.7,Closed,5,0.0,Resolved,3.0,2024,January,2024-01,Slow,
TCK-000288,CUST-46070,Hessa Al-Ghamdi,WhatsApp,General Inquiry,Medium,Khalid Al-Ghamdi,Riyadh,2025-04-03,2025-04-05,128,66.5,Resolved,3,0.0,Resolved,2.0,2025,April,2025-04,Moderate,
TCK-000289,CUST-90885,Ahmed Al-Subaie,Social Media,Technical Support,High,Faisal Al-Shehri,Buraidah,2024-01-21,,32,0.0,Pending,0,0.0,Unresolved,,2024,January,2024-01,Fast,1014.0
TCK-000290,CUST-31358,Bandar Al-Rashidi,WhatsApp,Delivery Issue,Medium,Fahad Al-Otaibi,Jeddah,2026-08-28,2026-08-30,287,67.5,Resolved,3,1881.75,Resolved,2.0,2026,August,2026-08,Slow,
TCK-000291,CUST-10785,Noura Al-Shammari,Social Media,General Inquiry,Medium,Turki Al-Subaie,Riyadh,2025-09-19,2025-09-20,67,33.5,Resolved,4,0.0,Resolved,1.0,2025,September,2025-09,Moderate,
TCK-000292,CUST-85302,Huda Al-Mutairi,Phone,Account Management,Medium,Maha Al-Balawi,Dammam,2024-03-05,,251,0.0,Pending,0,0.0,Unresolved,,2024,March,2024-03,Slow,970.0
TCK-000293,CUST-56631,Huda Al-Anazi,Email,Billing,High,Noura Al-Shammari,Jeddah,2025-07-24,,42,0.0,Pending,0,0.0,Unresolved,,2025,July,2025-07,Fast,464.0
TCK-000294,CUST-12466,Sara Al-Subaie,WhatsApp,Refund Request,Medium,Sara Al-Dossari,Mecca,2024-02-06,2024-02-08,65,54.4,Closed,5,0.0,Resolved,2.0,2024,February,2024-02,Moderate,
TCK-000295,CUST-97643,Bandar Al-Dossari,Live Chat,Billing,High,Noura Al-Shammari,Dammam,2024-11-30,2024-12-01,72,29.2,Resolved,3,0.0,Resolved,1.0,2024,November,2024-11,Moderate,
TCK-000296,CUST-41799,Dana Al-Otaibi,Phone,Refund Request,Low,Turki Al-Subaie,Dammam,2025-10-31,2025-11-09,714,220.8,Resolved,3,3088.31,Resolved,9.0,2025,October,2025-10,Slow,
TCK-000297,CUST-13248,Nasser Al-Subaie,Live Chat,Complaint,High,Sara Al-Dossari,Hail,2026-02-20,2026-02-20,26,4.9,Resolved,2,0.0,Resolved,0.0,2026,February,2026-02,Very Fast,
TCK-000298,CUST-60612,Ahmed Al-Shammari,WhatsApp,Technical Support,Medium,Faisal Al-Shehri,Khobar,2026-06-26,,196,0.0,Pending,0,0.0,Unresolved,,2026,June,2026-06,Slow,127.0
TCK-000299,CUST-66158,Abdullah Al-Anazi,Unknown,General Inquiry,High,Huda Al-Anazi,Khobar,2026-10-07,,71,0.0,Open,0,0.0,Unresolved,,2026,October,2026-10,Moderate,24.0
TCK-000300,CUST-70672,Maha Al-Harbi,Phone,Delivery Issue,Medium,Abdullah Al-Zahrani,Riyadh,2024-08-13,2024-08-15,76,62.6,Resolved,2,0.0,Resolved,2.0,2024,August,2024-08,Moderate,
TCK-000301,CUST-90137,Noura Al-Balawi,WhatsApp,Account Management,Low,Noura Al-Shammari,Jeddah,2024-05-08,2024-05-13,204,122.0,Closed,5,0.0,Resolved,5.0,2024,May,2024-05,Slow,
TCK-000302,CUST-12281,Turki Al-Anazi,Email,General Inquiry,Medium,Huda Al-Anazi,Abha,2024-04-06,2024-04-09,191,95.3,Resolved,4,0.0,Resolved,3.0,2024,April,2024-04,Slow,
TCK-000303,CUST-36236,Fahad Al-Shehri,Live Chat,Unknown,High,Turki Al-Subaie,Tabuk,2025-09-06,2025-09-06,42,19.8,Resolved,5,0.0,Resolved,0.0,2025,September,2025-09,Fast,
TCK-000304,CUST-65257,Mohammed Al-Mutairi,Email,Complaint,Low,Reem Al-Mutairi,Dammam,2025-07-28,2025-08-03,659,147.0,Resolved,3,0.0,Resolved,6.0,2025,July,2025-07,Slow,
TCK-000305,CUST-16298,Dana Al-Dossari,Phone,General Inquiry,Low,Ahmed Al-Qahtani,Khobar,2024-12-22,2024-12-28,585,145.9,Closed,2,0.0,Resolved,6.0,2024,December,2024-12,Slow,
TCK-000306,CUST-42089,Turki Al-Otaibi,Live Chat,Technical Support,High,Sara Al-Dossari,Jeddah,2026-05-29,2026-05-30,42,44.0,Resolved,4,0.0,Resolved,1.0,2026,May,2026-05,Fast,
TCK-000307,CUST-80541,Yousef Al-Anazi,Live Chat,Account Management,Medium,Mohammed Al-Harbi,Dammam,2025-06-01,,162,0.0,Open,0,0.0,Unresolved,,2025,June,2025-06,Moderate,517.0
TCK-000308,CUST-15725,Yousef Al-Malki,Live Chat,Complaint,High,Noura Al-Shammari,Khobar,2025-07-04,2025-07-05,58,36.3,Closed,1,0.0,Resolved,1.0,2025,July,2025-07,Fast,
TCK-000309,CUST-90463,Turki Al-Mutairi,Live Chat,Technical Support,Critical,Noura Al-Shammari,Hail,2025-07-21,,18,0.0,Escalated,0,0.0,Unresolved,,2025,July,2025-07,Very Fast,467.0
TCK-000310,CUST-18038,Reem Al-Shehri,Phone,Billing,Medium,Abdullah Al-Zahrani,Riyadh,2024-09-08,2024-09-11,216,94.8,Resolved,4,1813.62,Resolved,3.0,2024,September,2024-09,Slow,
TCK-000311,CUST-53719,Faisal Al-Otaibi,Branch,Technical Support,High,Mohammed Al-Harbi,Jeddah,2025-10-18,,31,0.0,Pending,0,0.0,Unresolved,,2025,October,2025-10,Fast,378.0
TCK-000312,CUST-36341,Noura Al-Harbi,Phone,General Inquiry,Low,Yousef Al-Malki,Jeddah,2026-09-17,2026-09-26,605,230.1,Resolved,4,0.0,Resolved,9.0,2026,September,2026-09,Slow,
TCK-000313,CUST-74603,Huda Al-Shammari,WhatsApp,Refund Request,Medium,Maha Al-Balawi,Jeddah,2025-08-27,2025-08-31,110,106.0,Resolved,4,0.0,Resolved,4.0,2025,August,2025-08,Moderate,
TCK-000314,CUST-90332,Fahad Al-Zahrani,Phone,Billing,Low,Noura Al-Shammari,Dammam,2024-05-14,,649,0.0,Pending,0,0.0,Unresolved,,2024,May,2024-05,Slow,900.0
TCK-000315,CUST-90855,Sultan Al-Zahrani,Live Chat,Complaint,Low,Khalid Al-Ghamdi,Riyadh,2024-12-09,2024-12-14,217,130.7,Closed,5,0.0,Resolved,5.0,2024,December,2024-12,Slow,
TCK-000316,CUST-47433,Bandar Al-Balawi,Live Chat,Account Management,High,Sara Al-Dossari,Khobar,2025-06-17,2025-06-17,34,9.8,Resolved,2,0.0,Resolved,0.0,2025,June,2025-06,Fast,
TCK-000317,CUST-42927,Fahad Al-Qahtani,Live Chat,General Inquiry,High,Huda Al-Anazi,Jeddah,2025-09-30,,39,0.0,Pending,0,0.0,Unresolved,,2025,September,2025-09,Fast,396.0
TCK-000318,CUST-49823,Lama Al-Anazi,Live Chat,General Inquiry,Medium,Khalid Al-Ghamdi,Medina,2025-05-09,2025-05-10,222,41.4,Closed,4,0.0,Resolved,1.0,2025,May,2025-05,Slow,
TCK-000319,CUST-57888,Lama Al-Malki,Social Media,Billing,Low,Huda Al-Anazi,Jeddah,2025-09-08,,84,0.0,Escalated,0,0.0,Unresolved,,2025,September,2025-09,Moderate,418.0
TCK-000320,CUST-96588,Yousef Al-Malki,Unknown,Technical Support,High,Ahmed Al-Qahtani,Riyadh,2024-03-13,2024-03-14,30,45.9,Closed,2,0.0,Resolved,1.0,2024,March,2024-03,Very Fast,
TCK-000321,CUST-89299,Yousef Al-Shehri,Live Chat,Account Management,Medium,Maha Al-Balawi,Dammam,2026-09-19,2026-09-20,176,41.8,Resolved,3,0.0,Resolved,1.0,2026,September,2026-09,Moderate,
TCK-000322,CUST-20748,Maha Al-Qahtani,Email,Billing,Low,Ahmed Al-Qahtani,Riyadh,2024-07-07,,486,0.0,Open,0,0.0,Unresolved,,2024,July,2024-07,Slow,846.0
TCK-000323,CUST-90444,Mohammed Al-Harbi,Phone,Complaint,Medium,Ahmed Al-Qahtani,Unknown,2026-07-07,2026-07-10,128,94.9,Closed,5,0.0,Resolved,3.0,2026,July,2026-07,Moderate,
TCK-000324,CUST-82834,Khalid Al-Malki,WhatsApp,Billing,Low,Huda Al-Anazi,Mecca,2024-09-09,2024-09-18,386,216.9,Resolved,5,0.0,Resolved,9.0,2024,September,2024-09,Slow,
TCK-000325,CUST-53527,Bandar Al-Shehri,Branch,General Inquiry,Low,Noura Al-Shammari,Riyadh,2026-06-23,2026-07-02,392,223.8,Resolved,4,0.0,Resolved,9.0,2026,June,2026-06,Slow,
TCK-000326,CUST-56074,Khalid Al-Anazi,WhatsApp,Technical Support,High,Noura Al-Shammari,Jeddah,2026-06-20,2026-06-20,46,8.0,Resolved,2,0.0,Resolved,0.0,2026,June,2026-06,Fast,
TCK-000327,CUST-44637,Reem Al-Shammari,Live Chat,Refund Request,High,Maha Al-Balawi,Medina,2025-03-27,2025-03-28,88,46.7,Resolved,2,0.0,Resolved,1.0,2025,March,2025-03,Moderate,
TCK-000328,CUST-11594,Reem Al-Qahtani,Phone,Account Management,Low,Faisal Al-Shehri,Riyadh,2025-07-09,2025-07-18,242,220.0,Resolved,2,0.0,Resolved,9.0,2025,July,2025-07,Slow,
TCK-000329,CUST-77855,Bandar Al-Ghamdi,Phone,Billing,Medium,Khalid Al-Ghamdi,Dammam,2025-01-22,,133,0.0,Open,0,0.0,Unresolved,,2025,January,2025-01,Moderate,647.0
TCK-000330,CUST-79298,Sara Al-Qahtani,Phone,Technical Support,Critical,Faisal Al-Shehri,Khobar,2024-02-15,,19,0.0,Pending,0,0.0,Unresolved,,2024,February,2024-02,Very Fast,989.0
TCK-000331,CUST-90531,Dana Al-Mutairi,Phone,General Inquiry,Low,Reem Al-Mutairi,Riyadh,2026-07-29,2026-08-06,488,192.3,Closed,4,0.0,Resolved,8.0,2026,July,2026-07,Slow,
TCK-000332,CUST-79066,Bandar Al-Shehri,Phone,Technical Support,Medium,Noura Al-Shammari,Unknown,2024-05-28,,231,0.0,Escalated,0,0.0,Unresolved,,2024,May,2024-05,Slow,886.0
TCK-000333,CUST-66663,Reem Al-Zahrani,Branch,Billing,Critical,Reem Al-Mutairi,Mecca,2024-01-03,2024-01-03,22,3.0,Resolved,4,4457.6,Resolved,0.0,2024,January,2024-01,Very Fast,
TCK-000334,CUST-66534,Huda Al-Mutairi,Phone,Complaint,Low,Yousef Al-Malki,Jeddah,2024-07-01,,339,0.0,Escalated,0,0.0,Unresolved,,2024,July,2024-07,Slow,852.0
TCK-000335,CUST-82522,Lama Al-Harbi,Unknown,Technical Support,Medium,Lama Al-Rashidi,Buraidah,2026-05-12,2026-05-16,57,111.8,Resolved,3,0.0,Resolved,4.0,2026,May,2026-05,Fast,
TCK-000336,CUST-28709,Huda Al-Mutairi,Branch,Billing,High,Maha Al-Balawi,Jeddah,2024-03-07,2024-03-07,66,6.0,Resolved,2,0.0,Resolved,0.0,2024,March,2024-03,Moderate,
TCK-000337,CUST-24792,Faisal Al-Shehri,Email,Billing,Medium,Abdullah Al-Zahrani,Khobar,2025-12-02,2025-12-06,211,112.4,Resolved,3,0.0,Resolved,4.0,2025,December,2025-12,Slow,
TCK-000338,CUST-17105,Mohammed Al-Subaie,Email,General Inquiry,High,Sara Al-Dossari,Riyadh,2024-11-07,2024-11-08,15,27.4,Closed,2,0.0,Resolved,1.0,2024,November,2024-11,Very Fast,
TCK-000339,CUST-11560,Khalid Al-Qahtani,Phone,Complaint,Critical,Huda Al-Anazi,Mecca,2024-11-21,,23,0.0,Escalated,0,0.0,Unresolved,,2024,November,2024-11,Very Fast,709.0
TCK-000340,CUST-28022,Bandar Al-Shehri,Email,Complaint,Critical,Maha Al-Balawi,Abha,2026-01-26,2026-01-26,3,5.8,Closed,4,0.0,Resolved,0.0,2026,January,2026-01,Very Fast,
TCK-000341,CUST-43380,Huda Al-Shammari,Email,General Inquiry,High,Mohammed Al-Harbi,Riyadh,2026-10-13,2026-10-13,67,15.4,Resolved,2,0.0,Resolved,0.0,2026,October,2026-10,Moderate,
TCK-000342,CUST-60352,Reem Al-Otaibi,Phone,Complaint,Medium,Lama Al-Rashidi,Riyadh,2024-01-28,2024-01-29,236,40.3,Resolved,5,939.19,Resolved,1.0,2024,January,2024-01,Slow,
TCK-000343,CUST-27390,Mohammed Al-Harbi,WhatsApp,Technical Support,High,Khalid Al-Ghamdi,Abha,2024-06-05,2024-06-05,66,12.7,Closed,5,0.0,Resolved,0.0,2024,June,2024-06,Moderate,
TCK-000344,CUST-47430,Dana Al-Ghamdi,Unknown,Billing,Low,Khalid Al-Ghamdi,Riyadh,2026-01-14,2026-01-21,387,178.3,Resolved,5,1456.07,Resolved,7.0,2026,January,2026-01,Slow,
TCK-000345,CUST-31602,Khalid Al-Otaibi,Phone,Delivery Issue,Medium,Ahmed Al-Qahtani,Jeddah,2025-01-24,,171,0.0,Pending,0,0.0,Unresolved,,2025,January,2025-01,Moderate,645.0
TCK-000346,CUST-13923,Yousef Al-Subaie,Branch,General Inquiry,Medium,Lama Al-Rashidi,Riyadh,2024-09-01,2024-09-02,58,26.2,Resolved,3,0.0,Resolved,1.0,2024,September,2024-09,Fast,
TCK-000347,CUST-52192,Maha Al-Dossari,Social Media,General Inquiry,High,Lama Al-Rashidi,Jeddah,2024-06-01,2024-06-01,65,17.5,Closed,3,0.0,Resolved,0.0,2024,June,2024-06,Moderate,
TCK-000348,CUST-33365,Sara Al-Harbi,Live Chat,Unknown,High,Mohammed Al-Harbi,Jeddah,2024-11-24,,50,0.0,Pending,0,0.0,Unresolved,,2024,November,2024-11,Fast,706.0
TCK-000349,CUST-82957,Mohammed Al-Zahrani,Phone,Technical Support,High,Turki Al-Subaie,Dammam,2026-02-15,,35,0.0,Open,0,0.0,Unresolved,,2026,February,2026-02,Fast,258.0
TCK-000350,CUST-74030,Sara Al-Shehri,Live Chat,Account Management,Critical,Sara Al-Dossari,Medina,2025-11-10,2025-11-10,28,1.0,Resolved,4,0.0,Resolved,0.0,2025,November,2025-11,Very Fast,
TCK-000351,CUST-64525,Faisal Al-Otaibi,Unknown,General Inquiry,Low,Turki Al-Subaie,Tabuk,2026-08-25,,333,0.0,Pending,0,0.0,Unresolved,,2026,August,2026-08,Slow,67.0
TCK-000352,CUST-74117,Turki Al-Shehri,Phone,Account Management,Medium,Khalid Al-Ghamdi,Abha,2026-10-19,2026-10-21,279,71.9,Resolved,3,0.0,Resolved,2.0,2026,October,2026-10,Slow,
TCK-000353,CUST-36667,Yousef Al-Subaie,Phone,Account Management,High,Turki Al-Subaie,Riyadh,2025-10-25,2025-10-25,70,13.2,Closed,3,0.0,Resolved,0.0,2025,October,2025-10,Moderate,
TCK-000354,CUST-87581,Mohammed Al-Balawi,Live Chat,Unknown,Medium,Fahad Al-Otaibi,Medina,2025-06-12,,223,0.0,Open,0,0.0,Unresolved,,2025,June,2025-06,Slow,506.0
TCK-000355,CUST-98646,Lama Al-Mutairi,Live Chat,General Inquiry,Low,Khalid Al-Ghamdi,Jeddah,2024-04-30,2024-05-02,466,60.4,Resolved,4,0.0,Resolved,2.0,2024,April,2024-04,Slow,
TCK-000356,CUST-34207,Faisal Al-Shammari,WhatsApp,Technical Support,Critical,Ahmed Al-Qahtani,Riyadh,2026-01-28,2026-01-28,10,10.4,Resolved,1,0.0,Resolved,0.0,2026,January,2026-01,Very Fast,
TCK-000357,CUST-24452,Faisal Al-Rashidi,Branch,Complaint,High,Reem Al-Mutairi,Dammam,2026-04-16,,7,0.0,Pending,0,0.0,Unresolved,,2026,April,2026-04,Very Fast,198.0
TCK-000358,CUST-40760,Fahad Al-Shehri,Email,Account Management,Low,Maha Al-Balawi,Medina,2024-01-25,,136,0.0,Open,0,0.0,Unresolved,,2024,January,2024-01,Moderate,1010.0
TCK-000359,CUST-83748,Abdullah Al-Harbi,WhatsApp,Complaint,Medium,Huda Al-Anazi,Jeddah,2024-09-03,,150,0.0,Open,0,0.0,Unresolved,,2024,September,2024-09,Moderate,788.0
TCK-000360,CUST-38316,Abdullah Al-Zahrani,Phone,Account Management,Low,Huda Al-Anazi,Riyadh,2026-03-01,,560,0.0,Open,0,0.0,Unresolved,,2026,March,2026-03,Slow,244.0
TCK-000361,CUST-38707,Lama Al-Dossari,Social Media,Account Management,Medium,Khalid Al-Ghamdi,Mecca,2025-08-20,2025-08-21,178,35.9,Resolved,3,0.0,Resolved,1.0,2025,August,2025-08,Moderate,
TCK-000362,CUST-59434,Aisha Al-Zahrani,Live Chat,Billing,Medium,Noura Al-Shammari,Buraidah,2024-04-28,2024-05-01,146,76.4,Closed,2,1933.03,Resolved,3.0,2024,April,2024-04,Moderate,
TCK-000363,CUST-89443,Sultan Al-Shehri,Social Media,Billing,Low,Mohammed Al-Harbi,Hail,2025-07-29,2025-08-04,673,163.4,Resolved,1,0.0,Resolved,6.0,2025,July,2025-07,Slow,
TCK-000364,CUST-46362,Hessa Al-Dossari,Social Media,Delivery Issue,Low,Sara Al-Dossari,Jeddah,2024-10-08,2024-10-13,255,138.1,Closed,4,0.0,Resolved,5.0,2024,October,2024-10,Slow,
TCK-000365,CUST-74230,Dana Al-Dossari,Email,Billing,Low,Mohammed Al-Harbi,Riyadh,2025-10-03,2025-10-10,565,191.5,Resolved,4,0.0,Resolved,7.0,2025,October,2025-10,Slow,
TCK-000366,CUST-19004,Dana Al-Otaibi,Email,Billing,Medium,Khalid Al-Ghamdi,Abha,2026-09-14,2026-09-17,40,91.1,Closed,5,4183.93,Resolved,3.0,2026,September,2026-09,Fast,
TCK-000367,CUST-77847,Huda Al-Ghamdi,WhatsApp,General Inquiry,High,Abdullah Al-Zahrani,Khobar,2025-06-11,2025-06-12,35,43.5,Resolved,5,0.0,Resolved,1.0,2025,June,2025-06,Fast,
TCK-000368,CUST-75798,Faisal Al-Mutairi,Unknown,Billing,High,Ahmed Al-Qahtani,Hail,2025-06-12,,73,0.0,Open,0,0.0,Unresolved,,2025,June,2025-06,Moderate,506.0
TCK-000369,CUST-88420,Sultan Al-Otaibi,Phone,General Inquiry,Medium,Mohammed Al-Harbi,Khobar,2024-04-02,2024-04-04,192,58.4,Closed,1,0.0,Resolved,2.0,2024,April,2024-04,Slow,
TCK-000370,CUST-80584,Sara Al-Rashidi,Branch,Technical Support,Medium,Lama Al-Rashidi,Medina,2025-12-17,2025-12-17,40,18.8,Resolved,4,0.0,Resolved,0.0,2025,December,2025-12,Fast,
TCK-000371,CUST-19281,Sultan Al-Rashidi,Live Chat,Technical Support,Medium,Mohammed Al-Harbi,Dammam,2025-07-06,,116,0.0,Escalated,0,0.0,Unresolved,,2025,July,2025-07,Moderate,482.0
TCK-000372,CUST-10029,Yousef Al-Ghamdi,Phone,Technical Support,High,Huda Al-Anazi,Tabuk,2025-02-18,2025-02-18,40,15.0,Closed,5,0.0,Resolved,0.0,2025,February,2025-02,Fast,
TCK-000373,CUST-13298,Fahad Al-Mutairi,Live Chat,General Inquiry,Low,Noura Al-Shammari,Riyadh,2024-11-10,2024-11-12,40,56.2,Closed,5,0.0,Resolved,2.0,2024,November,2024-11,Fast,
TCK-000374,CUST-56919,Abdullah Al-Balawi,Phone,Account Management,Medium,Khalid Al-Ghamdi,Dammam,2025-06-12,2025-06-13,291,27.8,Closed,5,0.0,Resolved,1.0,2025,June,2025-06,Slow,
TCK-000375,CUST-30887,Hessa Al-Zahrani,Phone,General Inquiry,Medium,Maha Al-Balawi,Riyadh,2024-05-15,2024-05-16,137,28.1,Resolved,5,0.0,Resolved,1.0,2024,May,2024-05,Moderate,
TCK-000376,CUST-98053,Khalid Al-Rashidi,Phone,General Inquiry,Low,Ahmed Al-Qahtani,Dammam,2026-06-24,2026-06-27,642,91.5,Resolved,3,0.0,Resolved,3.0,2026,June,2026-06,Slow,
TCK-000377,CUST-58267,Abdullah Al-Subaie,Phone,Billing,Medium,Lama Al-Rashidi,Riyadh,2024-10-05,2024-10-06,225,45.8,Resolved,2,0.0,Resolved,1.0,2024,October,2024-10,Slow,
TCK-000378,CUST-30459,Turki Al-Malki,Social Media,Billing,Critical,Huda Al-Anazi,Abha,2024-01-04,2024-01-04,15,6.6,Resolved,5,0.0,Resolved,0.0,2024,January,2024-01,Very Fast,
TCK-000379,CUST-55745,Reem Al-Rashidi,Live Chat,Refund Request,High,Yousef Al-Malki,Riyadh,2024-01-11,2024-01-12,77,45.8,Resolved,5,0.0,Resolved,1.0,2024,January,2024-01,Moderate,
TCK-000380,CUST-53239,Bandar Al-Dossari,Phone,General Inquiry,Critical,Faisal Al-Shehri,Medina,2024-09-07,2024-09-07,5,5.1,Closed,1,0.0,Resolved,0.0,2024,September,2024-09,Very Fast,
TCK-000381,CUST-72065,Noura Al-Subaie,Phone,Technical Support,Medium,Yousef Al-Malki,Riyadh,2026-03-27,2026-03-31,121,113.1,Resolved,5,0.0,Resolved,4.0,2026,March,2026-03,Moderate,
TCK-000382,CUST-13829,Bandar Al-Anazi,Branch,Complaint,Medium,Ahmed Al-Qahtani,Mecca,2026-02-26,,287,0.0,Pending,0,0.0,Unresolved,,2026,February,2026-02,Slow,247.0
TCK-000383,CUST-48774,Noura Al-Malki,Phone,Complaint,Medium,Yousef Al-Malki,Mecca,2026-09-08,2026-09-09,109,39.2,Closed,2,0.0,Resolved,1.0,2026,September,2026-09,Moderate,
TCK-000384,CUST-10054,Turki Al-Qahtani,Email,Complaint,Medium,Huda Al-Anazi,Dammam,2025-08-02,,236,0.0,Open,0,0.0,Unresolved,,2025,August,2025-08,Slow,455.0
TCK-000385,CUST-72840,Aisha Al-Shammari,Live Chat,Refund Request,Medium,Noura Al-Shammari,Riyadh,2025-01-19,2025-01-22,80,85.6,Resolved,5,1259.52,Resolved,3.0,2025,January,2025-01,Moderate,
TCK-000386,CUST-34725,Mohammed Al-Balawi,Live Chat,Technical Support,Medium,Turki Al-Subaie,Jeddah,2024-12-08,2024-12-08,289,22.0,Resolved,3,0.0,Resolved,0.0,2024,December,2024-12,Slow,
TCK-000387,CUST-80803,Nasser Al-Zahrani,Email,Technical Support,Low,Turki Al-Subaie,Riyadh,2026-08-14,,379,0.0,Pending,0,0.0,Unresolved,,2026,August,2026-08,Slow,78.0
TCK-000388,CUST-29086,Mohammed Al-Subaie,Live Chat,Billing,Medium,Ahmed Al-Qahtani,Dammam,2024-10-19,2024-10-23,200,111.7,Resolved,2,0.0,Resolved,4.0,2024,October,2024-10,Slow,
TCK-000389,CUST-44533,Fahad Al-Ghamdi,Email,Unknown,Medium,Reem Al-Mutairi,Abha,2024-01-23,2024-01-27,39,104.8,Closed,4,0.0,Resolved,4.0,2024,January,2024-01,Fast,
TCK-000390,CUST-82729,Mohammed Al-Balawi,Email,Complaint,Low,Abdullah Al-Zahrani,Riyadh,2025-03-12,2025-03-14,500,58.6,Closed,5,277.71,Resolved,2.0,2025,March,2025-03,Slow,
TCK-000391,CUST-32874,Nasser Al-Shehri,Email,General Inquiry,Medium,Khalid Al-Ghamdi,Jeddah,2025-01-09,2025-01-13,263,107.8,Closed,5,0.0,Resolved,4.0,2025,January,2025-01,Slow,
TCK-000392,CUST-22632,Mohammed Al-Qahtani,Phone,Billing,Medium,Maha Al-Balawi,Riyadh,2024-04-12,2024-04-13,176,45.4,Resolved,3,0.0,Resolved,1.0,2024,April,2024-04,Moderate,
TCK-000393,CUST-10085,Abdullah Al-Balawi,Branch,General Inquiry,Low,Turki Al-Subaie,Medina,2024-06-25,,711,0.0,Pending,0,0.0,Unresolved,,2024,June,2024-06,Slow,858.0
TCK-000394,CUST-86585,Khalid Al-Harbi,Phone,Account Management,High,Sara Al-Dossari,Riyadh,2025-04-22,2025-04-23,51,28.1,Resolved,3,0.0,Resolved,1.0,2025,April,2025-04,Fast,
TCK-000395,CUST-78839,Abdullah Al-Subaie,WhatsApp,Billing,High,Reem Al-Mutairi,Riyadh,2024-11-15,,33,0.0,Escalated,0,0.0,Unresolved,,2024,November,2024-11,Fast,715.0
TCK-000396,CUST-16568,Dana Al-Subaie,Live Chat,Technical Support,Low,Huda Al-Anazi,Tabuk,2025-03-07,2025-03-15,269,210.9,Resolved,4,0.0,Resolved,8.0,2025,March,2025-03,Slow,
TCK-000397,CUST-52749,Hessa Al-Rashidi,WhatsApp,Delivery Issue,Low,Reem Al-Mutairi,Abha,2024-03-13,2024-03-16,299,81.2,Resolved,2,0.0,Resolved,3.0,2024,March,2024-03,Slow,
TCK-000398,CUST-77955,Yousef Al-Harbi,Live Chat,Technical Support,Critical,Sara Al-Dossari,Dammam,2025-03-26,2025-03-26,4,7.5,Resolved,5,0.0,Resolved,0.0,2025,March,2025-03,Very Fast,
TCK-000399,CUST-27069,Dana Al-Zahrani,Phone,Billing,Critical,Fahad Al-Otaibi,Jeddah,2024-07-01,,23,0.0,Pending,0,0.0,Unresolved,,2024,July,2024-07,Very Fast,852.0
TCK-000400,CUST-64252,Abdullah Al-Mutairi,Phone,General Inquiry,High,Huda Al-Anazi,Jeddah,2024-10-10,,72,0.0,Open,0,0.0,Unresolved,,2024,October,2024-10,Moderate,751.0
TCK-000401,CUST-90095,Huda Al-Balawi,Live Chat,Billing,Low,Reem Al-Mutairi,Riyadh,2024-06-07,2024-06-16,146,222.3,Resolved,5,0.0,Resolved,9.0,2024,June,2024-06,Moderate,
TCK-000402,CUST-52815,Sara Al-Malki,Social Media,Delivery Issue,Medium,Ahmed Al-Qahtani,Jeddah,2024-09-14,2024-09-17,172,94.8,Closed,2,147.98,Resolved,3.0,2024,September,2024-09,Moderate,
TCK-000403,CUST-55368,Reem Al-Dossari,Live Chat,Delivery Issue,Medium,Noura Al-Shammari,Buraidah,2025-06-04,2025-06-05,26,37.1,Closed,5,0.0,Resolved,1.0,2025,June,2025-06,Very Fast,
TCK-000404,CUST-19220,Bandar Al-Balawi,Phone,Technical Support,Medium,Fahad Al-Otaibi,Dammam,2024-07-08,,298,0.0,Pending,0,0.0,Unresolved,,2024,July,2024-07,Slow,845.0
TCK-000405,CUST-76030,Fahad Al-Harbi,Branch,Billing,Medium,Yousef Al-Malki,Jeddah,2025-06-23,,185,0.0,Pending,0,0.0,Unresolved,,2025,June,2025-06,Slow,495.0
TCK-000406,CUST-45491,Bandar Al-Subaie,Phone,General Inquiry,Low,Maha Al-Balawi,Jeddah,2024-06-07,,53,0.0,Escalated,0,0.0,Unresolved,,2024,June,2024-06,Fast,876.0
TCK-000407,CUST-27806,Noura Al-Harbi,Phone,Technical Support,Medium,Lama Al-Rashidi,Riyadh,2026-01-14,,242,0.0,Escalated,0,0.0,Unresolved,,2026,January,2026-01,Slow,290.0
TCK-000408,CUST-18309,Aisha Al-Balawi,Live Chat,Billing,Low,Lama Al-Rashidi,Jeddah,2024-11-22,2024-11-28,364,164.2,Resolved,4,0.0,Resolved,6.0,2024,November,2024-11,Slow,
TCK-000409,CUST-60997,Fahad Al-Balawi,Phone,Technical Support,Low,Ahmed Al-Qahtani,Dammam,2026-10-09,2026-10-09,119,16.7,Resolved,2,0.0,Resolved,0.0,2026,October,2026-10,Moderate,
TCK-000410,CUST-16631,Turki Al-Ghamdi,Phone,General Inquiry,High,Yousef Al-Malki,Hail,2024-07-26,,73,0.0,Open,0,0.0,Unresolved,,2024,July,2024-07,Moderate,827.0
TCK-000411,CUST-82343,Huda Al-Malki,Email,Billing,Low,Yousef Al-Malki,Dammam,2025-09-09,2025-09-16,616,176.5,Resolved,3,0.0,Resolved,7.0,2025,September,2025-09,Slow,
TCK-000412,CUST-17714,Fahad Al-Malki,Live Chat,General Inquiry,Medium,Maha Al-Balawi,Riyadh,2026-01-13,2026-01-14,296,35.8,Resolved,4,0.0,Resolved,1.0,2026,January,2026-01,Slow,
TCK-000413,CUST-98132,Abdullah Al-Rashidi,Phone,Technical Support,High,Ahmed Al-Qahtani,Riyadh,2026-10-06,2026-10-07,22,35.2,Closed,3,0.0,Resolved,1.0,2026,October,2026-10,Very Fast,
TCK-000414,CUST-36852,Abdullah Al-Malki,WhatsApp,Billing,Medium,Maha Al-Balawi,Riyadh,2026-07-24,2026-07-28,137,97.5,Resolved,5,0.0,Resolved,4.0,2026,July,2026-07,Moderate,
TCK-000415,CUST-83691,Ahmed Al-Rashidi,Live Chat,Account Management,Critical,Ahmed Al-Qahtani,Riyadh,2024-04-06,,26,0.0,Open,0,0.0,Unresolved,,2024,April,2024-04,Very Fast,938.0
TCK-000416,CUST-94235,Noura Al-Shehri,Live Chat,Billing,Low,Abdullah Al-Zahrani,Jeddah,2025-01-05,,83,0.0,Escalated,0,0.0,Unresolved,,2025,January,2025-01,Moderate,664.0
TCK-000417,CUST-66950,Mohammed Al-Malki,Live Chat,General Inquiry,Medium,Fahad Al-Otaibi,Mecca,2026-03-23,2026-03-23,104,12.0,Closed,4,0.0,Resolved,0.0,2026,March,2026-03,Moderate,
TCK-000418,CUST-49104,Sara Al-Qahtani,Social Media,Complaint,Low,Abdullah Al-Zahrani,Khobar,2025-06-06,2025-06-12,613,162.8,Resolved,5,0.0,Resolved,6.0,2025,June,2025-06,Slow,
TCK-000419,CUST-60961,Dana Al-Balawi,Social Media,Account Management,Medium,Sara Al-Dossari,Dammam,2026-01-30,2026-02-02,181,83.8,Closed,2,0.0,Resolved,3.0,2026,January,2026-01,Slow,
TCK-000420,CUST-92588,Abdullah Al-Rashidi,Social Media,Complaint,Medium,Abdullah Al-Zahrani,Jeddah,2025-05-09,,193,0.0,Open,0,0.0,Unresolved,,2025,May,2025-05,Slow,540.0
TCK-000421,CUST-61733,Maha Al-Zahrani,Branch,Account Management,Medium,Khalid Al-Ghamdi,Unknown,2024-04-21,2024-04-25,204,116.9,Closed,4,0.0,Resolved,4.0,2024,April,2024-04,Slow,
TCK-000422,CUST-43630,Huda Al-Shehri,Phone,Billing,High,Lama Al-Rashidi,Jeddah,2026-04-16,2026-04-17,73,41.0,Resolved,5,0.0,Resolved,1.0,2026,April,2026-04,Moderate,
TCK-000423,CUST-44570,Yousef Al-Mutairi,Email,General Inquiry,Medium,Huda Al-Anazi,Riyadh,2025-04-15,,67,0.0,Escalated,0,0.0,Unresolved,,2025,April,2025-04,Moderate,564.0
TCK-000424,CUST-10677,Sultan Al-Malki,Phone,Billing,High,Ahmed Al-Qahtani,Riyadh,2024-01-29,,8,0.0,Open,0,0.0,Unresolved,,2024,January,2024-01,Very Fast,1006.0
TCK-000425,CUST-84108,Ahmed Al-Ghamdi,Phone,Complaint,High,Turki Al-Subaie,Riyadh,2024-08-31,,76,0.0,Pending,0,0.0,Unresolved,,2024,August,2024-08,Moderate,791.0
TCK-000426,CUST-69404,Bandar Al-Qahtani,WhatsApp,Complaint,High,Noura Al-Shammari,Tabuk,2025-04-22,2025-04-23,42,27.9,Closed,5,0.0,Resolved,1.0,2025,April,2025-04,Fast,
TCK-000427,CUST-84349,Noura Al-Dossari,Social Media,Technical Support,Low,Yousef Al-Malki,Riyadh,2026-01-16,2026-01-23,465,181.2,Resolved,5,0.0,Resolved,7.0,2026,January,2026-01,Slow,
TCK-000428,CUST-15362,Yousef Al-Subaie,Phone,Billing,Medium,Ahmed Al-Qahtani,Tabuk,2025-12-07,,294,0.0,Escalated,0,0.0,Unresolved,,2025,December,2025-12,Slow,328.0
TCK-000429,CUST-14650,Huda Al-Subaie,WhatsApp,Refund Request,Medium,Huda Al-Anazi,Dammam,2025-08-30,2025-08-30,122,4.5,Resolved,2,0.0,Resolved,0.0,2025,August,2025-08,Moderate,
TCK-000430,CUST-89139,Dana Al-Ghamdi,Branch,Billing,Medium,Ahmed Al-Qahtani,Riyadh,2025-07-08,,124,0.0,Open,0,0.0,Unresolved,,2025,July,2025-07,Moderate,480.0
TCK-000431,CUST-21699,Dana Al-Subaie,Phone,Billing,Low,Reem Al-Mutairi,Jeddah,2024-11-08,2024-11-10,599,62.0,Closed,5,2701.66,Resolved,2.0,2024,November,2024-11,Slow,
TCK-000432,CUST-83954,Sultan Al-Harbi,Live Chat,Delivery Issue,High,Turki Al-Subaie,Khobar,2024-07-05,2024-07-06,12,35.3,Resolved,1,0.0,Resolved,1.0,2024,July,2024-07,Very Fast,
TCK-000433,CUST-42842,Nasser Al-Mutairi,Live Chat,Technical Support,High,Ahmed Al-Qahtani,Mecca,2025-03-24,,61,0.0,Pending,0,0.0,Unresolved,,2025,March,2025-03,Moderate,586.0
TCK-000434,CUST-34592,Hessa Al-Subaie,Email,Billing,High,Ahmed Al-Qahtani,Jeddah,2024-08-01,2024-08-01,55,4.0,Resolved,1,0.0,Resolved,0.0,2024,August,2024-08,Fast,
TCK-000435,CUST-25298,Nasser Al-Zahrani,WhatsApp,Unknown,Medium,Ahmed Al-Qahtani,Mecca,2025-08-14,2025-08-18,56,111.6,Resolved,4,1360.9,Resolved,4.0,2025,August,2025-08,Fast,
TCK-000436,CUST-59245,Dana Al-Shammari,Email,Complaint,Low,Turki Al-Subaie,Jeddah,2025-01-21,2025-01-27,123,167.6,Closed,5,773.59,Resolved,6.0,2025,January,2025-01,Moderate,
TCK-000437,CUST-80808,Abdullah Al-Qahtani,Live Chat,Complaint,Low,Noura Al-Shammari,Buraidah,2025-07-28,,332,0.0,Open,0,0.0,Unresolved,,2025,July,2025-07,Slow,460.0
TCK-000438,CUST-35956,Nasser Al-Harbi,Phone,Complaint,Critical,Ahmed Al-Qahtani,Abha,2025-12-21,,16,0.0,Pending,0,0.0,Unresolved,,2025,December,2025-12,Very Fast,314.0
TCK-000439,CUST-77558,Dana Al-Zahrani,WhatsApp,Technical Support,Medium,Maha Al-Balawi,Riyadh,2024-09-18,2024-09-20,160,71.8,Resolved,4,0.0,Resolved,2.0,2024,September,2024-09,Moderate,
TCK-000440,CUST-40102,Sultan Al-Shammari,Social Media,Complaint,High,Yousef Al-Malki,Riyadh,2024-05-04,,6,0.0,Open,0,0.0,Unresolved,,2024,May,2024-05,Very Fast,910.0
TCK-000441,CUST-29922,Dana Al-Subaie,Email,Account Management,High,Noura Al-Shammari,Hail,2026-09-08,2026-09-08,25,17.9,Resolved,3,0.0,Resolved,0.0,2026,September,2026-09,Very Fast,
TCK-000442,CUST-80051,Aisha Al-Zahrani,Email,Account Management,Medium,Noura Al-Shammari,Riyadh,2024-08-08,2024-08-11,230,82.2,Resolved,3,0.0,Resolved,3.0,2024,August,2024-08,Slow,
TCK-000443,CUST-49321,Huda Al-Ghamdi,Live Chat,Delivery Issue,Medium,Huda Al-Anazi,Riyadh,2024-04-20,,119,0.0,Open,0,0.0,Unresolved,,2024,April,2024-04,Moderate,924.0
TCK-000444,CUST-83345,Turki Al-Shammari,WhatsApp,Account Management,Low,Turki Al-Subaie,Mecca,2025-01-02,2025-01-02,461,12.4,Resolved,5,0.0,Resolved,0.0,2025,January,2025-01,Slow,
TCK-000445,CUST-75635,Lama Al-Dossari,Email,General Inquiry,Critical,Reem Al-Mutairi,Riyadh,2024-02-24,2024-02-24,20,11.9,Resolved,1,0.0,Resolved,0.0,2024,February,2024-02,Very Fast,
TCK-000446,CUST-53835,Yousef Al-Shammari,Live Chat,Billing,Critical,Huda Al-Anazi,Dammam,2024-05-15,2024-05-15,24,1.9,Closed,5,2092.38,Resolved,0.0,2024,May,2024-05,Very Fast,
TCK-000447,CUST-81273,Hessa Al-Zahrani,Phone,Delivery Issue,Medium,Noura Al-Shammari,Mecca,2025-01-23,,216,0.0,Pending,0,0.0,Unresolved,,2025,January,2025-01,Slow,646.0
TCK-000448,CUST-16665,Ahmed Al-Dossari,Live Chat,General Inquiry,Medium,Faisal Al-Shehri,Medina,2024-08-30,2024-09-02,259,75.1,Resolved,1,0.0,Resolved,3.0,2024,August,2024-08,Slow,
TCK-000449,CUST-75082,Turki Al-Anazi,Live Chat,Account Management,Low,Faisal Al-Shehri,Dammam,2024-04-19,2024-04-21,173,59.3,Resolved,1,0.0,Resolved,2.0,2024,April,2024-04,Moderate,
TCK-000450,CUST-42734,Reem Al-Subaie,Email,Complaint,Critical,Ahmed Al-Qahtani,Riyadh,2026-01-03,2026-01-03,5,4.5,Resolved,1,0.0,Resolved,0.0,2026,January,2026-01,Very Fast,
TCK-000451,CUST-52800,Sultan Al-Dossari,Branch,Account Management,High,Khalid Al-Ghamdi,Dammam,2026-04-01,2026-04-01,25,9.2,Closed,3,0.0,Resolved,0.0,2026,April,2026-04,Very Fast,
TCK-000452,CUST-62278,Yousef Al-Shammari,Branch,Technical Support,Low,Fahad Al-Otaibi,Buraidah,2024-06-19,,63,0.0,Open,0,0.0,Unresolved,,2024,June,2024-06,Moderate,864.0
TCK-000453,CUST-50947,Sara Al-Balawi,Email,Technical Support,Medium,Lama Al-Rashidi,Jeddah,2026-06-29,2026-07-01,62,49.6,Resolved,3,0.0,Resolved,2.0,2026,June,2026-06,Moderate,
TCK-000454,CUST-91730,Fahad Al-Harbi,Live Chat,Technical Support,Medium,Reem Al-Mutairi,Riyadh,2024-08-17,,162,0.0,Pending,0,0.0,Unresolved,,2024,August,2024-08,Moderate,805.0
TCK-000455,CUST-57275,Abdullah Al-Balawi,Phone,Billing,Low,Faisal Al-Shehri,Jeddah,2025-01-26,,440,0.0,Pending,0,0.0,Unresolved,,2025,January,2025-01,Slow,643.0
TCK-000456,CUST-55213,Bandar Al-Harbi,Branch,Account Management,Medium,Sara Al-Dossari,Dammam,2025-10-13,2025-10-14,181,43.9,Resolved,5,0.0,Resolved,1.0,2025,October,2025-10,Slow,
TCK-000457,CUST-58055,Hessa Al-Anazi,Social Media,Billing,Low,Maha Al-Balawi,Abha,2025-09-17,2025-09-18,671,37.6,Closed,3,441.73,Resolved,1.0,2025,September,2025-09,Slow,
TCK-000458,CUST-86959,Abdullah Al-Harbi,Phone,Unknown,Critical,Huda Al-Anazi,Dammam,2025-06-01,2025-06-01,16,2.4,Closed,1,0.0,Resolved,0.0,2025,June,2025-06,Very Fast,
TCK-000459,CUST-47276,Ahmed Al-Anazi,Live Chat,General Inquiry,Low,Maha Al-Balawi,Khobar,2024-04-02,2024-04-03,263,32.6,Closed,5,0.0,Resolved,1.0,2024,April,2024-04,Slow,
TCK-000460,CUST-23638,Ahmed Al-Dossari,Email,Refund Request,Low,Noura Al-Shammari,Jeddah,2025-07-06,2025-07-06,615,21.9,Resolved,5,0.0,Resolved,0.0,2025,July,2025-07,Slow,
TCK-000461,CUST-34594,Mohammed Al-Otaibi,Social Media,Complaint,High,Khalid Al-Ghamdi,Unknown,2024-06-07,2024-06-07,17,6.7,Resolved,2,1526.99,Resolved,0.0,2024,June,2024-06,Very Fast,
TCK-000462,CUST-84785,Sara Al-Balawi,Phone,Technical Support,High,Noura Al-Shammari,Jeddah,2024-12-21,,8,0.0,Pending,0,0.0,Unresolved,,2024,December,2024-12,Very Fast,679.0
TCK-000463,CUST-21776,Faisal Al-Dossari,Phone,Complaint,Medium,Sara Al-Dossari,Mecca,2026-09-20,,119,0.0,Escalated,0,0.0,Unresolved,,2026,September,2026-09,Moderate,41.0
TCK-000464,CUST-98111,Aisha Al-Subaie,WhatsApp,Billing,Medium,Faisal Al-Shehri,Medina,2025-02-11,2025-02-15,284,111.8,Resolved,4,0.0,Resolved,4.0,2025,February,2025-02,Slow,
TCK-000465,CUST-60365,Noura Al-Subaie,Email,Technical Support,Medium,Yousef Al-Malki,Riyadh,2025-06-07,2025-06-08,81,26.3,Closed,3,0.0,Resolved,1.0,2025,June,2025-06,Moderate,
TCK-000466,CUST-68755,Sultan Al-Shammari,Live Chat,Complaint,Medium,Ahmed Al-Qahtani,Riyadh,2024-06-16,2024-06-19,95,85.1,Closed,5,0.0,Resolved,3.0,2024,June,2024-06,Moderate,
TCK-000467,CUST-38319,Aisha Al-Mutairi,Live Chat,General Inquiry,Critical,Lama Al-Rashidi,Mecca,2026-04-13,2026-04-13,2,8.7,Resolved,4,0.0,Resolved,0.0,2026,April,2026-04,Very Fast,
TCK-000468,CUST-77806,Yousef Al-Otaibi,WhatsApp,Billing,Medium,Huda Al-Anazi,Riyadh,2026-08-29,,156,0.0,Open,0,0.0,Unresolved,,2026,August,2026-08,Moderate,63.0
TCK-000469,CUST-47326,Faisal Al-Zahrani,Phone,Billing,Low,Ahmed Al-Qahtani,Jeddah,2024-01-21,2024-01-27,631,166.8,Resolved,5,0.0,Resolved,6.0,2024,January,2024-01,Slow,
TCK-000470,CUST-41796,Nasser Al-Dossari,Email,Technical Support,Medium,Noura Al-Shammari,Jeddah,2025-08-16,,194,0.0,Pending,0,0.0,Unresolved,,2025,August,2025-08,Slow,441.0
TCK-000471,CUST-80425,Abdullah Al-Shammari,Email,Refund Request,Low,Huda Al-Anazi,Riyadh,2024-11-07,2024-11-10,224,92.8,Closed,4,4346.89,Resolved,3.0,2024,November,2024-11,Slow,
TCK-000472,CUST-42302,Dana Al-Subaie,Live Chat,Account Management,High,Maha Al-Balawi,Riyadh,2024-08-07,2024-08-08,90,32.7,Resolved,5,0.0,Resolved,1.0,2024,August,2024-08,Moderate,
TCK-000473,CUST-52944,Reem Al-Harbi,Phone,Complaint,Low,Lama Al-Rashidi,Abha,2026-08-17,2026-08-26,263,216.8,Resolved,2,0.0,Resolved,9.0,2026,August,2026-08,Slow,
TCK-000474,CUST-27225,Maha Al-Balawi,Live Chat,Unknown,Medium,Maha Al-Balawi,Riyadh,2025-02-25,,40,0.0,Pending,0,0.0,Unresolved,,2025,February,2025-02,Fast,613.0
TCK-000475,CUST-44146,Sultan Al-Balawi,Email,Technical Support,High,Sara Al-Dossari,Riyadh,2025-12-29,2025-12-30,26,25.8,Resolved,4,0.0,Resolved,1.0,2025,December,2025-12,Very Fast,
TCK-000476,CUST-67499,Mohammed Al-Rashidi,Phone,General Inquiry,Medium,Noura Al-Shammari,Khobar,2026-07-31,2026-08-04,218,98.6,Closed,4,0.0,Resolved,4.0,2026,July,2026-07,Slow,
TCK-000477,CUST-17366,Maha Al-Malki,Phone,Billing,Low,Yousef Al-Malki,Dammam,2026-09-25,2026-10-01,542,151.3,Resolved,5,0.0,Resolved,6.0,2026,September,2026-09,Slow,
TCK-000478,CUST-49602,Lama Al-Otaibi,Email,Complaint,High,Turki Al-Subaie,Abha,2025-12-10,2025-12-10,15,7.5,Resolved,3,0.0,Resolved,0.0,2025,December,2025-12,Very Fast,
TCK-000479,CUST-82580,Abdullah Al-Balawi,Phone,Delivery Issue,Medium,Huda Al-Anazi,Medina,2026-05-30,2026-06-02,159,79.8,Closed,5,0.0,Resolved,3.0,2026,May,2026-05,Moderate,
TCK-000480,CUST-55794,Fahad Al-Shehri,Email,Billing,Medium,Turki Al-Subaie,Riyadh,2025-09-03,2025-09-07,154,113.7,Resolved,4,0.0,Resolved,4.0,2025,September,2025-09,Moderate,
TCK-000481,CUST-68319,Dana Al-Qahtani,Email,Account Management,Medium,Sara Al-Dossari,Abha,2026-05-26,2026-05-26,53,20.4,Resolved,3,0.0,Resolved,0.0,2026,May,2026-05,Fast,
TCK-000482,CUST-67549,Khalid Al-Qahtani,WhatsApp,Billing,Low,Faisal Al-Shehri,Jeddah,2026-01-11,2026-01-20,229,229.8,Resolved,5,1404.63,Resolved,9.0,2026,January,2026-01,Slow,
TCK-000483,CUST-13956,Sara Al-Otaibi,Phone,Billing,Medium,Khalid Al-Ghamdi,Riyadh,2024-01-17,,24,0.0,Escalated,0,0.0,Unresolved,,2024,January,2024-01,Very Fast,1018.0
TCK-000484,CUST-34031,Fahad Al-Dossari,Phone,Technical Support,Low,Ahmed Al-Qahtani,Riyadh,2025-08-18,2025-08-25,480,169.7,Closed,3,0.0,Resolved,7.0,2025,August,2025-08,Slow,
TCK-000485,CUST-14747,Huda Al-Shammari,Live Chat,Account Management,Medium,Sara Al-Dossari,Abha,2024-11-15,2024-11-19,86,119.4,Resolved,4,0.0,Resolved,4.0,2024,November,2024-11,Moderate,
TCK-000486,CUST-99237,Maha Al-Ghamdi,Live Chat,Technical Support,Low,Maha Al-Balawi,Tabuk,2026-05-16,2026-05-24,587,206.1,Resolved,4,0.0,Resolved,8.0,2026,May,2026-05,Slow,
TCK-000487,CUST-67737,Dana Al-Subaie,Live Chat,General Inquiry,Low,Reem Al-Mutairi,Riyadh,2026-02-28,2026-03-07,677,181.8,Resolved,3,0.0,Resolved,7.0,2026,February,2026-02,Slow,
TCK-000488,CUST-46269,Turki Al-Qahtani,WhatsApp,Billing,High,Khalid Al-Ghamdi,Riyadh,2024-01-10,2024-01-10,24,18.5,Resolved,5,0.0,Resolved,0.0,2024,January,2024-01,Very Fast,
TCK-000489,CUST-14776,Hessa Al-Qahtani,Email,Account Management,High,Yousef Al-Malki,Riyadh,2026-10-13,,34,0.0,Escalated,0,0.0,Unresolved,,2026,October,2026-10,Fast,18.0
TCK-000490,CUST-47177,Fahad Al-Qahtani,Social Media,Billing,Medium,Huda Al-Anazi,Buraidah,2026-09-04,2026-09-05,260,42.5,Resolved,5,472.33,Resolved,1.0,2026,September,2026-09,Slow,
TCK-000491,CUST-84051,Sara Al-Malki,Branch,Complaint,Medium,Mohammed Al-Harbi,Khobar,2026-04-25,,139,0.0,Open,0,0.0,Unresolved,,2026,April,2026-04,Moderate,189.0
TCK-000492,CUST-76903,Dana Al-Harbi,Live Chat,Complaint,Low,Faisal Al-Shehri,Jeddah,2024-02-21,2024-02-21,496,10.9,Resolved,5,3899.08,Resolved,0.0,2024,February,2024-02,Slow,
TCK-000493,CUST-54396,Dana Al-Malki,Phone,Complaint,Medium,Faisal Al-Shehri,Khobar,2026-05-26,2026-05-30,212,111.3,Closed,5,3353.18,Resolved,4.0,2026,May,2026-05,Slow,
TCK-000494,CUST-40204,Turki Al-Ghamdi,Phone,Billing,Critical,Turki Al-Subaie,Riyadh,2025-10-23,2025-10-23,23,9.6,Resolved,2,0.0,Resolved,0.0,2025,October,2025-10,Very Fast,
TCK-000495,CUST-38294,Khalid Al-Malki,Email,Billing,Low,Reem Al-Mutairi,Buraidah,2024-03-16,2024-03-24,415,203.8,Resolved,3,0.0,Resolved,8.0,2024,March,2024-03,Slow,
TCK-000496,CUST-19673,Yousef Al-Malki,Phone,Delivery Issue,Medium,Abdullah Al-Zahrani,Dammam,2025-04-01,2025-04-05,235,109.3,Resolved,4,0.0,Resolved,4.0,2025,April,2025-04,Slow,
TCK-000497,CUST-94583,Maha Al-Mutairi,Live Chat,Complaint,Medium,Reem Al-Mutairi,Dammam,2024-03-19,,280,0.0,Pending,0,0.0,Unresolved,,2024,March,2024-03,Slow,956.0
TCK-000498,CUST-85405,Hessa Al-Otaibi,Live Chat,Account Management,Low,Ahmed Al-Qahtani,Riyadh,2026-02-28,2026-03-07,632,174.6,Resolved,4,0.0,Resolved,7.0,2026,February,2026-02,Slow,
TCK-000499,CUST-38378,Sara Al-Zahrani,Live Chat,Account Management,High,Noura Al-Shammari,Riyadh,2024-07-02,,71,0.0,Open,0,0.0,Unresolved,,2024,July,2024-07,Moderate,851.0
TCK-000500,CUST-79135,Nasser Al-Zahrani,Phone,Technical Support,Low,Faisal Al-Shehri,Dammam,2026-02-27,2026-03-06,152,189.5,Closed,3,0.0,Resolved,7.0,2026,February,2026-02,Moderate,
TCK-000501,CUST-49431,Turki Al-Dossari,WhatsApp,General Inquiry,Medium,Abdullah Al-Zahrani,Riyadh,2026-05-03,2026-05-04,85,27.9,Resolved,3,0.0,Resolved,1.0,2026,May,2026-05,Moderate,
TCK-000502,CUST-78827,Fahad Al-Dossari,Email,Billing,Medium,Maha Al-Balawi,Mecca,2025-06-14,,214,0.0,Pending,0,0.0,Unresolved,,2025,June,2025-06,Slow,504.0
TCK-000503,CUST-17482,Nasser Al-Malki,Email,Refund Request,Low,Turki Al-Subaie,Riyadh,2025-08-03,,649,0.0,Escalated,0,0.0,Unresolved,,2025,August,2025-08,Slow,454.0
TCK-000504,CUST-18673,Reem Al-Subaie,Live Chat,Complaint,Low,Huda Al-Anazi,Riyadh,2024-07-12,2024-07-12,233,12.8,Resolved,4,0.0,Resolved,0.0,2024,July,2024-07,Slow,
TCK-000505,CUST-55494,Huda Al-Shehri,Branch,Delivery Issue,Low,Ahmed Al-Qahtani,Buraidah,2026-10-04,2026-10-13,259,218.0,Closed,5,0.0,Resolved,9.0,2026,October,2026-10,Slow,
TCK-000506,CUST-19500,Fahad Al-Ghamdi,WhatsApp,Technical Support,Medium,Sara Al-Dossari,Riyadh,2026-05-27,2026-05-28,34,38.0,Resolved,2,0.0,Resolved,1.0,2026,May,2026-05,Fast,
TCK-000507,CUST-97913,Mohammed Al-Mutairi,Email,General Inquiry,Low,Abdullah Al-Zahrani,Dammam,2025-12-04,,388,0.0,Open,0,0.0,Unresolved,,2025,December,2025-12,Slow,331.0
TCK-000508,CUST-95504,Sara Al-Zahrani,Phone,General Inquiry,Medium,Lama Al-Rashidi,Riyadh,2026-09-29,,258,0.0,Open,0,0.0,Unresolved,,2026,September,2026-09,Slow,32.0
TCK-000509,CUST-54396,Abdullah Al-Malki,Phone,Complaint,Low,Abdullah Al-Zahrani,Mecca,2026-06-14,2026-06-21,273,172.4,Resolved,3,0.0,Resolved,7.0,2026,June,2026-06,Slow,
TCK-000510,CUST-15153,Turki Al-Rashidi,Social Media,Billing,Medium,Turki Al-Subaie,Khobar,2025-12-11,2025-12-14,232,79.4,Resolved,5,0.0,Resolved,3.0,2025,December,2025-12,Slow,
TCK-000511,CUST-18211,Mohammed Al-Balawi,Live Chat,General Inquiry,Medium,Noura Al-Shammari,Jeddah,2025-10-24,2025-10-24,161,12.3,Resolved,3,0.0,Resolved,0.0,2025,October,2025-10,Moderate,
TCK-000512,CUST-64644,Turki Al-Qahtani,Email,Technical Support,Medium,Huda Al-Anazi,Dammam,2024-01-07,2024-01-11,121,109.3,Closed,4,0.0,Resolved,4.0,2024,January,2024-01,Moderate,
TCK-000513,CUST-33242,Ahmed Al-Balawi,Live Chat,Account Management,Medium,Faisal Al-Shehri,Riyadh,2026-07-16,2026-07-18,28,50.3,Closed,4,0.0,Resolved,2.0,2026,July,2026-07,Very Fast,
TCK-000514,CUST-50694,Aisha Al-Anazi,Phone,Technical Support,Medium,Turki Al-Subaie,Jeddah,2026-07-14,2026-07-18,161,103.3,Resolved,5,0.0,Resolved,4.0,2026,July,2026-07,Moderate,
TCK-000515,CUST-15109,Faisal Al-Ghamdi,Branch,Unknown,Medium,Lama Al-Rashidi,Abha,2026-01-31,,213,0.0,Escalated,0,0.0,Unresolved,,2026,January,2026-01,Slow,273.0
TCK-000516,CUST-73372,Ahmed Al-Anazi,Phone,General Inquiry,Low,Faisal Al-Shehri,Abha,2024-04-08,2024-04-13,719,127.7,Resolved,4,0.0,Resolved,5.0,2024,April,2024-04,Slow,
TCK-000517,CUST-58325,Fahad Al-Otaibi,Live Chat,Refund Request,Low,Sara Al-Dossari,Buraidah,2025-03-30,2025-04-05,550,150.5,Resolved,5,281.13,Resolved,6.0,2025,March,2025-03,Slow,
TCK-000518,CUST-83866,Aisha Al-Shammari,Phone,Complaint,High,Sara Al-Dossari,Dammam,2026-08-20,,46,0.0,Pending,0,0.0,Unresolved,,2026,August,2026-08,Fast,72.0
TCK-000519,CUST-99319,Turki Al-Zahrani,Phone,Complaint,Low,Maha Al-Balawi,Jeddah,2024-12-15,2024-12-19,527,104.2,Resolved,3,1586.86,Resolved,4.0,2024,December,2024-12,Slow,
TCK-000520,CUST-83847,Reem Al-Rashidi,Social Media,Complaint,High,Turki Al-Subaie,Mecca,2025-09-06,2025-09-06,72,4.8,Resolved,2,2801.51,Resolved,0.0,2025,September,2025-09,Moderate,
TCK-000521,CUST-70212,Abdullah Al-Shehri,Branch,Billing,High,Mohammed Al-Harbi,Mecca,2026-02-16,2026-02-17,34,26.8,Resolved,5,0.0,Resolved,1.0,2026,February,2026-02,Fast,
TCK-000522,CUST-17974,Bandar Al-Zahrani,Phone,General Inquiry,High,Noura Al-Shammari,Riyadh,2025-01-14,2025-01-15,43,30.8,Resolved,5,0.0,Resolved,1.0,2025,January,2025-01,Fast,
TCK-000523,CUST-25934,Dana Al-Anazi,Phone,Billing,Medium,Reem Al-Mutairi,Riyadh,2025-08-16,2025-08-19,69,88.6,Resolved,4,0.0,Resolved,3.0,2025,August,2025-08,Moderate,
TCK-000524,CUST-36283,Huda Al-Otaibi,WhatsApp,Refund Request,Low,Turki Al-Subaie,Jeddah,2026-01-25,,430,0.0,Escalated,0,0.0,Unresolved,,2026,January,2026-01,Slow,279.0
TCK-000525,CUST-52689,Abdullah Al-Zahrani,Phone,Delivery Issue,Low,Mohammed Al-Harbi,Abha,2024-08-19,2024-08-25,536,151.8,Resolved,3,0.0,Resolved,6.0,2024,August,2024-08,Slow,
TCK-000526,CUST-90893,Lama Al-Subaie,Phone,Delivery Issue,Medium,Yousef Al-Malki,Jeddah,2024-02-23,2024-02-25,253,54.5,Resolved,4,0.0,Resolved,2.0,2024,February,2024-02,Slow,
TCK-000527,CUST-29817,Yousef Al-Balawi,Live Chat,Account Management,Low,Fahad Al-Otaibi,Jeddah,2026-07-21,2026-07-26,206,120.0,Resolved,4,0.0,Resolved,5.0,2026,July,2026-07,Slow,
TCK-000528,CUST-51508,Hessa Al-Dossari,Branch,General Inquiry,Critical,Faisal Al-Shehri,Mecca,2025-08-11,2025-08-11,25,11.9,Resolved,3,0.0,Resolved,0.0,2025,August,2025-08,Very Fast,
TCK-000529,CUST-15727,Hessa Al-Mutairi,WhatsApp,General Inquiry,Medium,Ahmed Al-Qahtani,Jeddah,2026-03-19,,49,0.0,Open,0,0.0,Unresolved,,2026,March,2026-03,Fast,226.0
TCK-000530,CUST-54264,Maha Al-Malki,Phone,Technical Support,Low,Turki Al-Subaie,Buraidah,2025-11-06,2025-11-06,482,13.8,Resolved,5,0.0,Resolved,0.0,2025,November,2025-11,Slow,
TCK-000531,CUST-12717,Reem Al-Dossari,Email,Billing,High,Khalid Al-Ghamdi,Khobar,2026-06-17,,69,0.0,Pending,0,0.0,Unresolved,,2026,June,2026-06,Moderate,136.0
TCK-000532,CUST-89356,Sara Al-Dossari,Unknown,Technical Support,Low,Yousef Al-Malki,Jeddah,2026-03-21,2026-03-26,524,125.9,Resolved,2,0.0,Resolved,5.0,2026,March,2026-03,Slow,
TCK-000533,CUST-84353,Khalid Al-Ghamdi,Live Chat,Technical Support,High,Fahad Al-Otaibi,Jeddah,2025-12-31,2025-12-31,69,7.1,Resolved,4,0.0,Resolved,0.0,2025,December,2025-12,Moderate,
TCK-000534,CUST-47293,Faisal Al-Anazi,Email,Account Management,High,Ahmed Al-Qahtani,Khobar,2025-01-19,2025-01-20,24,28.2,Closed,5,0.0,Resolved,1.0,2025,January,2025-01,Very Fast,
TCK-000535,CUST-44389,Faisal Al-Rashidi,Phone,Complaint,Medium,Huda Al-Anazi,Riyadh,2024-10-30,,161,0.0,Pending,0,0.0,Unresolved,,2024,October,2024-10,Moderate,731.0
TCK-000536,CUST-92704,Sultan Al-Ghamdi,Email,General Inquiry,Critical,Mohammed Al-Harbi,Riyadh,2024-09-21,2024-09-21,2,8.2,Closed,2,0.0,Resolved,0.0,2024,September,2024-09,Very Fast,
TCK-000537,CUST-77433,Ahmed Al-Dossari,Email,General Inquiry,High,Reem Al-Mutairi,Riyadh,2025-08-26,2025-08-27,85,33.8,Resolved,4,0.0,Resolved,1.0,2025,August,2025-08,Moderate,
TCK-000538,CUST-27261,Turki Al-Ghamdi,Social Media,Technical Support,Low,Khalid Al-Ghamdi,Mecca,2026-05-09,2026-05-13,118,97.9,Resolved,5,0.0,Resolved,4.0,2026,May,2026-05,Moderate,
TCK-000539,CUST-62745,Yousef Al-Shammari,Live Chat,Technical Support,Medium,Turki Al-Subaie,Riyadh,2026-01-14,,258,0.0,Open,0,0.0,Unresolved,,2026,January,2026-01,Slow,290.0
TCK-000540,CUST-75216,Turki Al-Anazi,Social Media,Account Management,Medium,Maha Al-Balawi,Buraidah,2025-01-23,2025-01-27,219,113.4,Resolved,5,0.0,Resolved,4.0,2025,January,2025-01,Slow,
TCK-000541,CUST-55566,Yousef Al-Rashidi,Email,Billing,High,Noura Al-Shammari,Tabuk,2024-05-05,,44,0.0,Pending,0,0.0,Unresolved,,2024,May,2024-05,Fast,909.0
TCK-000542,CUST-28029,Aisha Al-Qahtani,Email,General Inquiry,Low,Khalid Al-Ghamdi,Riyadh,2024-09-27,2024-09-28,556,41.2,Resolved,5,0.0,Resolved,1.0,2024,September,2024-09,Slow,
TCK-000543,CUST-18361,Huda Al-Balawi,WhatsApp,Account Management,Critical,Ahmed Al-Qahtani,Unknown,2025-11-08,2025-11-08,21,5.8,Closed,4,0.0,Resolved,0.0,2025,November,2025-11,Very Fast,
TCK-000544,CUST-33125,Faisal Al-Qahtani,WhatsApp,Technical Support,Critical,Huda Al-Anazi,Jeddah,2025-07-07,2025-07-07,9,11.9,Resolved,3,0.0,Resolved,0.0,2025,July,2025-07,Very Fast,
TCK-000545,CUST-71657,Khalid Al-Anazi,WhatsApp,Technical Support,Critical,Lama Al-Rashidi,Dammam,2024-11-02,2024-11-02,7,7.6,Resolved,3,0.0,Resolved,0.0,2024,November,2024-11,Very Fast,
TCK-000546,CUST-47845,Mohammed Al-Rashidi,Phone,Account Management,High,Sara Al-Dossari,Riyadh,2024-05-20,2024-05-21,29,25.4,Resolved,2,0.0,Resolved,1.0,2024,May,2024-05,Very Fast,
TCK-000547,CUST-90824,Fahad Al-Shammari,Unknown,Technical Support,Medium,Huda Al-Anazi,Abha,2025-11-30,2025-12-03,265,90.8,Resolved,4,0.0,Resolved,3.0,2025,November,2025-11,Slow,
TCK-000548,CUST-37646,Faisal Al-Shammari,Email,Delivery Issue,High,Yousef Al-Malki,Dammam,2026-04-27,2026-04-28,65,40.2,Closed,4,0.0,Resolved,1.0,2026,April,2026-04,Moderate,
TCK-000549,CUST-67917,Maha Al-Balawi,Email,Delivery Issue,Medium,Faisal Al-Shehri,Medina,2026-05-10,,170,0.0,Pending,0,0.0,Unresolved,,2026,May,2026-05,Moderate,174.0
TCK-000550,CUST-38299,Sara Al-Rashidi,Phone,Technical Support,Low,Faisal Al-Shehri,Mecca,2025-12-19,2025-12-19,254,12.7,Closed,4,0.0,Resolved,0.0,2025,December,2025-12,Slow,
TCK-000551,CUST-22744,Ahmed Al-Otaibi,Branch,Billing,Medium,Reem Al-Mutairi,Dammam,2025-05-08,2025-05-10,123,69.0,Resolved,4,0.0,Resolved,2.0,2025,May,2025-05,Moderate,
TCK-000552,CUST-71082,Huda Al-Shehri,Branch,Billing,High,Abdullah Al-Zahrani,Jeddah,2026-07-28,,83,0.0,Pending,0,0.0,Unresolved,,2026,July,2026-07,Moderate,95.0
TCK-000553,CUST-22699,Maha Al-Anazi,Live Chat,Account Management,Low,Mohammed Al-Harbi,Medina,2024-04-04,2024-04-06,470,61.9,Resolved,4,0.0,Resolved,2.0,2024,April,2024-04,Slow,
TCK-000554,CUST-99082,Turki Al-Otaibi,Phone,Billing,Critical,Noura Al-Shammari,Mecca,2024-03-25,2024-03-25,17,3.7,Resolved,4,0.0,Resolved,0.0,2024,March,2024-03,Very Fast,
TCK-000555,CUST-67302,Khalid Al-Qahtani,Phone,Technical Support,High,Abdullah Al-Zahrani,Unknown,2024-12-23,2024-12-24,8,34.5,Resolved,3,0.0,Resolved,1.0,2024,December,2024-12,Very Fast,
TCK-000556,CUST-89860,Ahmed Al-Harbi,Phone,Unknown,Low,Noura Al-Shammari,Riyadh,2024-05-27,,343,0.0,Escalated,0,0.0,Unresolved,,2024,May,2024-05,Slow,887.0
TCK-000557,CUST-85501,Mohammed Al-Qahtani,Live Chat,Unknown,Medium,Sara Al-Dossari,Tabuk,2025-10-16,,111,0.0,Escalated,0,0.0,Unresolved,,2025,October,2025-10,Moderate,380.0
TCK-000558,CUST-23215,Sultan Al-Anazi,WhatsApp,Technical Support,High,Turki Al-Subaie,Dammam,2024-07-17,2024-07-18,70,26.3,Resolved,3,0.0,Resolved,1.0,2024,July,2024-07,Moderate,
TCK-000559,CUST-68155,Sara Al-Mutairi,Phone,Delivery Issue,Medium,Fahad Al-Otaibi,Riyadh,2025-07-13,,211,0.0,Pending,0,0.0,Unresolved,,2025,July,2025-07,Slow,475.0
TCK-000560,CUST-25352,Sultan Al-Shammari,WhatsApp,Billing,Medium,Sara Al-Dossari,Medina,2025-03-25,2025-03-27,111,56.2,Resolved,4,0.0,Resolved,2.0,2025,March,2025-03,Moderate,
TCK-000561,CUST-20414,Nasser Al-Harbi,WhatsApp,Technical Support,High,Reem Al-Mutairi,Abha,2026-01-16,2026-01-16,84,22.7,Resolved,5,0.0,Resolved,0.0,2026,January,2026-01,Moderate,
TCK-000562,CUST-18147,Yousef Al-Subaie,Phone,General Inquiry,Low,Noura Al-Shammari,Riyadh,2024-09-23,,61,0.0,Open,0,0.0,Unresolved,,2024,September,2024-09,Moderate,768.0
TCK-000563,CUST-43318,Lama Al-Balawi,Phone,Account Management,Medium,Ahmed Al-Qahtani,Dammam,2026-09-07,2026-09-10,282,79.4,Resolved,3,0.0,Resolved,3.0,2026,September,2026-09,Slow,
TCK-000564,CUST-62851,Aisha Al-Otaibi,Live Chat,Complaint,Medium,Abdullah Al-Zahrani,Medina,2026-05-06,,153,0.0,Pending,0,0.0,Unresolved,,2026,May,2026-05,Moderate,178.0
TCK-000565,CUST-56517,Faisal Al-Dossari,Email,Refund Request,Low,Huda Al-Anazi,Jeddah,2024-06-01,2024-06-07,182,157.6,Resolved,3,109.03,Resolved,6.0,2024,June,2024-06,Slow,
TCK-000566,CUST-87766,Mohammed Al-Rashidi,Email,Billing,Medium,Abdullah Al-Zahrani,Riyadh,2026-10-14,2026-10-17,221,91.9,Closed,5,0.0,Resolved,3.0,2026,October,2026-10,Slow,
TCK-000567,CUST-17515,Abdullah Al-Qahtani,Live Chat,Complaint,Low,Sara Al-Dossari,Khobar,2026-03-14,2026-03-19,588,135.2,Resolved,2,0.0,Resolved,5.0,2026,March,2026-03,Slow,
TCK-000568,CUST-77703,Sultan Al-Zahrani,Email,Account Management,High,Fahad Al-Otaibi,Riyadh,2026-08-05,,44,0.0,Open,0,0.0,Unresolved,,2026,August,2026-08,Fast,87.0
TCK-000569,CUST-10069,Nasser Al-Otaibi,WhatsApp,Complaint,Critical,Ahmed Al-Qahtani,Jeddah,2026-10-14,2026-10-14,21,5.6,Resolved,5,0.0,Resolved,0.0,2026,October,2026-10,Very Fast,
TCK-000570,CUST-19459,Khalid Al-Rashidi,Live Chat,Billing,Medium,Fahad Al-Otaibi,Medina,2025-10-29,2025-10-29,57,10.7,Resolved,1,0.0,Resolved,0.0,2025,October,2025-10,Fast,
TCK-000571,CUST-88021,Dana Al-Dossari,Phone,Account Management,Medium,Mohammed Al-Harbi,Riyadh,2024-01-27,2024-01-30,280,84.7,Resolved,3,0.0,Resolved,3.0,2024,January,2024-01,Slow,
TCK-000572,CUST-51788,Faisal Al-Harbi,Live Chat,Delivery Issue,High,Sara Al-Dossari,Riyadh,2024-10-22,,68,0.0,Open,0,0.0,Unresolved,,2024,October,2024-10,Moderate,739.0
TCK-000573,CUST-67894,Aisha Al-Shammari,Branch,Account Management,Medium,Sara Al-Dossari,Mecca,2024-08-31,2024-09-04,200,99.8,Resolved,3,0.0,Resolved,4.0,2024,August,2024-08,Slow,
TCK-000574,CUST-36322,Sultan Al-Otaibi,Phone,Account Management,Low,Turki Al-Subaie,Mecca,2025-04-15,2025-04-21,311,146.4,Closed,5,0.0,Resolved,6.0,2025,April,2025-04,Slow,
TCK-000575,CUST-94666,Aisha Al-Otaibi,Live Chat,Complaint,High,Mohammed Al-Harbi,Jeddah,2024-09-04,2024-09-05,45,24.6,Closed,1,0.0,Resolved,1.0,2024,September,2024-09,Fast,
TCK-000576,CUST-32089,Khalid Al-Zahrani,Phone,General Inquiry,Low,Yousef Al-Malki,Riyadh,2026-05-19,2026-05-23,478,107.1,Resolved,3,0.0,Resolved,4.0,2026,May,2026-05,Slow,
TCK-000577,CUST-49280,Yousef Al-Shehri,Phone,Billing,Medium,Abdullah Al-Zahrani,Riyadh,2024-03-26,2024-03-30,86,112.9,Resolved,5,0.0,Resolved,4.0,2024,March,2024-03,Moderate,
TCK-000578,CUST-14040,Sara Al-Dossari,Email,Complaint,Low,Ahmed Al-Qahtani,Dammam,2024-03-18,2024-03-24,642,157.6,Resolved,4,0.0,Resolved,6.0,2024,March,2024-03,Slow,
TCK-000579,CUST-40123,Bandar Al-Shammari,WhatsApp,General Inquiry,Medium,Turki Al-Subaie,Medina,2024-02-23,2024-02-26,32,74.9,Resolved,3,0.0,Resolved,3.0,2024,February,2024-02,Fast,
TCK-000580,CUST-44318,Bandar Al-Ghamdi,Phone,Technical Support,High,Yousef Al-Malki,Unknown,2024-07-25,2024-07-26,84,24.5,Resolved,5,0.0,Resolved,1.0,2024,July,2024-07,Moderate,
TCK-000581,CUST-71411,Aisha Al-Malki,Unknown,Technical Support,Low,Sara Al-Dossari,Abha,2025-04-22,2025-04-29,273,189.8,Resolved,4,0.0,Resolved,7.0,2025,April,2025-04,Slow,
TCK-000582,CUST-52709,Dana Al-Shehri,Phone,General Inquiry,High,Reem Al-Mutairi,Hail,2024-05-12,2024-05-13,88,40.4,Resolved,4,0.0,Resolved,1.0,2024,May,2024-05,Moderate,
TCK-000583,CUST-69495,Lama Al-Mutairi,WhatsApp,Billing,High,Mohammed Al-Harbi,Jeddah,2025-11-06,2025-11-06,34,14.8,Resolved,4,0.0,Resolved,0.0,2025,November,2025-11,Fast,
TCK-000584,CUST-86388,Ahmed Al-Anazi,Branch,Refund Request,Medium,Ahmed Al-Qahtani,Riyadh,2024-07-04,2024-07-08,146,103.2,Resolved,3,0.0,Resolved,4.0,2024,July,2024-07,Moderate,
TCK-000585,CUST-59105,Reem Al-Harbi,WhatsApp,General Inquiry,Medium,Reem Al-Mutairi,Jeddah,2026-10-13,,94,0.0,Open,0,0.0,Unresolved,,2026,October,2026-10,Moderate,18.0
TCK-000586,CUST-16474,Hessa Al-Subaie,Social Media,Refund Request,Low,Reem Al-Mutairi,Riyadh,2024-04-04,2024-04-07,253,73.4,Resolved,4,0.0,Resolved,3.0,2024,April,2024-04,Slow,
TCK-000587,CUST-13239,Reem Al-Mutairi,Live Chat,General Inquiry,High,Abdullah Al-Zahrani,Mecca,2026-06-24,,88,0.0,Escalated,0,0.0,Unresolved,,2026,June,2026-06,Moderate,129.0
TCK-000588,CUST-56445,Sultan Al-Ghamdi,Live Chat,Account Management,Medium,Fahad Al-Otaibi,Jeddah,2026-06-07,2026-06-09,41,50.6,Closed,3,0.0,Resolved,2.0,2026,June,2026-06,Fast,
TCK-000589,CUST-65183,Mohammed Al-Ghamdi,Unknown,Complaint,Medium,Khalid Al-Ghamdi,Jeddah,2024-08-03,2024-08-07,26,109.4,Resolved,5,3882.32,Resolved,4.0,2024,August,2024-08,Very Fast,
TCK-000590,CUST-31918,Ahmed Al-Subaie,Phone,Billing,Medium,Maha Al-Balawi,Riyadh,2026-03-22,,90,0.0,Open,0,0.0,Unresolved,,2026,March,2026-03,Moderate,223.0
TCK-000591,CUST-98392,Fahad Al-Zahrani,Live Chat,General Inquiry,Medium,Faisal Al-Shehri,Riyadh,2025-11-18,2025-11-18,168,12.8,Resolved,5,0.0,Resolved,0.0,2025,November,2025-11,Moderate,
TCK-000592,CUST-52646,Dana Al-Otaibi,Social Media,Complaint,Critical,Faisal Al-Shehri,Riyadh,2024-06-14,2024-06-14,4,9.4,Resolved,3,2320.91,Resolved,0.0,2024,June,2024-06,Very Fast,
TCK-000593,CUST-22429,Ahmed Al-Ghamdi,Phone,Technical Support,Medium,Ahmed Al-Qahtani,Mecca,2024-08-23,2024-08-27,132,97.1,Resolved,5,0.0,Resolved,4.0,2024,August,2024-08,Moderate,
TCK-000594,CUST-17617,Nasser Al-Harbi,WhatsApp,Refund Request,High,Mohammed Al-Harbi,Dammam,2025-06-06,2025-06-06,14,15.3,Closed,4,757.01,Resolved,0.0,2025,June,2025-06,Very Fast,
TCK-000595,CUST-18353,Noura Al-Ghamdi,WhatsApp,Complaint,Low,Faisal Al-Shehri,Unknown,2025-07-26,2025-07-29,529,88.3,Closed,4,2695.1,Resolved,3.0,2025,July,2025-07,Slow,
TCK-000596,CUST-26915,Faisal Al-Otaibi,Email,Billing,Critical,Turki Al-Subaie,Jeddah,2024-04-05,2024-04-05,19,1.1,Resolved,4,0.0,Resolved,0.0,2024,April,2024-04,Very Fast,
TCK-000597,CUST-15032,Fahad Al-Mutairi,Live Chat,Account Management,Low,Fahad Al-Otaibi,Dammam,2024-05-30,,551,0.0,Open,0,0.0,Unresolved,,2024,May,2024-05,Slow,884.0
TCK-000598,CUST-79266,Ahmed Al-Rashidi,Branch,Billing,Low,Noura Al-Shammari,Mecca,2026-05-02,2026-05-08,448,145.0,Resolved,5,0.0,Resolved,6.0,2026,May,2026-05,Slow,
TCK-000599,CUST-19644,Faisal Al-Shammari,Unknown,Complaint,High,Faisal Al-Shehri,Riyadh,2026-07-19,2026-07-20,57,42.5,Resolved,2,2269.89,Resolved,1.0,2026,July,2026-07,Fast,
TCK-000600,CUST-93469,Mohammed Al-Malki,Email,Technical Support,Medium,Huda Al-Anazi,Dammam,2024-06-07,2024-06-10,234,81.0,Resolved,4,0.0,Resolved,3.0,2024,June,2024-06,Slow,
TCK-000601,CUST-28685,Turki Al-Dossari,Email,General Inquiry,Low,Lama Al-Rashidi,Mecca,2024-05-16,2024-05-18,206,64.9,Closed,5,0.0,Resolved,2.0,2024,May,2024-05,Slow,
TCK-000602,CUST-94330,Dana Al-Otaibi,WhatsApp,Refund Request,Medium,Mohammed Al-Harbi,Jeddah,2026-04-30,,82,0.0,Pending,0,0.0,Unresolved,,2026,April,2026-04,Moderate,184.0
TCK-000603,CUST-37655,Fahad Al-Zahrani,Phone,Technical Support,Medium,Sara Al-Dossari,Riyadh,2025-02-18,2025-02-21,47,94.3,Resolved,5,0.0,Resolved,3.0,2025,February,2025-02,Fast,
TCK-000604,CUST-27814,Hessa Al-Otaibi,Email,Complaint,Medium,Khalid Al-Ghamdi,Khobar,2024-06-15,,180,0.0,Pending,0,0.0,Unresolved,,2024,June,2024-06,Moderate,868.0
TCK-000605,CUST-97932,Maha Al-Subaie,Email,Refund Request,Medium,Faisal Al-Shehri,Mecca,2024-04-18,2024-04-19,246,25.9,Resolved,2,2524.1,Resolved,1.0,2024,April,2024-04,Slow,
TCK-000606,CUST-10917,Faisal Al-Subaie,Branch,Technical Support,Medium,Khalid Al-Ghamdi,Jeddah,2024-09-02,2024-09-03,233,34.7,Closed,2,0.0,Resolved,1.0,2024,September,2024-09,Slow,
TCK-000607,CUST-24125,Fahad Al-Ghamdi,Email,General Inquiry,Medium,Khalid Al-Ghamdi,Riyadh,2024-10-26,,179,0.0,Pending,0,0.0,Unresolved,,2024,October,2024-10,Moderate,735.0
TCK-000608,CUST-75537,Khalid Al-Malki,Branch,Technical Support,Low,Ahmed Al-Qahtani,Riyadh,2024-10-15,2024-10-20,561,134.3,Resolved,5,0.0,Resolved,5.0,2024,October,2024-10,Slow,
TCK-000609,CUST-78297,Sultan Al-Subaie,Email,Technical Support,Low,Abdullah Al-Zahrani,Riyadh,2026-04-07,2026-04-14,146,189.3,Resolved,3,0.0,Resolved,7.0,2026,April,2026-04,Moderate,
TCK-000610,CUST-94515,Ahmed Al-Balawi,Phone,Delivery Issue,Medium,Faisal Al-Shehri,Mecca,2026-03-13,2026-03-16,223,75.8,Resolved,3,0.0,Resolved,3.0,2026,March,2026-03,Slow,
TCK-000611,CUST-40603,Khalid Al-Dossari,Phone,Billing,Low,Ahmed Al-Qahtani,Riyadh,2024-12-04,2024-12-05,257,40.4,Resolved,4,0.0,Resolved,1.0,2024,December,2024-12,Slow,
TCK-000612,CUST-83337,Huda Al-Shehri,Branch,Technical Support,Low,Khalid Al-Ghamdi,Riyadh,2025-08-12,,56,0.0,Pending,0,0.0,Unresolved,,2025,August,2025-08,Fast,445.0
TCK-000613,CUST-43605,Dana Al-Shammari,Phone,Technical Support,Low,Ahmed Al-Qahtani,Jeddah,2026-06-10,2026-06-15,719,143.1,Resolved,2,0.0,Resolved,5.0,2026,June,2026-06,Slow,
TCK-000614,CUST-35902,Aisha Al-Anazi,Phone,Technical Support,Low,Abdullah Al-Zahrani,Khobar,2026-07-21,2026-07-30,220,233.2,Closed,3,0.0,Resolved,9.0,2026,July,2026-07,Slow,
TCK-000615,CUST-57143,Hessa Al-Shammari,Branch,Unknown,Medium,Sara Al-Dossari,Abha,2025-12-14,2025-12-18,232,109.6,Closed,5,0.0,Resolved,4.0,2025,December,2025-12,Slow,
TCK-000616,CUST-91009,Mohammed Al-Dossari,Live Chat,Unknown,Low,Khalid Al-Ghamdi,Riyadh,2025-05-12,2025-05-19,440,172.4,Closed,2,0.0,Resolved,7.0,2025,May,2025-05,Slow,
TCK-000617,CUST-20719,Maha Al-Balawi,Branch,Billing,Low,Turki Al-Subaie,Medina,2026-05-12,2026-05-21,230,223.6,Closed,1,0.0,Resolved,9.0,2026,May,2026-05,Slow,
TCK-000618,CUST-20648,Bandar Al-Otaibi,Live Chat,Technical Support,Medium,Yousef Al-Malki,Buraidah,2024-12-08,2024-12-12,176,105.0,Closed,4,0.0,Resolved,4.0,2024,December,2024-12,Moderate,
TCK-000619,CUST-67962,Hessa Al-Harbi,Phone,Delivery Issue,Low,Lama Al-Rashidi,Jeddah,2026-05-04,2026-05-08,230,118.0,Resolved,1,0.0,Resolved,4.0,2026,May,2026-05,Slow,
TCK-000620,CUST-19688,Abdullah Al-Ghamdi,Phone,Billing,Low,Sara Al-Dossari,Dammam,2025-08-26,2025-09-01,355,164.7,Closed,4,0.0,Resolved,6.0,2025,August,2025-08,Slow,
TCK-000621,CUST-97922,Hessa Al-Malki,Phone,Technical Support,High,Khalid Al-Ghamdi,Khobar,2025-01-23,2025-01-24,67,32.1,Closed,4,0.0,Resolved,1.0,2025,January,2025-01,Moderate,
TCK-000622,CUST-13656,Lama Al-Ghamdi,Social Media,Delivery Issue,High,Reem Al-Mutairi,Mecca,2024-12-28,2024-12-29,17,39.6,Resolved,5,2414.85,Resolved,1.0,2024,December,2024-12,Very Fast,
TCK-000623,CUST-52429,Noura Al-Rashidi,WhatsApp,Billing,Medium,Huda Al-Anazi,Dammam,2025-06-08,2025-06-10,129,61.5,Closed,1,0.0,Resolved,2.0,2025,June,2025-06,Moderate,
TCK-000624,CUST-46940,Mohammed Al-Mutairi,WhatsApp,Technical Support,Medium,Yousef Al-Malki,Riyadh,2024-10-14,2024-10-18,108,106.6,Resolved,5,0.0,Resolved,4.0,2024,October,2024-10,Moderate,
TCK-000625,CUST-13149,Maha Al-Shammari,Email,Refund Request,Low,Yousef Al-Malki,Jeddah,2025-10-13,2025-10-19,368,158.3,Resolved,5,0.0,Resolved,6.0,2025,October,2025-10,Slow,
TCK-000626,CUST-15844,Ahmed Al-Qahtani,WhatsApp,General Inquiry,Medium,Abdullah Al-Zahrani,Riyadh,2024-01-05,2024-01-09,39,105.6,Resolved,5,0.0,Resolved,4.0,2024,January,2024-01,Fast,
TCK-000627,CUST-63970,Turki Al-Ghamdi,Email,Billing,Low,Reem Al-Mutairi,Khobar,2026-10-31,,337,0.0,Escalated,0,0.0,Unresolved,,2026,October,2026-10,Slow,0.0
TCK-000628,CUST-34729,Turki Al-Otaibi,Email,Billing,Low,Sara Al-Dossari,Riyadh,2024-02-04,2024-02-12,400,196.5,Resolved,5,0.0,Resolved,8.0,2024,February,2024-02,Slow,
TCK-000629,CUST-68625,Reem Al-Anazi,Phone,Technical Support,High,Turki Al-Subaie,Hail,2024-03-05,2024-03-06,11,43.5,Resolved,4,0.0,Resolved,1.0,2024,March,2024-03,Very Fast,
TCK-000630,CUST-10777,Hessa Al-Anazi,WhatsApp,Billing,Medium,Lama Al-Rashidi,Jeddah,2026-01-23,2026-01-25,276,52.1,Resolved,5,2118.65,Resolved,2.0,2026,January,2026-01,Slow,
TCK-000631,CUST-12361,Faisal Al-Malki,Phone,Delivery Issue,High,Lama Al-Rashidi,Jeddah,2026-08-12,,36,0.0,Open,0,0.0,Unresolved,,2026,August,2026-08,Fast,80.0
TCK-000632,CUST-93281,Sara Al-Ghamdi,Phone,Technical Support,Low,Ahmed Al-Qahtani,Medina,2026-06-09,,375,0.0,Pending,0,0.0,Unresolved,,2026,June,2026-06,Slow,144.0
TCK-000633,CUST-51397,Hessa Al-Dossari,Phone,Technical Support,Medium,Khalid Al-Ghamdi,Mecca,2026-08-18,2026-08-18,160,22.8,Resolved,4,0.0,Resolved,0.0,2026,August,2026-08,Moderate,
TCK-000634,CUST-39790,Faisal Al-Rashidi,Email,Billing,Medium,Abdullah Al-Zahrani,Mecca,2024-03-01,,27,0.0,Open,0,0.0,Unresolved,,2024,March,2024-03,Very Fast,974.0
TCK-000635,CUST-24338,Noura Al-Zahrani,Live Chat,General Inquiry,Low,Sara Al-Dossari,Jeddah,2024-12-01,,217,0.0,Pending,0,0.0,Unresolved,,2024,December,2024-12,Slow,699.0
TCK-000636,CUST-50259,Maha Al-Anazi,Email,Unknown,Low,Sara Al-Dossari,Medina,2024-07-10,2024-07-19,109,234.6,Closed,5,0.0,Resolved,9.0,2024,July,2024-07,Moderate,
TCK-000637,CUST-32924,Reem Al-Mutairi,Phone,Technical Support,Critical,Yousef Al-Malki,Jeddah,2024-08-09,,3,0.0,Open,0,0.0,Unresolved,,2024,August,2024-08,Very Fast,813.0
TCK-000638,CUST-85023,Khalid Al-Anazi,Phone,Technical Support,Medium,Faisal Al-Shehri,Unknown,2026-09-05,2026-09-09,120,105.9,Resolved,4,0.0,Resolved,4.0,2026,September,2026-09,Moderate,
TCK-000639,CUST-55407,Dana Al-Shehri,Phone,General Inquiry,Medium,Noura Al-Shammari,Hail,2024-06-09,2024-06-11,276,63.0,Resolved,1,0.0,Resolved,2.0,2024,June,2024-06,Slow,
TCK-000640,CUST-16655,Nasser Al-Mutairi,WhatsApp,Technical Support,High,Huda Al-Anazi,Mecca,2024-12-03,2024-12-03,89,20.8,Resolved,4,0.0,Resolved,0.0,2024,December,2024-12,Moderate,
TCK-000641,CUST-99821,Mohammed Al-Qahtani,Branch,Technical Support,Low,Noura Al-Shammari,Dammam,2024-01-08,2024-01-13,538,136.5,Resolved,4,0.0,Resolved,5.0,2024,January,2024-01,Slow,
TCK-000642,CUST-32690,Ahmed Al-Zahrani,Phone,Account Management,Low,Abdullah Al-Zahrani,Riyadh,2026-08-18,2026-08-19,680,46.4,Closed,4,0.0,Resolved,1.0,2026,August,2026-08,Slow,
TCK-000643,CUST-79918,Faisal Al-Shehri,WhatsApp,Billing,Medium,Mohammed Al-Harbi,Dammam,2024-01-21,,157,0.0,Escalated,0,0.0,Unresolved,,2024,January,2024-01,Moderate,1014.0
TCK-000644,CUST-66463,Sara Al-Mutairi,WhatsApp,Billing,High,Ahmed Al-Qahtani,Riyadh,2026-01-07,2026-01-07,47,18.7,Resolved,5,3743.65,Resolved,0.0,2026,January,2026-01,Fast,
TCK-000645,CUST-38154,Noura Al-Dossari,Unknown,Technical Support,Low,Abdullah Al-Zahrani,Jeddah,2025-10-27,,321,0.0,Pending,0,0.0,Unresolved,,2025,October,2025-10,Slow,369.0
TCK-000646,CUST-45235,Abdullah Al-Ghamdi,Phone,General Inquiry,High,Abdullah Al-Zahrani,Riyadh,2026-10-09,2026-10-10,18,32.3,Resolved,4,0.0,Resolved,1.0,2026,October,2026-10,Very Fast,
TCK-000647,CUST-86994,Lama Al-Ghamdi,Live Chat,Billing,Medium,Lama Al-Rashidi,Riyadh,2025-10-02,2025-10-05,168,91.3,Resolved,3,0.0,Resolved,3.0,2025,October,2025-10,Moderate,
TCK-000648,CUST-19504,Ahmed Al-Shammari,Live Chat,Technical Support,High,Turki Al-Subaie,Hail,2026-01-08,2026-01-09,24,45.2,Resolved,3,0.0,Resolved,1.0,2026,January,2026-01,Very Fast,
TCK-000649,CUST-86336,Sultan Al-Zahrani,WhatsApp,Refund Request,High,Huda Al-Anazi,Riyadh,2026-02-15,,16,0.0,Pending,0,0.0,Unresolved,,2026,February,2026-02,Very Fast,258.0
TCK-000650,CUST-58752,Faisal Al-Anazi,Phone,Billing,High,Yousef Al-Malki,Riyadh,2025-08-03,2025-08-03,24,17.7,Resolved,5,0.0,Resolved,0.0,2025,August,2025-08,Very Fast,
TCK-000651,CUST-75749,Sultan Al-Zahrani,Branch,Complaint,Low,Noura Al-Shammari,Jeddah,2025-03-06,2025-03-09,154,85.4,Resolved,4,2217.4,Resolved,3.0,2025,March,2025-03,Moderate,
TCK-000652,CUST-81087,Nasser Al-Balawi,Branch,Delivery Issue,Low,Maha Al-Balawi,Khobar,2025-09-24,2025-09-29,375,139.5,Resolved,4,0.0,Resolved,5.0,2025,September,2025-09,Slow,
TCK-000653,CUST-29601,Fahad Al-Rashidi,Branch,Technical Support,High,Maha Al-Balawi,Jeddah,2026-02-25,,20,0.0,Open,0,0.0,Unresolved,,2026,February,2026-02,Very Fast,248.0
TCK-000654,CUST-12590,Ahmed Al-Shammari,Email,Complaint,High,Turki Al-Subaie,Riyadh,2026-07-29,2026-07-30,54,38.9,Closed,5,1034.75,Resolved,1.0,2026,July,2026-07,Fast,
TCK-000655,CUST-12816,Turki Al-Shammari,Branch,Complaint,Low,Noura Al-Shammari,Medina,2025-04-21,,673,0.0,Pending,0,0.0,Unresolved,,2025,April,2025-04,Slow,558.0
TCK-000656,CUST-67050,Nasser Al-Otaibi,WhatsApp,Unknown,Low,Abdullah Al-Zahrani,Hail,2025-04-23,2025-04-25,715,56.5,Resolved,4,0.0,Resolved,2.0,2025,April,2025-04,Slow,
TCK-000657,CUST-27124,Hessa Al-Balawi,Live Chat,Refund Request,High,Ahmed Al-Qahtani,Riyadh,2025-11-17,2025-11-18,85,34.0,Resolved,5,0.0,Resolved,1.0,2025,November,2025-11,Moderate,
TCK-000658,CUST-42444,Sara Al-Shammari,WhatsApp,Technical Support,Medium,Maha Al-Balawi,Jeddah,2024-02-11,2024-02-14,226,81.7,Resolved,3,0.0,Resolved,3.0,2024,February,2024-02,Slow,
TCK-000659,CUST-26200,Maha Al-Otaibi,Live Chat,General Inquiry,High,Yousef Al-Malki,Riyadh,2024-02-11,2024-02-11,21,7.9,Closed,5,0.0,Resolved,0.0,2024,February,2024-02,Very Fast,
TCK-000660,CUST-79431,Nasser Al-Shehri,Phone,Billing,Low,Fahad Al-Otaibi,Jeddah,2024-07-09,2024-07-12,99,85.1,Resolved,5,777.66,Resolved,3.0,2024,July,2024-07,Moderate,
TCK-000661,CUST-67152,Hessa Al-Zahrani,Live Chat,Technical Support,Low,Faisal Al-Shehri,Riyadh,2025-06-24,2025-06-29,372,130.0,Resolved,3,0.0,Resolved,5.0,2025,June,2025-06,Slow,
TCK-000662,CUST-80722,Hessa Al-Balawi,Unknown,Technical Support,Medium,Fahad Al-Otaibi,Jeddah,2024-01-08,,54,0.0,Escalated,0,0.0,Unresolved,,2024,January,2024-01,Fast,1027.0
TCK-000663,CUST-19814,Nasser Al-Shammari,Phone,Technical Support,High,Turki Al-Subaie,Tabuk,2024-04-22,2024-04-23,86,45.3,Resolved,1,0.0,Resolved,1.0,2024,April,2024-04,Moderate,
TCK-000664,CUST-66934,Khalid Al-Shammari,Branch,Billing,Medium,Khalid Al-Ghamdi,Dammam,2025-08-08,,160,0.0,Pending,0,0.0,Unresolved,,2025,August,2025-08,Moderate,449.0
TCK-000665,CUST-76068,Huda Al-Shehri,Phone,General Inquiry,Low,Maha Al-Balawi,Unknown,2024-07-16,2024-07-23,121,186.9,Resolved,4,0.0,Resolved,7.0,2024,July,2024-07,Moderate,
TCK-000666,CUST-75322,Reem Al-Balawi,WhatsApp,Technical Support,High,Sara Al-Dossari,Khobar,2024-10-21,2024-10-22,81,35.3,Resolved,5,0.0,Resolved,1.0,2024,October,2024-10,Moderate,
TCK-000667,CUST-72733,Huda Al-Shammari,Email,Billing,High,Yousef Al-Malki,Riyadh,2024-06-27,2024-06-28,80,25.0,Resolved,5,0.0,Resolved,1.0,2024,June,2024-06,Moderate,
TCK-000668,CUST-75029,Sara Al-Shehri,Email,Billing,Medium,Huda Al-Anazi,Abha,2024-06-13,2024-06-17,124,117.6,Closed,5,0.0,Resolved,4.0,2024,June,2024-06,Moderate,
TCK-000669,CUST-61921,Aisha Al-Shammari,Branch,Technical Support,Medium,Faisal Al-Shehri,Riyadh,2024-04-09,2024-04-13,228,111.4,Closed,5,0.0,Resolved,4.0,2024,April,2024-04,Slow,
TCK-000670,CUST-19792,Faisal Al-Otaibi,Email,Billing,Critical,Noura Al-Shammari,Medina,2024-01-20,2024-01-20,7,9.7,Resolved,4,0.0,Resolved,0.0,2024,January,2024-01,Very Fast,
TCK-000671,CUST-49728,Faisal Al-Anazi,Live Chat,Billing,High,Turki Al-Subaie,Jeddah,2024-09-15,2024-09-15,54,19.2,Closed,1,0.0,Resolved,0.0,2024,September,2024-09,Fast,
TCK-000672,CUST-19145,Bandar Al-Rashidi,Email,General Inquiry,Low,Abdullah Al-Zahrani,Dammam,2024-04-27,2024-05-02,390,141.7,Resolved,2,0.0,Resolved,5.0,2024,April,2024-04,Slow,
TCK-000673,CUST-61879,Ahmed Al-Malki,Social Media,Account Management,Medium,Reem Al-Mutairi,Riyadh,2025-11-03,2025-11-04,234,35.9,Resolved,5,0.0,Resolved,1.0,2025,November,2025-11,Slow,
TCK-000674,CUST-24236,Reem Al-Balawi,WhatsApp,Refund Request,High,Turki Al-Subaie,Medina,2026-04-26,2026-04-26,73,16.8,Resolved,5,0.0,Resolved,0.0,2026,April,2026-04,Moderate,
TCK-000675,CUST-37978,Dana Al-Dossari,Phone,Complaint,Medium,Maha Al-Balawi,Dammam,2026-10-17,2026-10-17,132,5.5,Resolved,1,1748.31,Resolved,0.0,2026,October,2026-10,Moderate,
TCK-000676,CUST-33776,Faisal Al-Otaibi,WhatsApp,Technical Support,High,Noura Al-Shammari,Tabuk,2026-08-10,2026-08-11,14,36.7,Resolved,5,0.0,Resolved,1.0,2026,August,2026-08,Very Fast,
TCK-000677,CUST-50647,Lama Al-Malki,WhatsApp,Refund Request,Low,Yousef Al-Malki,Medina,2025-12-02,2025-12-09,309,184.4,Resolved,4,0.0,Resolved,7.0,2025,December,2025-12,Slow,
TCK-000678,CUST-40918,Fahad Al-Ghamdi,Live Chat,Refund Request,Medium,Fahad Al-Otaibi,Medina,2025-08-03,2025-08-07,137,108.9,Resolved,4,1092.23,Resolved,4.0,2025,August,2025-08,Moderate,
TCK-000679,CUST-50515,Lama Al-Mutairi,Live Chat,Technical Support,Medium,Turki Al-Subaie,Buraidah,2024-08-21,2024-08-22,157,32.1,Closed,2,0.0,Resolved,1.0,2024,August,2024-08,Moderate,
TCK-000680,CUST-40417,Khalid Al-Mutairi,Live Chat,Technical Support,Low,Abdullah Al-Zahrani,Dammam,2024-09-16,,117,0.0,Escalated,0,0.0,Unresolved,,2024,September,2024-09,Moderate,775.0
TCK-000681,CUST-42052,Mohammed Al-Balawi,Phone,Billing,High,Yousef Al-Malki,Unknown,2026-08-13,,38,0.0,Open,0,0.0,Unresolved,,2026,August,2026-08,Fast,79.0
TCK-000682,CUST-80856,Huda Al-Shehri,Live Chat,Complaint,Medium,Khalid Al-Ghamdi,Jeddah,2025-12-10,2025-12-13,203,80.1,Resolved,5,0.0,Resolved,3.0,2025,December,2025-12,Slow,
TCK-000683,CUST-13712,Lama Al-Zahrani,Unknown,Delivery Issue,Low,Turki Al-Subaie,Tabuk,2024-10-13,,508,0.0,Open,0,0.0,Unresolved,,2024,October,2024-10,Slow,748.0
TCK-000684,CUST-15250,Yousef Al-Otaibi,Phone,General Inquiry,Low,Huda Al-Anazi,Riyadh,2026-07-18,2026-07-26,598,196.4,Closed,5,0.0,Resolved,8.0,2026,July,2026-07,Slow,
TCK-000685,CUST-48067,Reem Al-Rashidi,Phone,Billing,High,Faisal Al-Shehri,Jeddah,2024-06-17,2024-06-17,21,14.5,Closed,2,0.0,Resolved,0.0,2024,June,2024-06,Very Fast,
TCK-000686,CUST-46484,Abdullah Al-Qahtani,Email,Billing,High,Noura Al-Shammari,Riyadh,2026-08-02,2026-08-03,33,32.5,Resolved,5,0.0,Resolved,1.0,2026,August,2026-08,Fast,
TCK-000687,CUST-72405,Lama Al-Zahrani,Live Chat,Billing,Medium,Noura Al-Shammari,Jeddah,2026-05-07,2026-05-11,265,105.1,Closed,5,1548.63,Resolved,4.0,2026,May,2026-05,Slow,
TCK-000688,CUST-41371,Lama Al-Anazi,Social Media,Technical Support,Critical,Maha Al-Balawi,Abha,2024-05-13,,4,0.0,Open,0,0.0,Unresolved,,2024,May,2024-05,Very Fast,901.0
TCK-000689,CUST-69707,Aisha Al-Rashidi,Branch,Account Management,Low,Sara Al-Dossari,Riyadh,2024-04-06,2024-04-11,701,123.6,Resolved,5,0.0,Resolved,5.0,2024,April,2024-04,Slow,
TCK-000690,CUST-53136,Nasser Al-Mutairi,Social Media,General Inquiry,High,Reem Al-Mutairi,Dammam,2024-05-15,,9,0.0,Escalated,0,0.0,Unresolved,,2024,May,2024-05,Very Fast,899.0
TCK-000691,CUST-55842,Hessa Al-Qahtani,WhatsApp,Technical Support,Low,Fahad Al-Otaibi,Jeddah,2025-10-20,2025-10-29,693,222.4,Closed,4,0.0,Resolved,9.0,2025,October,2025-10,Slow,
TCK-000692,CUST-41891,Hessa Al-Subaie,Social Media,Technical Support,Low,Reem Al-Mutairi,Dammam,2026-04-14,,145,0.0,Pending,0,0.0,Unresolved,,2026,April,2026-04,Moderate,200.0
TCK-000693,CUST-41420,Lama Al-Malki,Phone,Delivery Issue,Medium,Noura Al-Shammari,Hail,2024-10-25,,205,0.0,Open,0,0.0,Unresolved,,2024,October,2024-10,Slow,736.0
TCK-000694,CUST-26241,Faisal Al-Balawi,Email,General Inquiry,Medium,Reem Al-Mutairi,Jeddah,2024-07-23,2024-07-23,287,15.5,Resolved,2,0.0,Resolved,0.0,2024,July,2024-07,Slow,
TCK-000695,CUST-80932,Faisal Al-Otaibi,WhatsApp,General Inquiry,Critical,Fahad Al-Otaibi,Tabuk,2025-08-20,2025-08-20,24,2.7,Resolved,4,0.0,Resolved,0.0,2025,August,2025-08,Very Fast,
TCK-000696,CUST-34792,Yousef Al-Zahrani,WhatsApp,General Inquiry,Medium,Abdullah Al-Zahrani,Hail,2026-07-16,2026-07-19,118,86.0,Resolved,4,0.0,Resolved,3.0,2026,July,2026-07,Moderate,
TCK-000697,CUST-53710,Aisha Al-Malki,Branch,Technical Support,High,Reem Al-Mutairi,Buraidah,2026-04-03,2026-04-04,30,25.1,Resolved,2,0.0,Resolved,1.0,2026,April,2026-04,Very Fast,
TCK-000698,CUST-51101,Reem Al-Anazi,Live Chat,Technical Support,High,Yousef Al-Malki,Riyadh,2025-09-22,2025-09-23,19,47.5,Resolved,4,0.0,Resolved,1.0,2025,September,2025-09,Very Fast,
TCK-000699,CUST-23165,Yousef Al-Dossari,Live Chat,Technical Support,Medium,Faisal Al-Shehri,Riyadh,2025-11-03,2025-11-06,242,81.6,Resolved,3,0.0,Resolved,3.0,2025,November,2025-11,Slow,
TCK-000700,CUST-23597,Dana Al-Otaibi,Phone,Account Management,Medium,Yousef Al-Malki,Hail,2025-03-06,,243,0.0,Escalated,0,0.0,Unresolved,,2025,March,2025-03,Slow,604.0
TCK-000701,CUST-93183,Yousef Al-Balawi,WhatsApp,Technical Support,High,Sara Al-Dossari,Dammam,2026-08-24,2026-08-24,30,18.9,Closed,5,0.0,Resolved,0.0,2026,August,2026-08,Very Fast,
TCK-000702,CUST-52180,Reem Al-Balawi,Live Chat,General Inquiry,Medium,Maha Al-Balawi,Hail,2024-11-12,2024-11-13,123,27.7,Resolved,5,0.0,Resolved,1.0,2024,November,2024-11,Moderate,
TCK-000703,CUST-19654,Turki Al-Subaie,Phone,Account Management,High,Turki Al-Subaie,Riyadh,2024-01-18,2024-01-18,61,16.9,Resolved,2,0.0,Resolved,0.0,2024,January,2024-01,Moderate,
TCK-000704,CUST-99839,Huda Al-Shehri,Phone,Technical Support,High,Ahmed Al-Qahtani,Abha,2024-10-12,,64,0.0,Open,0,0.0,Unresolved,,2024,October,2024-10,Moderate,749.0
TCK-000705,CUST-29966,Maha Al-Rashidi,WhatsApp,Billing,High,Sara Al-Dossari,Dammam,2026-10-11,2026-10-12,80,24.6,Resolved,5,0.0,Resolved,1.0,2026,October,2026-10,Moderate,
TCK-000706,CUST-64023,Khalid Al-Shehri,WhatsApp,Technical Support,High,Yousef Al-Malki,Medina,2024-04-14,,18,0.0,Pending,0,0.0,Unresolved,,2024,April,2024-04,Very Fast,930.0
TCK-000707,CUST-56485,Faisal Al-Malki,Phone,Billing,Low,Abdullah Al-Zahrani,Riyadh,2025-08-18,,305,0.0,Pending,0,0.0,Unresolved,,2025,August,2025-08,Slow,439.0
TCK-000708,CUST-51757,Sultan Al-Balawi,Live Chat,Technical Support,Critical,Yousef Al-Malki,Riyadh,2024-10-10,,22,0.0,Escalated,0,0.0,Unresolved,,2024,October,2024-10,Very Fast,751.0
TCK-000709,CUST-62210,Khalid Al-Qahtani,Social Media,Refund Request,Medium,Abdullah Al-Zahrani,Jeddah,2025-12-04,,222,0.0,Escalated,0,0.0,Unresolved,,2025,December,2025-12,Slow,331.0
TCK-000710,CUST-74119,Huda Al-Zahrani,Live Chat,Technical Support,Low,Ahmed Al-Qahtani,Mecca,2026-05-26,,468,0.0,Pending,0,0.0,Unresolved,,2026,May,2026-05,Slow,158.0
TCK-000711,CUST-97746,Nasser Al-Anazi,Branch,Account Management,Critical,Fahad Al-Otaibi,Jeddah,2026-07-06,2026-07-06,12,4.7,Resolved,1,0.0,Resolved,0.0,2026,July,2026-07,Very Fast,
TCK-000712,CUST-63378,Reem Al-Otaibi,WhatsApp,Billing,Low,Sara Al-Dossari,Dammam,2026-02-10,2026-02-15,523,121.5,Closed,4,0.0,Resolved,5.0,2026,February,2026-02,Slow,
TCK-000713,CUST-29360,Bandar Al-Shehri,Live Chat,General Inquiry,High,Sara Al-Dossari,Riyadh,2025-05-22,2025-05-23,27,29.5,Resolved,5,0.0,Resolved,1.0,2025,May,2025-05,Very Fast,
TCK-000714,CUST-52273,Turki Al-Anazi,Phone,Complaint,Critical,Mohammed Al-Harbi,Jeddah,2024-07-02,2024-07-02,27,8.9,Resolved,3,0.0,Resolved,0.0,2024,July,2024-07,Very Fast,
TCK-000715,CUST-57363,Reem Al-Qahtani,WhatsApp,Delivery Issue,Low,Faisal Al-Shehri,Medina,2025-10-11,2025-10-13,285,54.5,Resolved,5,0.0,Resolved,2.0,2025,October,2025-10,Slow,
TCK-000716,CUST-46623,Turki Al-Dossari,Live Chat,General Inquiry,High,Turki Al-Subaie,Jeddah,2026-01-24,2026-01-24,79,19.8,Closed,2,0.0,Resolved,0.0,2026,January,2026-01,Moderate,
TCK-000717,CUST-13274,Fahad Al-Rashidi,Email,Technical Support,Low,Reem Al-Mutairi,Jeddah,2025-08-07,,675,0.0,Pending,0,0.0,Unresolved,,2025,August,2025-08,Slow,450.0
TCK-000718,CUST-77942,Ahmed Al-Shehri,Social Media,Account Management,Low,Noura Al-Shammari,Mecca,2026-01-28,,316,0.0,Pending,0,0.0,Unresolved,,2026,January,2026-01,Slow,276.0
TCK-000719,CUST-66473,Nasser Al-Zahrani,Live Chat,Complaint,Low,Reem Al-Mutairi,Hail,2025-12-23,2025-12-25,542,68.6,Closed,5,2520.29,Resolved,2.0,2025,December,2025-12,Slow,
TCK-000720,CUST-86779,Ahmed Al-Ghamdi,Email,Billing,Low,Faisal Al-Shehri,Dammam,2024-09-15,2024-09-24,109,226.5,Resolved,3,3905.05,Resolved,9.0,2024,September,2024-09,Moderate,
TCK-000721,CUST-47835,Aisha Al-Shehri,Email,Technical Support,Critical,Turki Al-Subaie,Riyadh,2026-05-13,2026-05-13,17,4.8,Resolved,2,0.0,Resolved,0.0,2026,May,2026-05,Very Fast,
TCK-000722,CUST-29546,Faisal Al-Dossari,Live Chat,Complaint,Low,Yousef Al-Malki,Abha,2024-08-05,2024-08-09,371,118.1,Closed,2,3881.11,Resolved,4.0,2024,August,2024-08,Slow,
TCK-000723,CUST-12118,Lama Al-Zahrani,Phone,Complaint,Medium,Sara Al-Dossari,Jeddah,2025-12-14,,259,0.0,Open,0,0.0,Unresolved,,2025,December,2025-12,Slow,321.0
TCK-000724,CUST-48009,Turki Al-Qahtani,Phone,Account Management,Medium,Faisal Al-Shehri,Dammam,2025-05-06,,280,0.0,Pending,0,0.0,Unresolved,,2025,May,2025-05,Slow,543.0
TCK-000725,CUST-66422,Noura Al-Qahtani,Phone,Unknown,High,Yousef Al-Malki,Riyadh,2025-11-04,2025-11-04,16,12.3,Closed,5,0.0,Resolved,0.0,2025,November,2025-11,Very Fast,
TCK-000726,CUST-61066,Turki Al-Zahrani,Phone,Technical Support,High,Lama Al-Rashidi,Medina,2024-12-08,,61,0.0,Pending,0,0.0,Unresolved,,2024,December,2024-12,Moderate,692.0
TCK-000727,CUST-47445,Turki Al-Shammari,WhatsApp,Technical Support,High,Turki Al-Subaie,Medina,2024-03-12,,16,0.0,Pending,0,0.0,Unresolved,,2024,March,2024-03,Very Fast,963.0
TCK-000728,CUST-77197,Huda Al-Harbi,Phone,Technical Support,Medium,Maha Al-Balawi,Riyadh,2024-03-26,2024-03-26,91,20.5,Closed,5,0.0,Resolved,0.0,2024,March,2024-03,Moderate,
TCK-000729,CUST-91446,Ahmed Al-Subaie,Email,Billing,Critical,Khalid Al-Ghamdi,Riyadh,2026-04-27,2026-04-27,17,6.6,Resolved,4,0.0,Resolved,0.0,2026,April,2026-04,Very Fast,
TCK-000730,CUST-60166,Dana Al-Shehri,Email,Technical Support,Medium,Turki Al-Subaie,Riyadh,2026-02-18,2026-02-20,31,71.4,Closed,5,0.0,Resolved,2.0,2026,February,2026-02,Fast,
TCK-000731,CUST-83965,Faisal Al-Malki,Phone,Unknown,High,Fahad Al-Otaibi,Medina,2025-08-18,,81,0.0,Pending,0,0.0,Unresolved,,2025,August,2025-08,Moderate,439.0
TCK-000732,CUST-66212,Sultan Al-Anazi,Live Chat,Billing,Medium,Turki Al-Subaie,Khobar,2025-08-31,,252,0.0,Pending,0,0.0,Unresolved,,2025,August,2025-08,Slow,426.0
TCK-000733,CUST-34577,Fahad Al-Rashidi,Phone,Technical Support,Medium,Reem Al-Mutairi,Tabuk,2024-10-29,2024-10-29,159,22.7,Resolved,1,0.0,Resolved,0.0,2024,October,2024-10,Moderate,
TCK-000734,CUST-55272,Nasser Al-Balawi,Email,Technical Support,Low,Reem Al-Mutairi,Buraidah,2026-03-21,2026-03-26,552,132.9,Resolved,4,0.0,Resolved,5.0,2026,March,2026-03,Slow,
TCK-000735,CUST-67239,Turki Al-Subaie,Live Chat,Account Management,Medium,Lama Al-Rashidi,Mecca,2025-11-23,,202,0.0,Pending,0,0.0,Unresolved,,2025,November,2025-11,Slow,342.0
TCK-000736,CUST-89971,Lama Al-Shehri,Phone,General Inquiry,High,Huda Al-Anazi,Riyadh,2026-01-16,2026-01-17,77,29.7,Resolved,3,0.0,Resolved,1.0,2026,January,2026-01,Moderate,
TCK-000737,CUST-16621,Turki Al-Rashidi,WhatsApp,Complaint,Low,Fahad Al-Otaibi,Mecca,2024-07-12,,252,0.0,Open,0,0.0,Unresolved,,2024,July,2024-07,Slow,841.0
TCK-000738,CUST-82300,Noura Al-Qahtani,WhatsApp,General Inquiry,Medium,Ahmed Al-Qahtani,Riyadh,2024-03-16,,283,0.0,Pending,0,0.0,Unresolved,,2024,March,2024-03,Slow,959.0
TCK-000739,CUST-83737,Faisal Al-Ghamdi,Live Chat,Account Management,Critical,Huda Al-Anazi,Khobar,2025-11-07,2025-11-07,19,2.5,Resolved,3,0.0,Resolved,0.0,2025,November,2025-11,Very Fast,
TCK-000740,CUST-43794,Mohammed Al-Mutairi,Social Media,Billing,Medium,Lama Al-Rashidi,Dammam,2026-08-25,2026-08-26,112,43.3,Resolved,5,4231.62,Resolved,1.0,2026,August,2026-08,Moderate,
TCK-000741,CUST-88934,Reem Al-Rashidi,Live Chat,Refund Request,Low,Faisal Al-Shehri,Khobar,2024-10-06,2024-10-12,447,167.6,Resolved,3,0.0,Resolved,6.0,2024,October,2024-10,Slow,
TCK-000742,CUST-66723,Noura Al-Shehri,Phone,Billing,High,Turki Al-Subaie,Khobar,2025-06-11,2025-06-11,81,4.0,Resolved,4,0.0,Resolved,0.0,2025,June,2025-06,Moderate,
TCK-000743,CUST-28866,Sultan Al-Shammari,WhatsApp,Account Management,High,Fahad Al-Otaibi,Jeddah,2024-03-14,,44,0.0,Open,0,0.0,Unresolved,,2024,March,2024-03,Fast,961.0
TCK-000744,CUST-77337,Huda Al-Subaie,Email,Billing,High,Abdullah Al-Zahrani,Tabuk,2024-10-12,2024-10-12,16,4.6,Resolved,4,0.0,Resolved,0.0,2024,October,2024-10,Very Fast,
TCK-000745,CUST-21203,Sara Al-Subaie,Live Chat,Unknown,Medium,Reem Al-Mutairi,Jeddah,2024-11-13,2024-11-14,295,33.7,Resolved,5,0.0,Resolved,1.0,2024,November,2024-11,Slow,
TCK-000746,CUST-13455,Bandar Al-Dossari,WhatsApp,Technical Support,Low,Turki Al-Subaie,Khobar,2026-02-08,2026-02-09,516,44.9,Resolved,3,0.0,Resolved,1.0,2026,February,2026-02,Slow,
TCK-000747,CUST-96119,Sultan Al-Otaibi,Email,Billing,Low,Sara Al-Dossari,Mecca,2026-02-17,2026-02-22,655,131.0,Closed,4,2946.25,Resolved,5.0,2026,February,2026-02,Slow,
TCK-000748,CUST-31738,Fahad Al-Anazi,Live Chat,Delivery Issue,Low,Maha Al-Balawi,Mecca,2025-06-05,,223,0.0,Open,0,0.0,Unresolved,,2025,June,2025-06,Slow,513.0
TCK-000749,CUST-95497,Abdullah Al-Rashidi,Branch,Billing,High,Noura Al-Shammari,Jeddah,2024-01-07,,65,0.0,Pending,0,0.0,Unresolved,,2024,January,2024-01,Moderate,1028.0
TCK-000750,CUST-88985,Nasser Al-Qahtani,Email,Billing,Medium,Maha Al-Balawi,Riyadh,2024-12-25,,131,0.0,Pending,0,0.0,Unresolved,,2024,December,2024-12,Moderate,675.0
TCK-000751,CUST-67061,Fahad Al-Otaibi,Phone,Account Management,Low,Abdullah Al-Zahrani,Buraidah,2025-02-15,2025-02-24,654,216.9,Resolved,4,0.0,Resolved,9.0,2025,February,2025-02,Slow,
TCK-000752,CUST-59022,Turki Al-Qahtani,Email,Technical Support,Critical,Khalid Al-Ghamdi,Dammam,2025-10-20,2025-10-20,23,10.7,Resolved,5,0.0,Resolved,0.0,2025,October,2025-10,Very Fast,
TCK-000753,CUST-81691,Mohammed Al-Zahrani,Phone,Refund Request,Medium,Ahmed Al-Qahtani,Medina,2024-05-20,2024-05-22,161,53.2,Resolved,5,2112.51,Resolved,2.0,2024,May,2024-05,Moderate,
TCK-000754,CUST-93377,Turki Al-Qahtani,Phone,General Inquiry,Medium,Fahad Al-Otaibi,Riyadh,2025-01-07,2025-01-11,258,99.8,Resolved,4,0.0,Resolved,4.0,2025,January,2025-01,Slow,
TCK-000755,CUST-54847,Turki Al-Anazi,Branch,Refund Request,Medium,Sara Al-Dossari,Jeddah,2026-03-21,2026-03-25,94,105.7,Closed,3,0.0,Resolved,4.0,2026,March,2026-03,Moderate,
TCK-000756,CUST-70894,Reem Al-Shehri,WhatsApp,Account Management,Medium,Reem Al-Mutairi,Khobar,2025-01-28,2025-02-01,167,111.9,Closed,3,0.0,Resolved,4.0,2025,January,2025-01,Moderate,
TCK-000757,CUST-79217,Yousef Al-Subaie,Phone,Billing,Medium,Huda Al-Anazi,Medina,2026-06-22,2026-06-26,222,104.2,Closed,5,0.0,Resolved,4.0,2026,June,2026-06,Slow,
TCK-000758,CUST-99440,Hessa Al-Qahtani,Live Chat,Complaint,Medium,Khalid Al-Ghamdi,Khobar,2024-06-18,2024-06-19,240,34.9,Resolved,2,4330.25,Resolved,1.0,2024,June,2024-06,Slow,
TCK-000759,CUST-13665,Turki Al-Mutairi,Live Chat,Technical Support,High,Mohammed Al-Harbi,Jeddah,2025-01-14,2025-01-15,71,47.6,Resolved,4,0.0,Resolved,1.0,2025,January,2025-01,Moderate,
TCK-000760,CUST-41276,Ahmed Al-Mutairi,WhatsApp,Delivery Issue,Medium,Fahad Al-Otaibi,Jeddah,2025-09-20,2025-09-20,275,15.8,Resolved,5,656.25,Resolved,0.0,2025,September,2025-09,Slow,
TCK-000761,CUST-71345,Yousef Al-Mutairi,Live Chat,Refund Request,High,Maha Al-Balawi,Khobar,2025-09-05,2025-09-05,44,14.6,Closed,4,0.0,Resolved,0.0,2025,September,2025-09,Fast,
TCK-000762,CUST-76129,Nasser Al-Anazi,Live Chat,Account Management,Medium,Faisal Al-Shehri,Abha,2025-08-02,2025-08-03,112,39.3,Resolved,5,0.0,Resolved,1.0,2025,August,2025-08,Moderate,
TCK-000763,CUST-42292,Reem Al-Malki,Email,General Inquiry,High,Huda Al-Anazi,Riyadh,2026-07-03,2026-07-03,81,8.8,Resolved,5,0.0,Resolved,0.0,2026,July,2026-07,Moderate,
TCK-000764,CUST-51001,Dana Al-Balawi,WhatsApp,Complaint,High,Lama Al-Rashidi,Dammam,2026-01-11,2026-01-12,46,32.9,Closed,5,0.0,Resolved,1.0,2026,January,2026-01,Fast,
TCK-000765,CUST-25511,Khalid Al-Rashidi,Live Chat,Technical Support,Medium,Ahmed Al-Qahtani,Riyadh,2024-06-21,,214,0.0,Open,0,0.0,Unresolved,,2024,June,2024-06,Slow,862.0
TCK-000766,CUST-49648,Abdullah Al-Ghamdi,Email,General Inquiry,Medium,Faisal Al-Shehri,Riyadh,2025-10-28,2025-10-28,55,20.2,Resolved,5,0.0,Resolved,0.0,2025,October,2025-10,Fast,
TCK-000767,CUST-57595,Sara Al-Balawi,Email,Technical Support,Medium,Mohammed Al-Harbi,Jeddah,2024-06-20,2024-06-21,247,34.6,Resolved,5,0.0,Resolved,1.0,2024,June,2024-06,Slow,
TCK-000768,CUST-90473,Reem Al-Shehri,Live Chat,Technical Support,Low,Khalid Al-Ghamdi,Khobar,2024-03-26,2024-03-31,525,125.4,Closed,4,0.0,Resolved,5.0,2024,March,2024-03,Slow,
TCK-000769,CUST-45643,Dana Al-Shehri,Email,Refund Request,Medium,Faisal Al-Shehri,Hail,2025-11-08,2025-11-09,213,30.6,Closed,4,0.0,Resolved,1.0,2025,November,2025-11,Slow,
TCK-000770,CUST-58446,Huda Al-Otaibi,Live Chat,Account Management,Medium,Noura Al-Shammari,Khobar,2024-12-21,,152,0.0,Escalated,0,0.0,Unresolved,,2024,December,2024-12,Moderate,679.0
TCK-000771,CUST-74463,Ahmed Al-Qahtani,WhatsApp,Complaint,Medium,Abdullah Al-Zahrani,Medina,2026-09-10,2026-09-11,176,41.7,Closed,5,1333.89,Resolved,1.0,2026,September,2026-09,Moderate,
TCK-000772,CUST-33917,Khalid Al-Rashidi,Live Chat,Technical Support,Low,Mohammed Al-Harbi,Jeddah,2024-03-02,,329,0.0,Open,0,0.0,Unresolved,,2024,March,2024-03,Slow,973.0
TCK-000773,CUST-83844,Fahad Al-Shehri,Branch,Account Management,Low,Turki Al-Subaie,Riyadh,2026-06-25,2026-06-29,518,101.7,Closed,5,0.0,Resolved,4.0,2026,June,2026-06,Slow,
TCK-000774,CUST-99387,Fahad Al-Balawi,WhatsApp,Refund Request,Low,Lama Al-Rashidi,Riyadh,2026-10-15,2026-10-20,298,139.9,Resolved,5,0.0,Resolved,5.0,2026,October,2026-10,Slow,
TCK-000775,CUST-61956,Turki Al-Balawi,WhatsApp,General Inquiry,Critical,Khalid Al-Ghamdi,Khobar,2024-03-31,2024-03-31,9,5.2,Resolved,5,0.0,Resolved,0.0,2024,March,2024-03,Very Fast,
TCK-000776,CUST-59769,Sultan Al-Shammari,WhatsApp,Account Management,Low,Mohammed Al-Harbi,Jeddah,2026-06-12,2026-06-13,365,37.7,Resolved,3,0.0,Resolved,1.0,2026,June,2026-06,Slow,
TCK-000777,CUST-35980,Faisal Al-Anazi,WhatsApp,Billing,Low,Faisal Al-Shehri,Riyadh,2026-03-08,2026-03-09,548,41.4,Resolved,2,0.0,Resolved,1.0,2026,March,2026-03,Slow,
TCK-000778,CUST-86340,Yousef Al-Anazi,Phone,Account Management,Medium,Turki Al-Subaie,Dammam,2025-05-23,2025-05-26,111,81.4,Resolved,2,0.0,Resolved,3.0,2025,May,2025-05,Moderate,
TCK-000779,CUST-23089,Khalid Al-Subaie,Phone,Refund Request,Low,Reem Al-Mutairi,Jeddah,2025-09-11,2025-09-12,622,47.2,Closed,3,1298.79,Resolved,1.0,2025,September,2025-09,Slow,
TCK-000780,CUST-12320,Khalid Al-Malki,Email,Technical Support,Medium,Lama Al-Rashidi,Jeddah,2024-11-25,2024-11-28,247,83.8,Closed,3,0.0,Resolved,3.0,2024,November,2024-11,Slow,
TCK-000781,CUST-34250,Aisha Al-Qahtani,Phone,General Inquiry,Low,Abdullah Al-Zahrani,Hail,2024-04-02,2024-04-10,133,192.1,Resolved,4,0.0,Resolved,8.0,2024,April,2024-04,Moderate,
TCK-000782,CUST-90757,Abdullah Al-Dossari,Phone,Technical Support,High,Ahmed Al-Qahtani,Jeddah,2025-05-26,2025-05-26,84,13.0,Closed,4,0.0,Resolved,0.0,2025,May,2025-05,Moderate,
TCK-000783,CUST-84480,Aisha Al-Qahtani,Phone,Billing,Medium,Mohammed Al-Harbi,Khobar,2024-02-02,2024-02-05,79,72.4,Closed,5,0.0,Resolved,3.0,2024,February,2024-02,Moderate,
TCK-000784,CUST-67061,Abdullah Al-Shehri,WhatsApp,General Inquiry,Medium,Maha Al-Balawi,Riyadh,2024-10-15,2024-10-18,298,79.8,Closed,4,0.0,Resolved,3.0,2024,October,2024-10,Slow,
TCK-000785,CUST-98779,Lama Al-Malki,Live Chat,Technical Support,Medium,Faisal Al-Shehri,Mecca,2025-06-21,2025-06-25,276,119.5,Resolved,4,0.0,Resolved,4.0,2025,June,2025-06,Slow,
TCK-000786,CUST-58669,Bandar Al-Malki,WhatsApp,Billing,Medium,Abdullah Al-Zahrani,Riyadh,2024-12-26,,71,0.0,Open,0,0.0,Unresolved,,2024,December,2024-12,Moderate,674.0
TCK-000787,CUST-94410,Bandar Al-Zahrani,Email,Refund Request,Low,Fahad Al-Otaibi,Jeddah,2024-02-09,2024-02-11,115,53.8,Resolved,4,1844.53,Resolved,2.0,2024,February,2024-02,Moderate,
TCK-000788,CUST-21711,Mohammed Al-Rashidi,Live Chat,Technical Support,Medium,Mohammed Al-Harbi,Jeddah,2026-10-24,2026-10-27,247,90.2,Resolved,2,0.0,Resolved,3.0,2026,October,2026-10,Slow,
TCK-000789,CUST-78807,Lama Al-Malki,Phone,Billing,Medium,Mohammed Al-Harbi,Mecca,2024-03-13,2024-03-14,288,33.2,Resolved,2,1175.25,Resolved,1.0,2024,March,2024-03,Slow,
TCK-000790,CUST-69910,Bandar Al-Otaibi,Live Chat,Technical Support,Medium,Faisal Al-Shehri,Buraidah,2025-07-05,2025-07-09,193,118.5,Resolved,3,0.0,Resolved,4.0,2025,July,2025-07,Slow,
TCK-000791,CUST-16647,Bandar Al-Harbi,Phone,General Inquiry,High,Reem Al-Mutairi,Riyadh,2024-12-16,2024-12-17,46,30.1,Closed,4,0.0,Resolved,1.0,2024,December,2024-12,Fast,
TCK-000792,CUST-45593,Ahmed Al-Rashidi,Live Chat,Billing,Low,Yousef Al-Malki,Hail,2024-01-25,2024-01-31,658,151.7,Resolved,5,0.0,Resolved,6.0,2024,January,2024-01,Slow,
TCK-000793,CUST-14803,Khalid Al-Shammari,Phone,General Inquiry,Medium,Maha Al-Balawi,Riyadh,2025-08-19,,68,0.0,Open,0,0.0,Unresolved,,2025,August,2025-08,Moderate,438.0
TCK-000794,CUST-83379,Huda Al-Anazi,Email,Complaint,Low,Abdullah Al-Zahrani,Jeddah,2025-06-21,2025-06-25,221,113.8,Resolved,2,0.0,Resolved,4.0,2025,June,2025-06,Slow,
TCK-000795,CUST-43126,Maha Al-Ghamdi,Social Media,Complaint,Critical,Reem Al-Mutairi,Khobar,2025-12-17,2025-12-17,3,7.7,Resolved,2,0.0,Resolved,0.0,2025,December,2025-12,Very Fast,
TCK-000796,CUST-65695,Sultan Al-Rashidi,Branch,General Inquiry,Medium,Abdullah Al-Zahrani,Abha,2025-09-03,2025-09-07,279,115.7,Resolved,2,0.0,Resolved,4.0,2025,September,2025-09,Slow,
TCK-000797,CUST-95168,Fahad Al-Mutairi,Email,Technical Support,Low,Huda Al-Anazi,Jeddah,2024-01-04,2024-01-05,195,27.4,Resolved,5,0.0,Resolved,1.0,2024,January,2024-01,Slow,
TCK-000798,CUST-78518,Ahmed Al-Balawi,Email,Refund Request,Low,Huda Al-Anazi,Hail,2025-09-02,,346,0.0,Pending,0,0.0,Unresolved,,2025,September,2025-09,Slow,424.0
TCK-000799,CUST-65535,Khalid Al-Shehri,WhatsApp,Billing,Medium,Huda Al-Anazi,Mecca,2025-12-26,2025-12-30,165,102.8,Closed,2,2759.99,Resolved,4.0,2025,December,2025-12,Moderate,
TCK-000800,CUST-93955,Sara Al-Balawi,WhatsApp,General Inquiry,High,Lama Al-Rashidi,Jeddah,2025-09-19,2025-09-20,21,31.0,Closed,2,0.0,Resolved,1.0,2025,September,2025-09,Very Fast,
TCK-000801,CUST-78578,Turki Al-Balawi,Branch,Billing,Medium,Maha Al-Balawi,Riyadh,2024-07-02,2024-07-02,108,19.7,Resolved,4,0.0,Resolved,0.0,2024,July,2024-07,Moderate,
TCK-000802,CUST-21777,Aisha Al-Otaibi,Email,Unknown,Low,Faisal Al-Shehri,Unknown,2025-05-29,2025-05-31,490,51.0,Resolved,5,0.0,Resolved,2.0,2025,May,2025-05,Slow,
TCK-000803,CUST-81770,Yousef Al-Subaie,Email,Delivery Issue,Medium,Huda Al-Anazi,Hail,2024-08-03,,129,0.0,Open,0,0.0,Unresolved,,2024,August,2024-08,Moderate,819.0
TCK-000804,CUST-36690,Sara Al-Dossari,Phone,Account Management,Critical,Yousef Al-Malki,Jeddah,2026-05-23,2026-05-23,23,9.4,Resolved,5,0.0,Resolved,0.0,2026,May,2026-05,Very Fast,
TCK-000805,CUST-33328,Sara Al-Ghamdi,Phone,Account Management,Low,Lama Al-Rashidi,Medina,2026-06-22,2026-07-01,329,235.3,Closed,5,0.0,Resolved,9.0,2026,June,2026-06,Slow,
TCK-000806,CUST-82585,Sara Al-Zahrani,Branch,General Inquiry,High,Huda Al-Anazi,Unknown,2024-01-14,2024-01-15,90,28.6,Resolved,1,0.0,Resolved,1.0,2024,January,2024-01,Moderate,
TCK-000807,CUST-34178,Abdullah Al-Ghamdi,Phone,Complaint,Low,Faisal Al-Shehri,Riyadh,2024-03-23,,683,0.0,Open,0,0.0,Unresolved,,2024,March,2024-03,Slow,952.0
TCK-000808,CUST-19509,Noura Al-Anazi,Social Media,Technical Support,Low,Reem Al-Mutairi,Riyadh,2026-10-08,2026-10-10,631,51.0,Closed,4,0.0,Resolved,2.0,2026,October,2026-10,Slow,
TCK-000809,CUST-63070,Huda Al-Otaibi,Email,Technical Support,Low,Sara Al-Dossari,Riyadh,2026-01-24,,75,0.0,Pending,0,0.0,Unresolved,,2026,January,2026-01,Moderate,280.0
TCK-000810,CUST-88080,Sultan Al-Anazi,Unknown,General Inquiry,Medium,Khalid Al-Ghamdi,Khobar,2024-04-19,2024-04-23,192,100.8,Resolved,5,0.0,Resolved,4.0,2024,April,2024-04,Slow,
TCK-000811,CUST-82543,Reem Al-Qahtani,Email,General Inquiry,Low,Fahad Al-Otaibi,Jeddah,2025-01-21,2025-01-30,513,236.6,Resolved,4,0.0,Resolved,9.0,2025,January,2025-01,Slow,
TCK-000812,CUST-56928,Ahmed Al-Anazi,Live Chat,Complaint,Low,Ahmed Al-Qahtani,Unknown,2024-07-27,2024-07-29,284,62.5,Resolved,5,0.0,Resolved,2.0,2024,July,2024-07,Slow,
TCK-000813,CUST-74961,Bandar Al-Anazi,Social Media,General Inquiry,Medium,Fahad Al-Otaibi,Mecca,2026-05-22,2026-05-23,272,37.6,Resolved,5,0.0,Resolved,1.0,2026,May,2026-05,Slow,
TCK-000814,CUST-66179,Lama Al-Dossari,WhatsApp,General Inquiry,High,Yousef Al-Malki,Riyadh,2026-03-27,2026-03-28,14,33.0,Resolved,4,0.0,Resolved,1.0,2026,March,2026-03,Very Fast,
TCK-000815,CUST-22098,Sara Al-Subaie,Phone,General Inquiry,Medium,Faisal Al-Shehri,Medina,2025-12-22,,135,0.0,Pending,0,0.0,Unresolved,,2025,December,2025-12,Moderate,313.0
TCK-000816,CUST-80337,Sultan Al-Qahtani,Live Chat,Account Management,Critical,Khalid Al-Ghamdi,Riyadh,2025-05-14,2025-05-14,6,3.5,Resolved,4,0.0,Resolved,0.0,2025,May,2025-05,Very Fast,
TCK-000817,CUST-37464,Noura Al-Mutairi,Phone,Technical Support,Medium,Abdullah Al-Zahrani,Tabuk,2024-08-25,2024-08-28,15,84.4,Closed,3,0.0,Resolved,3.0,2024,August,2024-08,Very Fast,
TCK-000818,CUST-63310,Noura Al-Dossari,WhatsApp,Account Management,Low,Fahad Al-Otaibi,Riyadh,2025-04-11,2025-04-18,363,187.7,Resolved,4,0.0,Resolved,7.0,2025,April,2025-04,Slow,
TCK-000819,CUST-52923,Lama Al-Harbi,Social Media,Technical Support,Low,Faisal Al-Shehri,Riyadh,2026-02-18,2026-02-27,189,227.9,Resolved,1,0.0,Resolved,9.0,2026,February,2026-02,Slow,
TCK-000820,CUST-22916,Fahad Al-Balawi,Live Chat,General Inquiry,High,Khalid Al-Ghamdi,Khobar,2025-08-29,2025-08-29,71,2.9,Resolved,2,0.0,Resolved,0.0,2025,August,2025-08,Moderate,
TCK-000821,CUST-30711,Nasser Al-Otaibi,Phone,Complaint,High,Fahad Al-Otaibi,Riyadh,2025-12-11,2025-12-12,81,35.5,Resolved,5,0.0,Resolved,1.0,2025,December,2025-12,Moderate,
TCK-000822,CUST-59312,Maha Al-Otaibi,Live Chat,General Inquiry,Medium,Reem Al-Mutairi,Dammam,2024-10-25,2024-10-29,299,116.3,Resolved,4,0.0,Resolved,4.0,2024,October,2024-10,Slow,
TCK-000823,CUST-48043,Dana Al-Harbi,Live Chat,General Inquiry,Medium,Mohammed Al-Harbi,Dammam,2024-09-24,,248,0.0,Escalated,0,0.0,Unresolved,,2024,September,2024-09,Slow,767.0
TCK-000824,CUST-54626,Reem Al-Mutairi,Phone,Billing,High,Sara Al-Dossari,Riyadh,2025-07-07,,8,0.0,Pending,0,0.0,Unresolved,,2025,July,2025-07,Very Fast,481.0
TCK-000825,CUST-38183,Aisha Al-Ghamdi,Phone,General Inquiry,Critical,Abdullah Al-Zahrani,Khobar,2026-05-20,2026-05-20,2,7.2,Closed,3,0.0,Resolved,0.0,2026,May,2026-05,Very Fast,
TCK-000826,CUST-74060,Lama Al-Anazi,Unknown,Account Management,Medium,Fahad Al-Otaibi,Khobar,2026-04-28,,189,0.0,Open,0,0.0,Unresolved,,2026,April,2026-04,Slow,186.0
TCK-000827,CUST-96848,Dana Al-Anazi,Email,Technical Support,Low,Turki Al-Subaie,Riyadh,2026-06-13,,81,0.0,Open,0,0.0,Unresolved,,2026,June,2026-06,Moderate,140.0
TCK-000828,CUST-82744,Bandar Al-Harbi,Live Chat,General Inquiry,Low,Maha Al-Balawi,Medina,2025-07-19,2025-07-23,693,97.7,Resolved,3,0.0,Resolved,4.0,2025,July,2025-07,Slow,
TCK-000829,CUST-95975,Huda Al-Dossari,Email,Billing,High,Lama Al-Rashidi,Jeddah,2025-03-18,2025-03-18,7,4.0,Closed,4,0.0,Resolved,0.0,2025,March,2025-03,Very Fast,
TCK-000830,CUST-21867,Ahmed Al-Subaie,Phone,Billing,High,Ahmed Al-Qahtani,Unknown,2024-02-07,2024-02-08,37,39.2,Resolved,1,1674.5,Resolved,1.0,2024,February,2024-02,Fast,
TCK-000831,CUST-65980,Huda Al-Shammari,Branch,General Inquiry,Low,Noura Al-Shammari,Abha,2026-07-15,2026-07-22,49,191.9,Closed,5,0.0,Resolved,7.0,2026,July,2026-07,Fast,
TCK-000832,CUST-60384,Reem Al-Balawi,WhatsApp,Complaint,Low,Khalid Al-Ghamdi,Tabuk,2025-09-05,2025-09-08,266,75.0,Resolved,5,0.0,Resolved,3.0,2025,September,2025-09,Slow,
TCK-000833,CUST-70828,Noura Al-Rashidi,Social Media,General Inquiry,Medium,Abdullah Al-Zahrani,Buraidah,2026-06-12,,104,0.0,Open,0,0.0,Unresolved,,2026,June,2026-06,Moderate,141.0
TCK-000834,CUST-75222,Nasser Al-Shammari,Email,Account Management,Low,Faisal Al-Shehri,Riyadh,2024-02-29,2024-03-02,668,50.9,Resolved,3,0.0,Resolved,2.0,2024,February,2024-02,Slow,
TCK-000835,CUST-59200,Aisha Al-Qahtani,Email,Account Management,High,Sara Al-Dossari,Buraidah,2025-08-14,,24,0.0,Escalated,0,0.0,Unresolved,,2025,August,2025-08,Very Fast,443.0
TCK-000836,CUST-51023,Yousef Al-Shammari,Phone,Refund Request,Medium,Lama Al-Rashidi,Riyadh,2026-08-27,,94,0.0,Escalated,0,0.0,Unresolved,,2026,August,2026-08,Moderate,65.0
TCK-000837,CUST-41201,Mohammed Al-Balawi,WhatsApp,Technical Support,Low,Noura Al-Shammari,Buraidah,2025-05-13,2025-05-20,289,178.2,Resolved,5,0.0,Resolved,7.0,2025,May,2025-05,Slow,
TCK-000838,CUST-28401,Mohammed Al-Otaibi,WhatsApp,Billing,Low,Turki Al-Subaie,Dammam,2026-07-27,2026-07-29,82,51.7,Resolved,5,0.0,Resolved,2.0,2026,July,2026-07,Moderate,
TCK-000839,CUST-58331,Fahad Al-Subaie,Phone,Technical Support,Medium,Huda Al-Anazi,Buraidah,2025-01-26,2025-01-30,173,97.1,Resolved,4,0.0,Resolved,4.0,2025,January,2025-01,Moderate,
TCK-000840,CUST-36419,Reem Al-Anazi,Social Media,Technical Support,Low,Noura Al-Shammari,Abha,2026-02-10,,49,0.0,Escalated,0,0.0,Unresolved,,2026,February,2026-02,Fast,263.0
TCK-000841,CUST-11924,Huda Al-Dossari,Branch,Complaint,Low,Huda Al-Anazi,Riyadh,2025-06-21,2025-06-23,430,50.9,Resolved,5,0.0,Resolved,2.0,2025,June,2025-06,Slow,
TCK-000842,CUST-67377,Lama Al-Rashidi,Email,Technical Support,Medium,Ahmed Al-Qahtani,Jeddah,2024-06-16,2024-06-17,107,43.6,Resolved,5,0.0,Resolved,1.0,2024,June,2024-06,Moderate,
TCK-000843,CUST-45974,Abdullah Al-Ghamdi,Branch,General Inquiry,Medium,Noura Al-Shammari,Dammam,2024-05-06,,85,0.0,Pending,0,0.0,Unresolved,,2024,May,2024-05,Moderate,908.0
TCK-000844,CUST-46151,Dana Al-Shammari,Phone,Technical Support,Low,Sara Al-Dossari,Riyadh,2025-02-07,2025-02-14,60,173.7,Resolved,1,0.0,Resolved,7.0,2025,February,2025-02,Fast,
TCK-000845,CUST-38462,Mohammed Al-Rashidi,Phone,Technical Support,Low,Noura Al-Shammari,Riyadh,2024-05-02,2024-05-10,209,199.1,Resolved,4,0.0,Resolved,8.0,2024,May,2024-05,Slow,
TCK-000846,CUST-35625,Nasser Al-Shehri,Phone,Billing,Low,Ahmed Al-Qahtani,Riyadh,2026-06-09,2026-06-11,302,49.4,Resolved,5,0.0,Resolved,2.0,2026,June,2026-06,Slow,
TCK-000847,CUST-30987,Ahmed Al-Balawi,Live Chat,Complaint,Medium,Khalid Al-Ghamdi,Hail,2025-03-07,2025-03-08,283,47.7,Resolved,1,1994.57,Resolved,1.0,2025,March,2025-03,Slow,
TCK-000848,CUST-58929,Sultan Al-Shehri,WhatsApp,Technical Support,Critical,Fahad Al-Otaibi,Dammam,2024-06-11,,29,0.0,Pending,0,0.0,Unresolved,,2024,June,2024-06,Very Fast,872.0
TCK-000849,CUST-24711,Aisha Al-Zahrani,Social Media,Refund Request,Medium,Lama Al-Rashidi,Riyadh,2025-11-28,,256,0.0,Pending,0,0.0,Unresolved,,2025,November,2025-11,Slow,337.0
TCK-000850,CUST-50933,Sara Al-Otaibi,Phone,Billing,Medium,Fahad Al-Otaibi,Jeddah,2026-10-06,2026-10-08,174,56.4,Resolved,2,0.0,Resolved,2.0,2026,October,2026-10,Moderate,
TCK-000851,CUST-52896,Huda Al-Otaibi,Branch,Technical Support,Medium,Noura Al-Shammari,Abha,2025-05-03,2025-05-05,267,62.2,Closed,3,0.0,Resolved,2.0,2025,May,2025-05,Slow,
TCK-000852,CUST-13190,Abdullah Al-Shehri,Phone,Account Management,Critical,Yousef Al-Malki,Khobar,2026-03-10,,3,0.0,Pending,0,0.0,Unresolved,,2026,March,2026-03,Very Fast,235.0
TCK-000853,CUST-82617,Turki Al-Subaie,Phone,Billing,High,Reem Al-Mutairi,Unknown,2025-09-04,2025-09-04,38,11.5,Resolved,5,0.0,Resolved,0.0,2025,September,2025-09,Fast,
TCK-000854,CUST-44373,Bandar Al-Anazi,Branch,Account Management,Medium,Khalid Al-Ghamdi,Dammam,2026-02-18,2026-02-18,83,5.8,Closed,3,0.0,Resolved,0.0,2026,February,2026-02,Moderate,
TCK-000855,CUST-93929,Aisha Al-Malki,Phone,Technical Support,Medium,Turki Al-Subaie,Dammam,2025-09-12,2025-09-12,30,17.6,Resolved,1,0.0,Resolved,0.0,2025,September,2025-09,Very Fast,
TCK-000856,CUST-78638,Mohammed Al-Ghamdi,WhatsApp,Billing,High,Reem Al-Mutairi,Unknown,2025-04-23,,11,0.0,Open,0,0.0,Unresolved,,2025,April,2025-04,Very Fast,556.0
TCK-000857,CUST-69283,Sara Al-Harbi,Email,Technical Support,Medium,Abdullah Al-Zahrani,Khobar,2026-05-17,2026-05-20,142,79.6,Resolved,2,0.0,Resolved,3.0,2026,May,2026-05,Moderate,
TCK-000858,CUST-36652,Reem Al-Subaie,Phone,Technical Support,Low,Khalid Al-Ghamdi,Unknown,2025-10-09,2025-10-15,613,156.1,Resolved,5,0.0,Resolved,6.0,2025,October,2025-10,Slow,
TCK-000859,CUST-20778,Maha Al-Balawi,Branch,Account Management,High,Abdullah Al-Zahrani,Jeddah,2025-12-03,2025-12-03,41,5.3,Resolved,5,0.0,Resolved,0.0,2025,December,2025-12,Fast,
TCK-000860,CUST-75500,Dana Al-Anazi,Social Media,Billing,Medium,Ahmed Al-Qahtani,Dammam,2024-02-10,2024-02-12,289,56.6,Closed,5,694.46,Resolved,2.0,2024,February,2024-02,Slow,
TCK-000861,CUST-21305,Bandar Al-Mutairi,Email,Refund Request,Low,Sara Al-Dossari,Khobar,2026-05-31,2026-06-03,401,90.7,Resolved,4,0.0,Resolved,3.0,2026,May,2026-05,Slow,
TCK-000862,CUST-85234,Hessa Al-Mutairi,Email,Refund Request,Critical,Lama Al-Rashidi,Riyadh,2026-05-20,,18,0.0,Pending,0,0.0,Unresolved,,2026,May,2026-05,Very Fast,164.0
TCK-000863,CUST-19490,Sultan Al-Anazi,Phone,Unknown,High,Faisal Al-Shehri,Mecca,2024-09-15,2024-09-16,22,40.8,Resolved,5,0.0,Resolved,1.0,2024,September,2024-09,Very Fast,
TCK-000864,CUST-11174,Ahmed Al-Ghamdi,Phone,Billing,Low,Ahmed Al-Qahtani,Dammam,2025-06-08,2025-06-15,526,181.4,Closed,5,0.0,Resolved,7.0,2025,June,2025-06,Slow,
TCK-000865,CUST-59960,Dana Al-Anazi,WhatsApp,Technical Support,Low,Noura Al-Shammari,Jeddah,2025-03-30,2025-03-30,431,19.1,Resolved,5,0.0,Resolved,0.0,2025,March,2025-03,Slow,
TCK-000866,CUST-33402,Abdullah Al-Shammari,Live Chat,Technical Support,High,Turki Al-Subaie,Jeddah,2024-10-16,2024-10-16,17,21.8,Resolved,4,0.0,Resolved,0.0,2024,October,2024-10,Very Fast,
TCK-000867,CUST-96916,Sultan Al-Malki,WhatsApp,Technical Support,High,Maha Al-Balawi,Khobar,2024-05-27,2024-05-27,46,10.4,Resolved,1,0.0,Resolved,0.0,2024,May,2024-05,Fast,
TCK-000868,CUST-90424,Turki Al-Rashidi,Phone,Refund Request,Medium,Maha Al-Balawi,Jeddah,2024-04-04,,131,0.0,Open,0,0.0,Unresolved,,2024,April,2024-04,Moderate,940.0
TCK-000869,CUST-28576,Reem Al-Mutairi,WhatsApp,Technical Support,Low,Maha Al-Balawi,Riyadh,2024-08-16,,686,0.0,Open,0,0.0,Unresolved,,2024,August,2024-08,Slow,806.0
TCK-000870,CUST-96760,Dana Al-Otaibi,WhatsApp,General Inquiry,Low,Mohammed Al-Harbi,Jeddah,2026-08-28,2026-08-29,454,36.8,Resolved,3,0.0,Resolved,1.0,2026,August,2026-08,Slow,
TCK-000871,CUST-31351,Faisal Al-Ghamdi,Phone,Delivery Issue,Critical,Noura Al-Shammari,Riyadh,2026-02-15,2026-02-15,21,6.3,Resolved,5,541.01,Resolved,0.0,2026,February,2026-02,Very Fast,
TCK-000872,CUST-74375,Huda Al-Harbi,Email,Billing,High,Faisal Al-Shehri,Riyadh,2026-09-16,2026-09-17,62,37.0,Resolved,2,0.0,Resolved,1.0,2026,September,2026-09,Moderate,
TCK-000873,CUST-93296,Sara Al-Anazi,Phone,General Inquiry,Medium,Khalid Al-Ghamdi,Jeddah,2024-05-14,,274,0.0,Pending,0,0.0,Unresolved,,2024,May,2024-05,Slow,900.0
TCK-000874,CUST-94133,Yousef Al-Malki,WhatsApp,Technical Support,Medium,Lama Al-Rashidi,Jeddah,2024-03-11,2024-03-14,224,72.6,Resolved,4,0.0,Resolved,3.0,2024,March,2024-03,Slow,
TCK-000875,CUST-83917,Hessa Al-Dossari,Email,Complaint,Medium,Noura Al-Shammari,Riyadh,2026-06-02,,269,0.0,Open,0,0.0,Unresolved,,2026,June,2026-06,Slow,151.0
TCK-000876,CUST-11756,Lama Al-Qahtani,Unknown,Technical Support,Critical,Turki Al-Subaie,Riyadh,2025-10-11,2025-10-11,7,11.8,Resolved,5,0.0,Resolved,0.0,2025,October,2025-10,Very Fast,
TCK-000877,CUST-37243,Nasser Al-Mutairi,Unknown,General Inquiry,Medium,Reem Al-Mutairi,Medina,2025-11-12,2025-11-14,249,67.5,Closed,4,0.0,Resolved,2.0,2025,November,2025-11,Slow,
TCK-000878,CUST-84402,Noura Al-Rashidi,Social Media,Technical Support,High,Yousef Al-Malki,Dammam,2024-08-23,2024-08-24,23,29.2,Closed,4,0.0,Resolved,1.0,2024,August,2024-08,Very Fast,
TCK-000879,CUST-52862,Lama Al-Zahrani,Live Chat,Delivery Issue,Medium,Yousef Al-Malki,Riyadh,2026-02-12,,92,0.0,Open,0,0.0,Unresolved,,2026,February,2026-02,Moderate,261.0
TCK-000880,CUST-15284,Abdullah Al-Dossari,Unknown,Billing,Medium,Yousef Al-Malki,Jeddah,2025-04-21,2025-04-22,185,39.3,Resolved,4,350.33,Resolved,1.0,2025,April,2025-04,Slow,
TCK-000881,CUST-78451,Faisal Al-Subaie,WhatsApp,Account Management,Critical,Abdullah Al-Zahrani,Dammam,2026-07-31,2026-07-31,27,9.5,Closed,4,0.0,Resolved,0.0,2026,July,2026-07,Very Fast,
TCK-000882,CUST-48203,Reem Al-Malki,Live Chat,Account Management,High,Reem Al-Mutairi,Riyadh,2024-04-23,2024-04-23,15,16.2,Resolved,4,0.0,Resolved,0.0,2024,April,2024-04,Very Fast,
TCK-000883,CUST-66601,Mohammed Al-Shammari,Phone,General Inquiry,Low,Turki Al-Subaie,Riyadh,2024-10-12,,323,0.0,Pending,0,0.0,Unresolved,,2024,October,2024-10,Slow,749.0
TCK-000884,CUST-60433,Khalid Al-Shammari,Phone,General Inquiry,Low,Turki Al-Subaie,Dammam,2026-04-22,,172,0.0,Open,0,0.0,Unresolved,,2026,April,2026-04,Moderate,192.0
TCK-000885,CUST-10236,Nasser Al-Shammari,Phone,Billing,High,Mohammed Al-Harbi,Riyadh,2024-11-19,2024-11-19,8,4.3,Resolved,4,0.0,Resolved,0.0,2024,November,2024-11,Very Fast,
TCK-000886,CUST-32228,Aisha Al-Dossari,Branch,Account Management,Medium,Mohammed Al-Harbi,Riyadh,2024-11-13,,178,0.0,Open,0,0.0,Unresolved,,2024,November,2024-11,Moderate,717.0
TCK-000887,CUST-38227,Noura Al-Malki,Email,Delivery Issue,Medium,Yousef Al-Malki,Khobar,2024-05-29,2024-05-29,78,21.4,Resolved,5,0.0,Resolved,0.0,2024,May,2024-05,Moderate,
TCK-000888,CUST-61055,Sultan Al-Shammari,Live Chat,Complaint,High,Khalid Al-Ghamdi,Mecca,2025-07-14,,11,0.0,Open,0,0.0,Unresolved,,2025,July,2025-07,Very Fast,474.0
TCK-000889,CUST-70165,Noura Al-Balawi,Social Media,Account Management,High,Noura Al-Shammari,Tabuk,2024-09-03,2024-09-04,54,28.1,Resolved,5,0.0,Resolved,1.0,2024,September,2024-09,Fast,
TCK-000890,CUST-80385,Yousef Al-Qahtani,Live Chat,Billing,High,Turki Al-Subaie,Khobar,2024-01-26,2024-01-26,87,7.3,Resolved,4,0.0,Resolved,0.0,2024,January,2024-01,Moderate,
TCK-000891,CUST-78320,Noura Al-Balawi,Email,Technical Support,High,Ahmed Al-Qahtani,Riyadh,2024-01-20,,57,0.0,Escalated,0,0.0,Unresolved,,2024,January,2024-01,Fast,1015.0
TCK-000892,CUST-48266,Sara Al-Balawi,Live Chat,Technical Support,Low,Mohammed Al-Harbi,Khobar,2024-11-28,2024-12-02,38,115.9,Closed,5,0.0,Resolved,4.0,2024,November,2024-11,Fast,
TCK-000893,CUST-49553,Ahmed Al-Malki,Phone,General Inquiry,Medium,Ahmed Al-Qahtani,Mecca,2025-12-18,,110,0.0,Open,0,0.0,Unresolved,,2025,December,2025-12,Moderate,317.0
TCK-000894,CUST-69960,Dana Al-Shammari,Branch,Complaint,Low,Yousef Al-Malki,Dammam,2024-03-28,2024-04-04,617,190.8,Resolved,3,0.0,Resolved,7.0,2024,March,2024-03,Slow,
TCK-000895,CUST-95974,Maha Al-Mutairi,WhatsApp,Refund Request,Medium,Turki Al-Subaie,Abha,2026-07-05,,101,0.0,Open,0,0.0,Unresolved,,2026,July,2026-07,Moderate,118.0
TCK-000896,CUST-23215,Reem Al-Qahtani,Live Chat,Account Management,Critical,Mohammed Al-Harbi,Jeddah,2024-01-16,2024-01-16,18,4.8,Resolved,5,0.0,Resolved,0.0,2024,January,2024-01,Very Fast,
TCK-000897,CUST-19105,Sultan Al-Harbi,Live Chat,General Inquiry,Critical,Reem Al-Mutairi,Tabuk,2025-12-04,2025-12-04,19,1.6,Resolved,5,0.0,Resolved,0.0,2025,December,2025-12,Very Fast,
TCK-000898,CUST-96587,Dana Al-Mutairi,Branch,Technical Support,Low,Fahad Al-Otaibi,Riyadh,2025-12-30,,156,0.0,Escalated,0,0.0,Unresolved,,2025,December,2025-12,Moderate,305.0
TCK-000899,CUST-18115,Maha Al-Malki,WhatsApp,Delivery Issue,Medium,Noura Al-Shammari,Hail,2024-03-19,2024-03-22,92,87.5,Resolved,3,0.0,Resolved,3.0,2024,March,2024-03,Moderate,
TCK-000900,CUST-80925,Sara Al-Ghamdi,Branch,Complaint,Medium,Reem Al-Mutairi,Abha,2025-08-02,,239,0.0,Escalated,0,0.0,Unresolved,,2025,August,2025-08,Slow,455.0
TCK-000901,CUST-70727,Aisha Al-Ghamdi,Phone,Refund Request,Medium,Ahmed Al-Qahtani,Riyadh,2026-03-03,2026-03-06,105,78.8,Resolved,1,2128.47,Resolved,3.0,2026,March,2026-03,Moderate,
TCK-000902,CUST-28391,Mohammed Al-Zahrani,Live Chat,Billing,Medium,Mohammed Al-Harbi,Riyadh,2026-04-29,2026-04-29,60,5.0,Closed,4,0.0,Resolved,0.0,2026,April,2026-04,Fast,
TCK-000903,CUST-77865,Noura Al-Zahrani,Phone,Delivery Issue,High,Lama Al-Rashidi,Jeddah,2024-07-29,,24,0.0,Open,0,0.0,Unresolved,,2024,July,2024-07,Very Fast,824.0
TCK-000904,CUST-44186,Bandar Al-Otaibi,Email,Complaint,Medium,Ahmed Al-Qahtani,Jeddah,2025-08-13,2025-08-14,110,45.0,Closed,1,0.0,Resolved,1.0,2025,August,2025-08,Moderate,
TCK-000905,CUST-62091,Bandar Al-Mutairi,WhatsApp,Complaint,Medium,Ahmed Al-Qahtani,Dammam,2024-11-05,,109,0.0,Pending,0,0.0,Unresolved,,2024,November,2024-11,Moderate,725.0
TCK-000906,CUST-77069,Sara Al-Qahtani,Email,Billing,High,Mohammed Al-Harbi,Khobar,2024-04-29,2024-04-30,64,46.5,Resolved,4,0.0,Resolved,1.0,2024,April,2024-04,Moderate,
TCK-000907,CUST-56107,Lama Al-Anazi,Phone,General Inquiry,Critical,Khalid Al-Ghamdi,Riyadh,2024-02-17,2024-02-17,12,4.3,Resolved,5,0.0,Resolved,0.0,2024,February,2024-02,Very Fast,
TCK-000908,CUST-72113,Faisal Al-Qahtani,Email,Account Management,Medium,Noura Al-Shammari,Riyadh,2026-10-15,2026-10-18,298,93.2,Resolved,1,0.0,Resolved,3.0,2026,October,2026-10,Slow,
TCK-000909,CUST-49362,Maha Al-Zahrani,Email,General Inquiry,Critical,Mohammed Al-Harbi,Mecca,2024-02-17,2024-02-17,17,9.8,Resolved,4,0.0,Resolved,0.0,2024,February,2024-02,Very Fast,
TCK-000910,CUST-45435,Abdullah Al-Balawi,Phone,Technical Support,Medium,Lama Al-Rashidi,Medina,2025-08-24,2025-08-28,71,114.2,Closed,2,0.0,Resolved,4.0,2025,August,2025-08,Moderate,
TCK-000911,CUST-26876,Khalid Al-Anazi,Email,Billing,High,Noura Al-Shammari,Riyadh,2024-06-29,2024-06-30,90,32.9,Resolved,5,0.0,Resolved,1.0,2024,June,2024-06,Moderate,
TCK-000912,CUST-39761,Abdullah Al-Shehri,Live Chat,Billing,High,Sara Al-Dossari,Riyadh,2025-11-17,2025-11-17,49,5.0,Resolved,2,0.0,Resolved,0.0,2025,November,2025-11,Fast,
TCK-000913,CUST-24098,Ahmed Al-Subaie,Phone,Account Management,Low,Khalid Al-Ghamdi,Medina,2025-09-19,2025-09-23,675,110.4,Resolved,2,0.0,Resolved,4.0,2025,September,2025-09,Slow,
TCK-000914,CUST-60596,Reem Al-Otaibi,WhatsApp,Technical Support,High,Ahmed Al-Qahtani,Jeddah,2026-08-04,2026-08-04,64,5.0,Resolved,5,0.0,Resolved,0.0,2026,August,2026-08,Moderate,
TCK-000915,CUST-13812,Mohammed Al-Otaibi,Email,Unknown,Medium,Abdullah Al-Zahrani,Riyadh,2026-06-01,2026-06-05,145,113.2,Resolved,1,0.0,Resolved,4.0,2026,June,2026-06,Moderate,
TCK-000916,CUST-67831,Fahad Al-Ghamdi,Branch,Billing,Low,Reem Al-Mutairi,Unknown,2026-08-06,2026-08-09,606,76.8,Resolved,4,0.0,Resolved,3.0,2026,August,2026-08,Slow,
TCK-000917,CUST-35240,Huda Al-Balawi,WhatsApp,Technical Support,Critical,Sara Al-Dossari,Dammam,2026-01-02,2026-01-02,30,4.0,Resolved,2,0.0,Resolved,0.0,2026,January,2026-01,Very Fast,
TCK-000918,CUST-18368,Nasser Al-Subaie,Live Chat,Refund Request,Medium,Turki Al-Subaie,Riyadh,2024-12-22,2024-12-26,281,112.7,Resolved,4,0.0,Resolved,4.0,2024,December,2024-12,Slow,
TCK-000919,CUST-56661,Fahad Al-Malki,Email,Technical Support,Medium,Lama Al-Rashidi,Khobar,2026-03-29,,276,0.0,Open,0,0.0,Unresolved,,2026,March,2026-03,Slow,216.0
TCK-000920,CUST-22290,Abdullah Al-Rashidi,Branch,Billing,Medium,Faisal Al-Shehri,Riyadh,2026-03-01,2026-03-03,44,51.4,Resolved,3,2316.57,Resolved,2.0,2026,March,2026-03,Fast,
TCK-000921,CUST-41598,Huda Al-Shehri,Email,Account Management,High,Turki Al-Subaie,Abha,2025-12-03,2025-12-03,53,7.8,Resolved,3,0.0,Resolved,0.0,2025,December,2025-12,Fast,
TCK-000922,CUST-57872,Khalid Al-Subaie,WhatsApp,Refund Request,Medium,Khalid Al-Ghamdi,Unknown,2024-08-04,,36,0.0,Open,0,0.0,Unresolved,,2024,August,2024-08,Fast,818.0
TCK-000923,CUST-57436,Khalid Al-Balawi,Phone,Billing,Medium,Sara Al-Dossari,Riyadh,2024-11-12,2024-11-13,250,47.5,Resolved,1,0.0,Resolved,1.0,2024,November,2024-11,Slow,
TCK-000924,CUST-23209,Noura Al-Balawi,Unknown,General Inquiry,Medium,Mohammed Al-Harbi,Buraidah,2026-02-22,2026-02-25,26,89.9,Resolved,3,0.0,Resolved,3.0,2026,February,2026-02,Very Fast,
TCK-000925,CUST-50623,Dana Al-Rashidi,Email,Billing,Medium,Abdullah Al-Zahrani,Jeddah,2025-01-09,2025-01-11,211,61.4,Resolved,5,0.0,Resolved,2.0,2025,January,2025-01,Slow,
TCK-000926,CUST-54063,Hessa Al-Balawi,WhatsApp,General Inquiry,High,Turki Al-Subaie,Jeddah,2024-10-16,2024-10-17,68,43.2,Resolved,3,0.0,Resolved,1.0,2024,October,2024-10,Moderate,
TCK-000927,CUST-55486,Mohammed Al-Shammari,Social Media,Technical Support,Medium,Faisal Al-Shehri,Mecca,2025-05-24,2025-05-25,277,38.6,Resolved,5,0.0,Resolved,1.0,2025,May,2025-05,Slow,
TCK-000928,CUST-97123,Ahmed Al-Balawi,Phone,Billing,Low,Khalid Al-Ghamdi,Riyadh,2025-09-26,2025-09-28,250,55.8,Closed,5,2064.78,Resolved,2.0,2025,September,2025-09,Slow,
TCK-000929,CUST-79226,Ahmed Al-Dossari,Live Chat,Billing,High,Maha Al-Balawi,Abha,2024-04-07,2024-04-08,36,40.4,Closed,3,0.0,Resolved,1.0,2024,April,2024-04,Fast,
TCK-000930,CUST-81334,Khalid Al-Qahtani,Live Chat,Delivery Issue,High,Turki Al-Subaie,Mecca,2025-05-22,2025-05-22,60,14.7,Resolved,5,1953.11,Resolved,0.0,2025,May,2025-05,Fast,
TCK-000931,CUST-64037,Maha Al-Shehri,WhatsApp,Billing,Medium,Abdullah Al-Zahrani,Hail,2026-10-17,2026-10-20,51,86.5,Resolved,2,3152.44,Resolved,3.0,2026,October,2026-10,Fast,
TCK-000932,CUST-21551,Sultan Al-Mutairi,WhatsApp,Technical Support,Low,Yousef Al-Malki,Buraidah,2025-01-18,2025-01-25,251,178.0,Resolved,2,0.0,Resolved,7.0,2025,January,2025-01,Slow,
TCK-000933,CUST-56847,Maha Al-Otaibi,Phone,Account Management,Medium,Maha Al-Balawi,Khobar,2024-08-11,,260,0.0,Open,0,0.0,Unresolved,,2024,August,2024-08,Slow,811.0
TCK-000934,CUST-50827,Maha Al-Shammari,WhatsApp,Technical Support,Low,Lama Al-Rashidi,Khobar,2026-10-12,2026-10-19,107,180.1,Closed,5,0.0,Resolved,7.0,2026,October,2026-10,Moderate,
TCK-000935,CUST-96547,Dana Al-Mutairi,Live Chat,Technical Support,High,Khalid Al-Ghamdi,Dammam,2025-02-20,2025-02-21,6,31.9,Closed,5,0.0,Resolved,1.0,2025,February,2025-02,Very Fast,
TCK-000936,CUST-51539,Huda Al-Subaie,Social Media,General Inquiry,Medium,Maha Al-Balawi,Riyadh,2026-10-15,2026-10-17,81,71.4,Resolved,3,0.0,Resolved,2.0,2026,October,2026-10,Moderate,
TCK-000937,CUST-29951,Sara Al-Harbi,Social Media,Delivery Issue,Medium,Fahad Al-Otaibi,Riyadh,2025-01-05,2025-01-07,48,55.5,Resolved,4,2481.81,Resolved,2.0,2025,January,2025-01,Fast,
TCK-000938,CUST-53638,Khalid Al-Shammari,Live Chat,Technical Support,High,Yousef Al-Malki,Riyadh,2024-07-23,2024-07-23,64,17.1,Resolved,5,0.0,Resolved,0.0,2024,July,2024-07,Moderate,
TCK-000939,CUST-83871,Nasser Al-Balawi,Live Chat,Billing,Medium,Lama Al-Rashidi,Jeddah,2024-03-29,2024-03-29,236,8.3,Closed,4,0.0,Resolved,0.0,2024,March,2024-03,Slow,
TCK-000940,CUST-27546,Noura Al-Rashidi,Phone,Billing,High,Sara Al-Dossari,Buraidah,2025-10-07,2025-10-07,36,7.8,Resolved,3,0.0,Resolved,0.0,2025,October,2025-10,Fast,
TCK-000941,CUST-68481,Nasser Al-Dossari,Phone,Billing,Medium,Reem Al-Mutairi,Tabuk,2025-12-01,2025-12-04,298,90.0,Resolved,4,0.0,Resolved,3.0,2025,December,2025-12,Slow,
TCK-000942,CUST-24116,Khalid Al-Anazi,Social Media,Technical Support,Low,Abdullah Al-Zahrani,Jeddah,2024-04-08,2024-04-09,693,34.6,Resolved,4,0.0,Resolved,1.0,2024,April,2024-04,Slow,
TCK-000943,CUST-39471,Mohammed Al-Zahrani,Unknown,Account Management,Critical,Turki Al-Subaie,Dammam,2025-12-08,2025-12-08,7,1.9,Resolved,2,0.0,Resolved,0.0,2025,December,2025-12,Very Fast,
TCK-000944,CUST-21018,Noura Al-Qahtani,Live Chat,Billing,Medium,Lama Al-Rashidi,Buraidah,2026-02-16,2026-02-16,124,7.1,Resolved,3,0.0,Resolved,0.0,2026,February,2026-02,Moderate,
TCK-000945,CUST-93374,Maha Al-Subaie,Live Chat,General Inquiry,Medium,Mohammed Al-Harbi,Mecca,2025-06-20,2025-06-24,147,109.1,Resolved,4,0.0,Resolved,4.0,2025,June,2025-06,Moderate,
TCK-000946,CUST-23894,Bandar Al-Mutairi,Live Chat,Account Management,Medium,Turki Al-Subaie,Riyadh,2026-02-22,2026-02-24,206,61.8,Resolved,4,0.0,Resolved,2.0,2026,February,2026-02,Slow,
TCK-000947,CUST-36073,Huda Al-Anazi,WhatsApp,Billing,Low,Fahad Al-Otaibi,Riyadh,2026-07-04,2026-07-11,45,174.9,Resolved,4,2894.03,Resolved,7.0,2026,July,2026-07,Fast,
TCK-000948,CUST-31528,Sultan Al-Shehri,Live Chat,Billing,High,Huda Al-Anazi,Jeddah,2024-09-16,,61,0.0,Escalated,0,0.0,Unresolved,,2024,September,2024-09,Moderate,775.0
TCK-000949,CUST-98215,Ahmed Al-Ghamdi,Email,Account Management,Medium,Fahad Al-Otaibi,Jeddah,2025-01-12,2025-01-13,149,35.5,Resolved,4,0.0,Resolved,1.0,2025,January,2025-01,Moderate,
TCK-000950,CUST-99546,Yousef Al-Zahrani,Branch,Complaint,Medium,Reem Al-Mutairi,Riyadh,2024-08-10,2024-08-12,44,61.0,Resolved,5,0.0,Resolved,2.0,2024,August,2024-08,Fast,
TCK-000951,CUST-12595,Khalid Al-Balawi,Branch,Billing,Medium,Ahmed Al-Qahtani,Mecca,2025-06-25,2025-06-26,180,29.1,Resolved,5,0.0,Resolved,1.0,2025,June,2025-06,Moderate,
TCK-000952,CUST-86918,Yousef Al-Ghamdi,Live Chat,Billing,Low,Turki Al-Subaie,Buraidah,2026-06-09,2026-06-16,663,171.6,Resolved,5,0.0,Resolved,7.0,2026,June,2026-06,Slow,
TCK-000953,CUST-33095,Aisha Al-Otaibi,Email,General Inquiry,Low,Faisal Al-Shehri,Jeddah,2025-08-13,,363,0.0,Open,0,0.0,Unresolved,,2025,August,2025-08,Slow,444.0
TCK-000954,CUST-70982,Khalid Al-Dossari,Unknown,Billing,Medium,Ahmed Al-Qahtani,Jeddah,2025-10-19,2025-10-22,194,80.0,Resolved,5,3375.17,Resolved,3.0,2025,October,2025-10,Slow,
TCK-000955,CUST-97738,Sultan Al-Qahtani,Phone,Complaint,Low,Huda Al-Anazi,Riyadh,2026-07-15,2026-07-20,231,130.7,Resolved,4,4354.6,Resolved,5.0,2026,July,2026-07,Slow,
TCK-000956,CUST-20165,Hessa Al-Balawi,Email,General Inquiry,Medium,Lama Al-Rashidi,Jeddah,2024-03-03,2024-03-03,182,21.9,Resolved,4,0.0,Resolved,0.0,2024,March,2024-03,Slow,
TCK-000957,CUST-43277,Abdullah Al-Malki,Live Chat,Complaint,Critical,Reem Al-Mutairi,Dammam,2026-07-13,2026-07-13,23,11.1,Resolved,3,0.0,Resolved,0.0,2026,July,2026-07,Very Fast,
TCK-000958,CUST-26254,Lama Al-Rashidi,Live Chat,Billing,Low,Maha Al-Balawi,Hail,2024-12-07,2024-12-14,485,189.6,Resolved,3,0.0,Resolved,7.0,2024,December,2024-12,Slow,
TCK-000959,CUST-59402,Fahad Al-Otaibi,Branch,Technical Support,Low,Abdullah Al-Zahrani,Khobar,2026-01-10,2026-01-18,306,201.3,Resolved,2,0.0,Resolved,8.0,2026,January,2026-01,Slow,
TCK-000960,CUST-19763,Turki Al-Balawi,Phone,Account Management,Medium,Faisal Al-Shehri,Riyadh,2025-04-09,2025-04-11,267,55.5,Resolved,5,0.0,Resolved,2.0,2025,April,2025-04,Slow,
TCK-000961,CUST-21626,Yousef Al-Zahrani,Email,Account Management,Low,Noura Al-Shammari,Mecca,2025-12-27,2025-12-27,34,17.8,Closed,3,0.0,Resolved,0.0,2025,December,2025-12,Fast,
TCK-000962,CUST-31685,Lama Al-Subaie,Phone,Complaint,Low,Noura Al-Shammari,Medina,2026-01-06,2026-01-07,41,38.9,Resolved,2,3339.59,Resolved,1.0,2026,January,2026-01,Fast,
TCK-000963,CUST-98843,Turki Al-Harbi,Email,General Inquiry,Medium,Abdullah Al-Zahrani,Jeddah,2026-02-12,2026-02-15,57,76.9,Closed,2,0.0,Resolved,3.0,2026,February,2026-02,Fast,
TCK-000964,CUST-18512,Sara Al-Subaie,Phone,Refund Request,Medium,Abdullah Al-Zahrani,Riyadh,2026-01-23,2026-01-26,185,93.4,Resolved,5,0.0,Resolved,3.0,2026,January,2026-01,Slow,
TCK-000965,CUST-90485,Huda Al-Subaie,Unknown,Refund Request,Medium,Fahad Al-Otaibi,Medina,2025-12-18,,233,0.0,Pending,0,0.0,Unresolved,,2025,December,2025-12,Slow,317.0
TCK-000966,CUST-77975,Lama Al-Rashidi,Live Chat,Billing,Medium,Noura Al-Shammari,Jeddah,2025-05-27,2025-05-29,144,59.6,Closed,5,0.0,Resolved,2.0,2025,May,2025-05,Moderate,
TCK-000967,CUST-86041,Mohammed Al-Malki,WhatsApp,Complaint,Critical,Reem Al-Mutairi,Riyadh,2024-05-19,,2,0.0,Pending,0,0.0,Unresolved,,2024,May,2024-05,Very Fast,895.0
TCK-000968,CUST-23868,Turki Al-Harbi,WhatsApp,Refund Request,Medium,Reem Al-Mutairi,Riyadh,2025-06-16,2025-06-17,170,35.3,Closed,3,0.0,Resolved,1.0,2025,June,2025-06,Moderate,
TCK-000969,CUST-81063,Fahad Al-Ghamdi,Email,Billing,Critical,Ahmed Al-Qahtani,Riyadh,2024-06-06,,13,0.0,Escalated,0,0.0,Unresolved,,2024,June,2024-06,Very Fast,877.0
TCK-000970,CUST-47400,Reem Al-Qahtani,Phone,Billing,Medium,Fahad Al-Otaibi,Jeddah,2026-05-20,,267,0.0,Pending,0,0.0,Unresolved,,2026,May,2026-05,Slow,164.0
TCK-000971,CUST-38315,Sultan Al-Ghamdi,WhatsApp,Technical Support,Medium,Fahad Al-Otaibi,Jeddah,2025-11-04,2025-11-06,126,68.9,Resolved,5,0.0,Resolved,2.0,2025,November,2025-11,Moderate,
TCK-000972,CUST-52886,Sara Al-Zahrani,WhatsApp,Billing,Low,Ahmed Al-Qahtani,Dammam,2025-11-26,,437,0.0,Pending,0,0.0,Unresolved,,2025,November,2025-11,Slow,339.0
TCK-000973,CUST-53761,Huda Al-Otaibi,Phone,Delivery Issue,Medium,Abdullah Al-Zahrani,Hail,2024-01-13,2024-01-17,78,111.4,Closed,4,0.0,Resolved,4.0,2024,January,2024-01,Moderate,
TCK-000974,CUST-81694,Ahmed Al-Mutairi,Unknown,Account Management,Medium,Ahmed Al-Qahtani,Khobar,2025-07-13,2025-07-17,285,117.3,Closed,2,0.0,Resolved,4.0,2025,July,2025-07,Slow,
TCK-000975,CUST-35772,Bandar Al-Rashidi,Email,Billing,High,Mohammed Al-Harbi,Buraidah,2025-12-13,,37,0.0,Open,0,0.0,Unresolved,,2025,December,2025-12,Fast,322.0
TCK-000976,CUST-67760,Khalid Al-Otaibi,Live Chat,Account Management,Medium,Ahmed Al-Qahtani,Khobar,2025-09-08,2025-09-08,46,11.2,Resolved,4,0.0,Resolved,0.0,2025,September,2025-09,Fast,
TCK-000977,CUST-63696,Dana Al-Subaie,Branch,General Inquiry,Medium,Turki Al-Subaie,Riyadh,2024-02-20,2024-02-21,290,31.3,Resolved,5,0.0,Resolved,1.0,2024,February,2024-02,Slow,
TCK-000978,CUST-49345,Nasser Al-Zahrani,Email,Billing,Low,Fahad Al-Otaibi,Riyadh,2024-04-08,,446,0.0,Pending,0,0.0,Unresolved,,2024,April,2024-04,Slow,936.0
TCK-000979,CUST-64039,Bandar Al-Mutairi,Social Media,Account Management,Medium,Turki Al-Subaie,Medina,2026-07-10,2026-07-14,159,118.2,Resolved,5,0.0,Resolved,4.0,2026,July,2026-07,Moderate,
TCK-000980,CUST-71725,Dana Al-Subaie,Phone,General Inquiry,High,Yousef Al-Malki,Jeddah,2025-06-03,2025-06-03,26,21.9,Resolved,4,0.0,Resolved,0.0,2025,June,2025-06,Very Fast,
TCK-000981,CUST-44926,Faisal Al-Dossari,WhatsApp,Account Management,Medium,Abdullah Al-Zahrani,Dammam,2025-08-24,,220,0.0,Escalated,0,0.0,Unresolved,,2025,August,2025-08,Slow,433.0
TCK-000982,CUST-85748,Huda Al-Qahtani,WhatsApp,Delivery Issue,Low,Sara Al-Dossari,Dammam,2026-03-13,2026-03-14,387,25.7,Closed,2,2820.46,Resolved,1.0,2026,March,2026-03,Slow,
TCK-000983,CUST-47839,Noura Al-Anazi,Live Chat,Technical Support,Low,Huda Al-Anazi,Riyadh,2026-08-31,,660,0.0,Pending,0,0.0,Unresolved,,2026,August,2026-08,Slow,61.0
TCK-000984,CUST-43448,Sultan Al-Balawi,Live Chat,Technical Support,Low,Noura Al-Shammari,Medina,2024-04-03,,338,0.0,Pending,0,0.0,Unresolved,,2024,April,2024-04,Slow,941.0
TCK-000985,CUST-41504,Fahad Al-Balawi,Email,Delivery Issue,Critical,Khalid Al-Ghamdi,Dammam,2025-01-19,2025-01-19,18,5.7,Resolved,5,4349.5,Resolved,0.0,2025,January,2025-01,Very Fast,
TCK-000986,CUST-12820,Hessa Al-Balawi,Branch,Technical Support,Low,Mohammed Al-Harbi,Riyadh,2025-04-27,2025-04-27,707,22.2,Resolved,5,0.0,Resolved,0.0,2025,April,2025-04,Slow,
TCK-000987,CUST-47108,Maha Al-Anazi,Email,Account Management,Medium,Fahad Al-Otaibi,Dammam,2024-06-28,2024-07-01,191,93.1,Resolved,5,0.0,Resolved,3.0,2024,June,2024-06,Slow,
TCK-000988,CUST-94730,Yousef Al-Shehri,Email,Technical Support,Critical,Ahmed Al-Qahtani,Khobar,2024-07-19,2024-07-19,29,1.3,Resolved,3,0.0,Resolved,0.0,2024,July,2024-07,Very Fast,
TCK-000989,CUST-72080,Reem Al-Zahrani,Phone,Billing,Medium,Turki Al-Subaie,Riyadh,2025-01-11,2025-01-13,125,48.6,Resolved,5,0.0,Resolved,2.0,2025,January,2025-01,Moderate,
TCK-000990,CUST-68765,Nasser Al-Zahrani,Live Chat,Billing,Critical,Fahad Al-Otaibi,Mecca,2025-09-13,2025-09-13,4,11.4,Closed,5,0.0,Resolved,0.0,2025,September,2025-09,Very Fast,
TCK-000991,CUST-89534,Yousef Al-Anazi,Phone,Refund Request,Low,Ahmed Al-Qahtani,Dammam,2026-02-05,2026-02-09,293,96.5,Closed,5,0.0,Resolved,4.0,2026,February,2026-02,Slow,
TCK-000992,CUST-92771,Khalid Al-Shehri,Email,Unknown,Medium,Khalid Al-Ghamdi,Riyadh,2026-01-05,2026-01-06,149,46.0,Resolved,4,0.0,Resolved,1.0,2026,January,2026-01,Moderate,
TCK-000993,CUST-30010,Bandar Al-Harbi,Live Chat,Account Management,Medium,Sara Al-Dossari,Dammam,2025-01-18,2025-01-22,204,96.9,Resolved,2,0.0,Resolved,4.0,2025,January,2025-01,Slow,
TCK-000994,CUST-83917,Lama Al-Anazi,WhatsApp,Technical Support,Medium,Faisal Al-Shehri,Riyadh,2025-01-25,,249,0.0,Pending,0,0.0,Unresolved,,2025,January,2025-01,Slow,644.0
TCK-000995,CUST-89947,Nasser Al-Mutairi,Phone,Unknown,High,Ahmed Al-Qahtani,Buraidah,2026-03-16,2026-03-16,18,21.3,Resolved,4,0.0,Resolved,0.0,2026,March,2026-03,Very Fast,
TCK-000996,CUST-79289,Mohammed Al-Rashidi,Live Chat,Delivery Issue,Medium,Turki Al-Subaie,Riyadh,2025-01-03,2025-01-06,205,74.2,Resolved,3,0.0,Resolved,3.0,2025,January,2025-01,Slow,
TCK-000997,CUST-83295,Reem Al-Malki,Phone,Complaint,High,Huda Al-Anazi,Hail,2025-08-14,2025-08-14,89,23.8,Closed,4,857.88,Resolved,0.0,2025,August,2025-08,Moderate,
TCK-000998,CUST-55654,Huda Al-Anazi,Phone,Billing,Medium,Faisal Al-Shehri,Riyadh,2024-11-17,2024-11-17,281,10.1,Resolved,5,0.0,Resolved,0.0,2024,November,2024-11,Slow,
TCK-000999,CUST-55940,Mohammed Al-Shammari,Email,Billing,High,Abdullah Al-Zahrani,Unknown,2025-04-06,2025-04-07,26,30.8,Resolved,3,0.0,Resolved,1.0,2025,April,2025-04,Very Fast,
TCK-001000,CUST-83798,Hessa Al-Otaibi,Email,Delivery Issue,Medium,Fahad Al-Otaibi,Hail,2026-07-08,,158,0.0,Pending,0,0.0,Unresolved,,2026,July,2026-07,Moderate,115.0
TCK-001001,CUST-64712,Dana Al-Shammari,Phone,Complaint,Medium,Mohammed Al-Harbi,Riyadh,2026-07-29,,111,0.0,Open,0,0.0,Unresolved,,2026,July,2026-07,Moderate,94.0
TCK-001002,CUST-91633,Bandar Al-Rashidi,Branch,Billing,Low,Abdullah Al-Zahrani,Mecca,2024-07-09,2024-07-13,530,100.1,Resolved,5,0.0,Resolved,4.0,2024,July,2024-07,Slow,
TCK-001003,CUST-58950,Sultan Al-Otaibi,Email,Complaint,Low,Fahad Al-Otaibi,Riyadh,2026-06-03,2026-06-06,104,84.1,Closed,5,4434.76,Resolved,3.0,2026,June,2026-06,Moderate,
TCK-001004,CUST-13871,Hessa Al-Qahtani,Branch,Account Management,High,Khalid Al-Ghamdi,Dammam,2024-09-04,2024-09-05,66,45.7,Resolved,4,0.0,Resolved,1.0,2024,September,2024-09,Moderate,
TCK-001005,CUST-16446,Dana Al-Harbi,Phone,Technical Support,Critical,Faisal Al-Shehri,Riyadh,2024-05-15,,15,0.0,Open,0,0.0,Unresolved,,2024,May,2024-05,Very Fast,899.0
TCK-001006,CUST-82288,Huda Al-Shehri,Phone,Account Management,Low,Noura Al-Shammari,Riyadh,2025-10-06,2025-10-14,673,197.8,Resolved,1,0.0,Resolved,8.0,2025,October,2025-10,Slow,
TCK-001007,CUST-79188,Yousef Al-Qahtani,Social Media,Complaint,Medium,Lama Al-Rashidi,Mecca,2025-03-08,2025-03-12,239,115.2,Closed,5,0.0,Resolved,4.0,2025,March,2025-03,Slow,
TCK-001008,CUST-31587,Sara Al-Shehri,Email,Refund Request,Medium,Turki Al-Subaie,Medina,2024-02-21,2024-02-23,33,52.4,Closed,2,0.0,Resolved,2.0,2024,February,2024-02,Fast,
TCK-001009,CUST-45325,Sultan Al-Shammari,Live Chat,Billing,Low,Yousef Al-Malki,Jeddah,2025-07-26,2025-08-03,554,192.2,Resolved,5,0.0,Resolved,8.0,2025,July,2025-07,Slow,
TCK-001010,CUST-23803,Reem Al-Otaibi,Live Chat,Technical Support,Medium,Reem Al-Mutairi,Dammam,2025-09-17,,63,0.0,Escalated,0,0.0,Unresolved,,2025,September,2025-09,Moderate,409.0
TCK-001011,CUST-78645,Lama Al-Balawi,Email,Unknown,Low,Lama Al-Rashidi,Riyadh,2026-04-30,2026-05-04,658,96.2,Resolved,5,2996.65,Resolved,4.0,2026,April,2026-04,Slow,
TCK-001012,CUST-88789,Dana Al-Malki,Email,Complaint,High,Abdullah Al-Zahrani,Dammam,2024-03-11,2024-03-11,32,13.1,Resolved,1,0.0,Resolved,0.0,2024,March,2024-03,Fast,
TCK-001013,CUST-33548,Dana Al-Otaibi,Phone,Complaint,Critical,Mohammed Al-Harbi,Jeddah,2025-11-22,2025-11-22,23,5.4,Resolved,3,0.0,Resolved,0.0,2025,November,2025-11,Very Fast,
TCK-001014,CUST-82957,Nasser Al-Malki,WhatsApp,Refund Request,Medium,Abdullah Al-Zahrani,Khobar,2026-03-19,2026-03-19,300,7.0,Resolved,3,902.28,Resolved,0.0,2026,March,2026-03,Slow,
TCK-001015,CUST-78327,Mohammed Al-Subaie,WhatsApp,Account Management,High,Lama Al-Rashidi,Riyadh,2025-10-29,2025-10-29,63,17.9,Resolved,5,0.0,Resolved,0.0,2025,October,2025-10,Moderate,
TCK-001016,CUST-34769,Faisal Al-Shammari,Phone,Account Management,Low,Sara Al-Dossari,Jeddah,2024-11-11,2024-11-14,669,95.7,Resolved,1,0.0,Resolved,3.0,2024,November,2024-11,Slow,
TCK-001017,CUST-42639,Sara Al-Dossari,WhatsApp,Technical Support,Low,Sara Al-Dossari,Khobar,2025-03-26,2025-03-28,64,69.3,Resolved,2,0.0,Resolved,2.0,2025,March,2025-03,Moderate,
TCK-001018,CUST-64486,Hessa Al-Qahtani,Live Chat,Account Management,Low,Yousef Al-Malki,Mecca,2026-05-11,,634,0.0,Pending,0,0.0,Unresolved,,2026,May,2026-05,Slow,173.0
TCK-001019,CUST-48862,Hessa Al-Shehri,Live Chat,General Inquiry,Low,Abdullah Al-Zahrani,Jeddah,2026-06-24,2026-06-28,203,109.9,Closed,4,0.0,Resolved,4.0,2026,June,2026-06,Slow,
TCK-001020,CUST-66245,Ahmed Al-Balawi,Phone,Refund Request,Medium,Faisal Al-Shehri,Riyadh,2024-03-08,2024-03-12,29,97.8,Resolved,5,4115.7,Resolved,4.0,2024,March,2024-03,Very Fast,
TCK-001021,CUST-90113,Aisha Al-Shammari,Branch,Account Management,Critical,Abdullah Al-Zahrani,Mecca,2024-05-21,2024-05-21,9,8.3,Resolved,5,0.0,Resolved,0.0,2024,May,2024-05,Very Fast,
TCK-001022,CUST-29376,Khalid Al-Otaibi,Email,Billing,Medium,Turki Al-Subaie,Riyadh,2026-03-10,2026-03-10,45,6.8,Closed,5,0.0,Resolved,0.0,2026,March,2026-03,Fast,
TCK-001023,CUST-62895,Khalid Al-Shammari,Live Chat,Refund Request,Low,Noura Al-Shammari,Jeddah,2025-05-03,,719,0.0,Open,0,0.0,Unresolved,,2025,May,2025-05,Slow,546.0
TCK-001024,CUST-45449,Ahmed Al-Malki,Phone,Billing,High,Lama Al-Rashidi,Khobar,2025-09-05,2025-09-05,40,21.9,Resolved,5,1705.08,Resolved,0.0,2025,September,2025-09,Fast,
TCK-001025,CUST-63150,Reem Al-Subaie,Branch,Complaint,Medium,Mohammed Al-Harbi,Medina,2026-09-13,2026-09-14,38,36.0,Resolved,5,2225.42,Resolved,1.0,2026,September,2026-09,Fast,
TCK-001026,CUST-85597,Fahad Al-Otaibi,Phone,Delivery Issue,Low,Mohammed Al-Harbi,Buraidah,2026-02-10,2026-02-13,611,82.8,Closed,4,0.0,Resolved,3.0,2026,February,2026-02,Slow,
TCK-001027,CUST-24768,Ahmed Al-Shehri,Branch,Technical Support,Critical,Maha Al-Balawi,Jeddah,2026-07-07,2026-07-07,24,6.5,Resolved,5,0.0,Resolved,0.0,2026,July,2026-07,Very Fast,
TCK-001028,CUST-46552,Faisal Al-Shehri,Email,Technical Support,Medium,Yousef Al-Malki,Mecca,2025-11-12,2025-11-16,96,97.8,Closed,5,0.0,Resolved,4.0,2025,November,2025-11,Moderate,
TCK-001029,CUST-22180,Khalid Al-Shammari,WhatsApp,Complaint,High,Faisal Al-Shehri,Medina,2024-10-02,,24,0.0,Pending,0,0.0,Unresolved,,2024,October,2024-10,Very Fast,759.0
TCK-001030,CUST-48022,Aisha Al-Subaie,Phone,Delivery Issue,Medium,Turki Al-Subaie,Khobar,2024-04-28,2024-04-29,253,47.0,Resolved,3,0.0,Resolved,1.0,2024,April,2024-04,Slow,
TCK-001031,CUST-27179,Faisal Al-Shehri,Phone,General Inquiry,Low,Turki Al-Subaie,Jeddah,2026-10-31,2026-11-01,218,29.9,Closed,4,0.0,Resolved,1.0,2026,October,2026-10,Slow,
TCK-001032,CUST-27184,Dana Al-Otaibi,Live Chat,Account Management,Low,Khalid Al-Ghamdi,Riyadh,2026-02-12,,62,0.0,Open,0,0.0,Unresolved,,2026,February,2026-02,Moderate,261.0
TCK-001033,CUST-32040,Mohammed Al-Anazi,Email,General Inquiry,Critical,Ahmed Al-Qahtani,Riyadh,2025-04-15,2025-04-15,12,10.7,Closed,3,0.0,Resolved,0.0,2025,April,2025-04,Very Fast,
TCK-001034,CUST-11144,Sara Al-Harbi,Live Chat,Account Management,High,Reem Al-Mutairi,Jeddah,2025-01-17,2025-01-18,5,43.8,Resolved,4,0.0,Resolved,1.0,2025,January,2025-01,Very Fast,
TCK-001035,CUST-39777,Yousef Al-Otaibi,Live Chat,Billing,Medium,Mohammed Al-Harbi,Riyadh,2024-04-24,2024-04-24,100,5.0,Closed,5,0.0,Resolved,0.0,2024,April,2024-04,Moderate,
TCK-001036,CUST-80444,Abdullah Al-Subaie,Phone,Technical Support,Critical,Yousef Al-Malki,Dammam,2026-09-02,,23,0.0,Pending,0,0.0,Unresolved,,2026,September,2026-09,Very Fast,59.0
TCK-001037,CUST-12526,Khalid Al-Malki,Social Media,Technical Support,Medium,Ahmed Al-Qahtani,Mecca,2026-06-05,2026-06-09,100,110.4,Resolved,4,0.0,Resolved,4.0,2026,June,2026-06,Moderate,
TCK-001038,CUST-55524,Hessa Al-Shehri,WhatsApp,Billing,Medium,Faisal Al-Shehri,Riyadh,2026-09-23,2026-09-24,226,41.0,Resolved,5,0.0,Resolved,1.0,2026,September,2026-09,Slow,
TCK-001039,CUST-54035,Lama Al-Harbi,Phone,Refund Request,Medium,Yousef Al-Malki,Riyadh,2025-11-06,,292,0.0,Pending,0,0.0,Unresolved,,2025,November,2025-11,Slow,359.0
TCK-001040,CUST-79082,Nasser Al-Otaibi,Unknown,General Inquiry,High,Yousef Al-Malki,Jeddah,2024-01-16,,23,0.0,Pending,0,0.0,Unresolved,,2024,January,2024-01,Very Fast,1019.0
TCK-001041,CUST-17325,Bandar Al-Zahrani,Email,Complaint,Medium,Lama Al-Rashidi,Abha,2026-06-08,2026-06-11,180,89.6,Closed,5,0.0,Resolved,3.0,2026,June,2026-06,Moderate,
TCK-001042,CUST-50925,Mohammed Al-Subaie,Phone,General Inquiry,High,Fahad Al-Otaibi,Jeddah,2026-05-14,2026-05-15,51,31.3,Closed,5,0.0,Resolved,1.0,2026,May,2026-05,Fast,
TCK-001043,CUST-32855,Aisha Al-Malki,Live Chat,Billing,High,Yousef Al-Malki,Riyadh,2026-08-14,2026-08-14,13,10.3,Closed,4,0.0,Resolved,0.0,2026,August,2026-08,Very Fast,
TCK-001044,CUST-68360,Hessa Al-Rashidi,Social Media,Account Management,Medium,Sara Al-Dossari,Hail,2024-06-23,2024-06-24,184,27.9,Resolved,4,0.0,Resolved,1.0,2024,June,2024-06,Slow,
TCK-001045,CUST-83274,Sara Al-Rashidi,Social Media,Billing,Medium,Turki Al-Subaie,Riyadh,2026-05-12,2026-05-15,80,91.6,Resolved,4,0.0,Resolved,3.0,2026,May,2026-05,Moderate,
TCK-001046,CUST-55147,Khalid Al-Rashidi,Social Media,Refund Request,High,Noura Al-Shammari,Jeddah,2026-01-07,2026-01-08,52,45.2,Resolved,5,0.0,Resolved,1.0,2026,January,2026-01,Fast,
TCK-001047,CUST-43876,Huda Al-Zahrani,WhatsApp,Billing,Low,Noura Al-Shammari,Riyadh,2026-04-28,,361,0.0,Escalated,0,0.0,Unresolved,,2026,April,2026-04,Slow,186.0
TCK-001048,CUST-32548,Sultan Al-Shammari,Live Chat,General Inquiry,High,Mohammed Al-Harbi,Medina,2025-09-10,2025-09-10,85,9.0,Resolved,5,0.0,Resolved,0.0,2025,September,2025-09,Moderate,
TCK-001049,CUST-98242,Dana Al-Harbi,Branch,Billing,Medium,Maha Al-Balawi,Riyadh,2025-01-29,2025-01-30,168,25.0,Resolved,5,202.65,Resolved,1.0,2025,January,2025-01,Moderate,
TCK-001050,CUST-26005,Hessa Al-Zahrani,Email,Billing,High,Mohammed Al-Harbi,Riyadh,2026-09-24,2026-09-25,88,36.6,Resolved,1,0.0,Resolved,1.0,2026,September,2026-09,Moderate,
TCK-001051,CUST-68611,Noura Al-Otaibi,Phone,Refund Request,Low,Noura Al-Shammari,Dammam,2026-07-06,2026-07-12,324,144.7,Resolved,5,0.0,Resolved,6.0,2026,July,2026-07,Slow,
TCK-001052,CUST-72869,Dana Al-Balawi,Email,Technical Support,High,Sara Al-Dossari,Khobar,2024-12-28,2024-12-28,25,18.1,Resolved,4,0.0,Resolved,0.0,2024,December,2024-12,Very Fast,
TCK-001053,CUST-95973,Maha Al-Ghamdi,Live Chat,Account Management,Medium,Huda Al-Anazi,Tabuk,2024-01-10,,234,0.0,Pending,0,0.0,Unresolved,,2024,January,2024-01,Slow,1025.0
TCK-001054,CUST-95093,Dana Al-Balawi,Phone,Account Management,Medium,Khalid Al-Ghamdi,Riyadh,2026-02-08,2026-02-08,125,21.7,Resolved,3,0.0,Resolved,0.0,2026,February,2026-02,Moderate,
TCK-001055,CUST-64703,Aisha Al-Dossari,Phone,General Inquiry,Medium,Yousef Al-Malki,Medina,2025-08-09,,97,0.0,Open,0,0.0,Unresolved,,2025,August,2025-08,Moderate,448.0
TCK-001056,CUST-28185,Dana Al-Balawi,WhatsApp,Technical Support,Low,Yousef Al-Malki,Hail,2025-08-27,2025-09-03,598,185.6,Resolved,1,0.0,Resolved,7.0,2025,August,2025-08,Slow,
TCK-001057,CUST-72611,Sara Al-Mutairi,Live Chat,General Inquiry,High,Mohammed Al-Harbi,Riyadh,2026-03-29,2026-03-29,13,2.2,Closed,5,0.0,Resolved,0.0,2026,March,2026-03,Very Fast,
TCK-001058,CUST-57160,Hessa Al-Harbi,WhatsApp,Delivery Issue,Critical,Maha Al-Balawi,Jeddah,2025-06-10,2025-06-10,28,5.4,Resolved,4,3610.7,Resolved,0.0,2025,June,2025-06,Very Fast,
TCK-001059,CUST-47430,Khalid Al-Zahrani,Branch,Billing,Critical,Maha Al-Balawi,Jeddah,2026-06-17,2026-06-17,18,4.3,Resolved,5,2673.83,Resolved,0.0,2026,June,2026-06,Very Fast,
TCK-001060,CUST-45040,Ahmed Al-Rashidi,Branch,Complaint,Low,Lama Al-Rashidi,Jeddah,2024-08-10,2024-08-17,227,179.7,Closed,3,0.0,Resolved,7.0,2024,August,2024-08,Slow,
TCK-001061,CUST-70360,Faisal Al-Rashidi,WhatsApp,Complaint,Low,Khalid Al-Ghamdi,Jeddah,2025-11-08,2025-11-08,593,9.5,Closed,5,0.0,Resolved,0.0,2025,November,2025-11,Slow,
TCK-001062,CUST-23002,Nasser Al-Ghamdi,WhatsApp,Refund Request,Medium,Lama Al-Rashidi,Buraidah,2025-10-25,2025-10-26,211,42.4,Closed,3,0.0,Resolved,1.0,2025,October,2025-10,Slow,
TCK-001063,CUST-56565,Yousef Al-Zahrani,Live Chat,Technical Support,Medium,Lama Al-Rashidi,Jeddah,2026-08-29,2026-09-01,278,92.3,Closed,4,0.0,Resolved,3.0,2026,August,2026-08,Slow,
TCK-001064,CUST-40271,Maha Al-Malki,Email,Complaint,Low,Huda Al-Anazi,Jeddah,2024-11-22,,77,0.0,Pending,0,0.0,Unresolved,,2024,November,2024-11,Moderate,708.0
TCK-001065,CUST-77856,Dana Al-Balawi,WhatsApp,Account Management,Low,Yousef Al-Malki,Mecca,2025-09-09,2025-09-14,592,143.6,Resolved,3,0.0,Resolved,5.0,2025,September,2025-09,Slow,
TCK-001066,CUST-14602,Huda Al-Zahrani,Email,Technical Support,Medium,Lama Al-Rashidi,Dammam,2024-11-16,2024-11-20,254,96.4,Resolved,3,0.0,Resolved,4.0,2024,November,2024-11,Slow,
TCK-001067,CUST-20173,Aisha Al-Malki,Branch,Technical Support,Medium,Faisal Al-Shehri,Riyadh,2025-01-10,2025-01-13,296,73.9,Resolved,4,0.0,Resolved,3.0,2025,January,2025-01,Slow,
TCK-001068,CUST-36754,Abdullah Al-Mutairi,Email,Technical Support,Low,Mohammed Al-Harbi,Dammam,2026-06-21,2026-06-26,238,130.3,Resolved,5,0.0,Resolved,5.0,2026,June,2026-06,Slow,
TCK-001069,CUST-65498,Faisal Al-Dossari,Email,Complaint,Medium,Huda Al-Anazi,Jeddah,2024-12-01,2024-12-03,202,69.9,Resolved,3,0.0,Resolved,2.0,2024,December,2024-12,Slow,
TCK-001070,CUST-79138,Turki Al-Qahtani,Email,Account Management,Low,Abdullah Al-Zahrani,Jeddah,2025-12-02,2025-12-08,38,152.2,Resolved,5,0.0,Resolved,6.0,2025,December,2025-12,Fast,
TCK-001071,CUST-30825,Dana Al-Balawi,Phone,Account Management,Medium,Ahmed Al-Qahtani,Tabuk,2024-10-24,,280,0.0,Pending,0,0.0,Unresolved,,2024,October,2024-10,Slow,737.0
TCK-001072,CUST-95690,Bandar Al-Harbi,Phone,Billing,High,Sara Al-Dossari,Dammam,2025-01-27,2025-01-28,82,34.6,Closed,5,0.0,Resolved,1.0,2025,January,2025-01,Moderate,
TCK-001073,CUST-24319,Khalid Al-Mutairi,WhatsApp,Billing,Medium,Sara Al-Dossari,Jeddah,2024-04-28,2024-04-30,178,64.3,Resolved,5,0.0,Resolved,2.0,2024,April,2024-04,Moderate,
TCK-001074,CUST-67595,Abdullah Al-Mutairi,Live Chat,Refund Request,Medium,Ahmed Al-Qahtani,Khobar,2024-10-12,2024-10-14,70,56.0,Resolved,4,0.0,Resolved,2.0,2024,October,2024-10,Moderate,
TCK-001075,CUST-81761,Nasser Al-Anazi,Email,General Inquiry,High,Reem Al-Mutairi,Mecca,2024-02-22,,87,0.0,Open,0,0.0,Unresolved,,2024,February,2024-02,Moderate,982.0
TCK-001076,CUST-42465,Dana Al-Mutairi,Live Chat,Technical Support,Low,Abdullah Al-Zahrani,Jeddah,2025-12-04,,236,0.0,Escalated,0,0.0,Unresolved,,2025,December,2025-12,Slow,331.0
TCK-001077,CUST-74854,Abdullah Al-Mutairi,Phone,Refund Request,Medium,Faisal Al-Shehri,Dammam,2025-10-17,2025-10-21,60,110.2,Closed,4,0.0,Resolved,4.0,2025,October,2025-10,Fast,
TCK-001078,CUST-83566,Khalid Al-Balawi,Live Chat,Technical Support,Medium,Sara Al-Dossari,Abha,2024-02-04,2024-02-06,210,71.9,Resolved,4,0.0,Resolved,2.0,2024,February,2024-02,Slow,
TCK-001079,CUST-35808,Yousef Al-Rashidi,Unknown,Complaint,Medium,Sara Al-Dossari,Riyadh,2024-06-01,2024-06-04,27,81.7,Resolved,5,0.0,Resolved,3.0,2024,June,2024-06,Very Fast,
TCK-001080,CUST-41532,Huda Al-Balawi,Phone,Technical Support,Low,Fahad Al-Otaibi,Riyadh,2025-12-17,,51,0.0,Escalated,0,0.0,Unresolved,,2025,December,2025-12,Fast,318.0
TCK-001081,CUST-46320,Dana Al-Subaie,Phone,General Inquiry,Low,Reem Al-Mutairi,Unknown,2025-03-06,2025-03-08,177,64.7,Closed,5,0.0,Resolved,2.0,2025,March,2025-03,Moderate,
TCK-001082,CUST-63185,Aisha Al-Balawi,Phone,Delivery Issue,High,Reem Al-Mutairi,Riyadh,2024-10-28,2024-10-29,15,41.5,Closed,4,0.0,Resolved,1.0,2024,October,2024-10,Very Fast,
TCK-001083,CUST-31563,Fahad Al-Shehri,Social Media,Complaint,High,Yousef Al-Malki,Dammam,2026-05-21,2026-05-22,9,29.9,Closed,4,0.0,Resolved,1.0,2026,May,2026-05,Very Fast,
TCK-001084,CUST-15153,Dana Al-Shehri,Social Media,Technical Support,Medium,Sara Al-Dossari,Riyadh,2024-06-19,2024-06-23,87,103.4,Resolved,5,0.0,Resolved,4.0,2024,June,2024-06,Moderate,
TCK-001085,CUST-38668,Nasser Al-Otaibi,Live Chat,Billing,High,Khalid Al-Ghamdi,Khobar,2024-05-22,2024-05-22,45,12.4,Resolved,3,0.0,Resolved,0.0,2024,May,2024-05,Fast,
TCK-001086,CUST-21519,Yousef Al-Balawi,WhatsApp,Billing,High,Turki Al-Subaie,Abha,2024-10-11,2024-10-11,18,11.1,Resolved,4,126.34,Resolved,0.0,2024,October,2024-10,Very Fast,
TCK-001087,CUST-88205,Lama Al-Subaie,Phone,Billing,Medium,Sara Al-Dossari,Riyadh,2025-12-08,,19,0.0,Open,0,0.0,Unresolved,,2025,December,2025-12,Very Fast,327.0
TCK-001088,CUST-96210,Bandar Al-Malki,Unknown,Billing,Low,Huda Al-Anazi,Riyadh,2024-04-16,2024-04-22,477,155.7,Resolved,4,0.0,Resolved,6.0,2024,April,2024-04,Slow,
TCK-001089,CUST-17443,Fahad Al-Zahrani,Email,Technical Support,Medium,Faisal Al-Shehri,Riyadh,2025-06-20,2025-06-20,286,23.0,Resolved,5,0.0,Resolved,0.0,2025,June,2025-06,Slow,
TCK-001090,CUST-14974,Reem Al-Anazi,Email,Billing,Low,Abdullah Al-Zahrani,Mecca,2024-12-23,2024-12-27,714,104.3,Resolved,1,0.0,Resolved,4.0,2024,December,2024-12,Slow,
TCK-001091,CUST-38171,Sara Al-Balawi,Live Chat,Refund Request,Critical,Huda Al-Anazi,Dammam,2026-05-28,,4,0.0,Pending,0,0.0,Unresolved,,2026,May,2026-05,Very Fast,156.0
TCK-001092,CUST-67633,Aisha Al-Shammari,Live Chat,Technical Support,Medium,Reem Al-Mutairi,Medina,2026-04-19,2026-04-22,53,79.8,Closed,4,0.0,Resolved,3.0,2026,April,2026-04,Fast,
TCK-001093,CUST-96130,Yousef Al-Shehri,Email,Account Management,High,Lama Al-Rashidi,Unknown,2026-07-23,,6,0.0,Pending,0,0.0,Unresolved,,2026,July,2026-07,Very Fast,100.0
TCK-001094,CUST-10537,Yousef Al-Malki,Email,Complaint,Low,Noura Al-Shammari,Jeddah,2026-01-07,,671,0.0,Pending,0,0.0,Unresolved,,2026,January,2026-01,Slow,297.0
TCK-001095,CUST-90618,Sara Al-Harbi,Phone,Delivery Issue,Medium,Yousef Al-Malki,Mecca,2025-02-11,,288,0.0,Open,0,0.0,Unresolved,,2025,February,2025-02,Slow,627.0
TCK-001096,CUST-80777,Dana Al-Dossari,Phone,Technical Support,Critical,Fahad Al-Otaibi,Riyadh,2024-12-16,2024-12-16,14,10.8,Resolved,4,0.0,Resolved,0.0,2024,December,2024-12,Very Fast,
TCK-001097,CUST-69330,Nasser Al-Mutairi,Phone,Complaint,High,Turki Al-Subaie,Tabuk,2024-05-28,2024-05-29,74,24.4,Resolved,5,2199.19,Resolved,1.0,2024,May,2024-05,Moderate,
TCK-001098,CUST-80503,Ahmed Al-Mutairi,Live Chat,Account Management,Critical,Lama Al-Rashidi,Jeddah,2024-06-29,2024-06-29,7,3.0,Closed,4,0.0,Resolved,0.0,2024,June,2024-06,Very Fast,
TCK-001099,CUST-67797,Sultan Al-Otaibi,WhatsApp,Account Management,Low,Faisal Al-Shehri,Khobar,2026-02-14,2026-02-17,64,75.5,Closed,5,0.0,Resolved,3.0,2026,February,2026-02,Moderate,
TCK-001100,CUST-18419,Sultan Al-Dossari,Phone,Complaint,Medium,Lama Al-Rashidi,Unknown,2024-12-18,,97,0.0,Pending,0,0.0,Unresolved,,2024,December,2024-12,Moderate,682.0
TCK-001101,CUST-53266,Khalid Al-Harbi,WhatsApp,Complaint,High,Faisal Al-Shehri,Tabuk,2026-03-11,,60,0.0,Open,0,0.0,Unresolved,,2026,March,2026-03,Fast,234.0
TCK-001102,CUST-92919,Lama Al-Qahtani,Phone,General Inquiry,Medium,Turki Al-Subaie,Unknown,2025-09-16,2025-09-17,113,41.6,Resolved,2,0.0,Resolved,1.0,2025,September,2025-09,Moderate,
TCK-001103,CUST-55726,Lama Al-Rashidi,Email,Billing,Medium,Noura Al-Shammari,Unknown,2026-07-20,2026-07-23,103,92.0,Resolved,5,3086.3,Resolved,3.0,2026,July,2026-07,Moderate,
TCK-001104,CUST-68292,Maha Al-Zahrani,Social Media,Billing,Medium,Khalid Al-Ghamdi,Jeddah,2026-03-17,2026-03-18,216,28.7,Resolved,5,0.0,Resolved,1.0,2026,March,2026-03,Slow,
TCK-001105,CUST-45163,Lama Al-Dossari,Phone,Technical Support,Medium,Lama Al-Rashidi,Riyadh,2024-08-15,2024-08-19,20,119.3,Closed,4,0.0,Resolved,4.0,2024,August,2024-08,Very Fast,
TCK-001106,CUST-10495,Huda Al-Subaie,Phone,Technical Support,Low,Yousef Al-Malki,Mecca,2025-10-09,2025-10-17,471,205.5,Closed,5,0.0,Resolved,8.0,2025,October,2025-10,Slow,
TCK-001107,CUST-49790,Lama Al-Zahrani,Live Chat,Account Management,Medium,Mohammed Al-Harbi,Khobar,2025-11-11,2025-11-14,58,77.0,Resolved,5,0.0,Resolved,3.0,2025,November,2025-11,Fast,
TCK-001108,CUST-29955,Noura Al-Shammari,Branch,Technical Support,Medium,Maha Al-Balawi,Medina,2024-10-24,,20,0.0,Open,0,0.0,Unresolved,,2024,October,2024-10,Very Fast,737.0
TCK-001109,CUST-97288,Abdullah Al-Dossari,WhatsApp,Technical Support,High,Ahmed Al-Qahtani,Khobar,2024-06-16,,50,0.0,Pending,0,0.0,Unresolved,,2024,June,2024-06,Fast,867.0
TCK-001110,CUST-22825,Turki Al-Dossari,WhatsApp,Technical Support,Medium,Turki Al-Subaie,Abha,2025-05-27,,32,0.0,Open,0,0.0,Unresolved,,2025,May,2025-05,Fast,522.0
TCK-001111,CUST-54983,Hessa Al-Rashidi,Phone,Account Management,Critical,Abdullah Al-Zahrani,Medina,2024-08-17,2024-08-17,16,10.1,Resolved,3,0.0,Resolved,0.0,2024,August,2024-08,Very Fast,
TCK-001112,CUST-31922,Lama Al-Shammari,WhatsApp,Account Management,Medium,Faisal Al-Shehri,Hail,2024-08-20,2024-08-20,81,12.9,Resolved,5,0.0,Resolved,0.0,2024,August,2024-08,Moderate,
TCK-001113,CUST-36491,Reem Al-Rashidi,Email,Technical Support,Low,Fahad Al-Otaibi,Riyadh,2025-11-10,,587,0.0,Open,0,0.0,Unresolved,,2025,November,2025-11,Slow,355.0
TCK-001114,CUST-91822,Abdullah Al-Dossari,Email,Technical Support,Medium,Khalid Al-Ghamdi,Hail,2025-04-07,2025-04-08,43,35.9,Closed,1,0.0,Resolved,1.0,2025,April,2025-04,Fast,
TCK-001115,CUST-60987,Abdullah Al-Malki,Email,Technical Support,Medium,Faisal Al-Shehri,Khobar,2026-06-27,,84,0.0,Pending,0,0.0,Unresolved,,2026,June,2026-06,Moderate,126.0
TCK-001116,CUST-39204,Huda Al-Otaibi,Live Chat,Refund Request,Medium,Noura Al-Shammari,Mecca,2024-08-23,,77,0.0,Pending,0,0.0,Unresolved,,2024,August,2024-08,Moderate,799.0
TCK-001117,CUST-92717,Reem Al-Otaibi,Live Chat,Delivery Issue,Low,Turki Al-Subaie,Jeddah,2026-02-04,2026-02-07,67,83.2,Resolved,3,2759.9,Resolved,3.0,2026,February,2026-02,Moderate,
TCK-001118,CUST-85827,Ahmed Al-Rashidi,Phone,Account Management,Low,Khalid Al-Ghamdi,Jeddah,2026-01-10,2026-01-17,426,178.8,Resolved,4,0.0,Resolved,7.0,2026,January,2026-01,Slow,
TCK-001119,CUST-35977,Sara Al-Shehri,Phone,General Inquiry,Medium,Huda Al-Anazi,Mecca,2025-09-06,,39,0.0,Escalated,0,0.0,Unresolved,,2025,September,2025-09,Fast,420.0
TCK-001120,CUST-45155,Nasser Al-Rashidi,Live Chat,General Inquiry,Medium,Reem Al-Mutairi,Unknown,2025-06-09,2025-06-13,254,104.9,Closed,4,0.0,Resolved,4.0,2025,June,2025-06,Slow,
TCK-001121,CUST-68531,Yousef Al-Zahrani,Phone,Technical Support,Low,Faisal Al-Shehri,Mecca,2024-01-20,,632,0.0,Open,0,0.0,Unresolved,,2024,January,2024-01,Slow,1015.0
TCK-001122,CUST-35930,Nasser Al-Mutairi,Live Chat,Account Management,Medium,Khalid Al-Ghamdi,Abha,2025-02-01,2025-02-05,144,107.6,Resolved,3,0.0,Resolved,4.0,2025,February,2025-02,Moderate,
TCK-001123,CUST-58807,Faisal Al-Balawi,Phone,Technical Support,Medium,Yousef Al-Malki,Hail,2024-05-13,2024-05-16,190,77.4,Resolved,1,0.0,Resolved,3.0,2024,May,2024-05,Slow,
TCK-001124,CUST-82793,Nasser Al-Subaie,Email,Technical Support,Critical,Khalid Al-Ghamdi,Medina,2026-02-21,2026-02-21,3,2.5,Resolved,5,0.0,Resolved,0.0,2026,February,2026-02,Very Fast,
TCK-001125,CUST-79536,Huda Al-Anazi,Live Chat,Account Management,Medium,Huda Al-Anazi,Riyadh,2025-12-20,2025-12-23,212,89.9,Resolved,2,0.0,Resolved,3.0,2025,December,2025-12,Slow,
TCK-001126,CUST-56546,Huda Al-Subaie,Phone,Refund Request,High,Maha Al-Balawi,Tabuk,2024-04-22,2024-04-23,12,45.2,Closed,5,0.0,Resolved,1.0,2024,April,2024-04,Very Fast,
TCK-001127,CUST-61598,Turki Al-Zahrani,Branch,Billing,Low,Turki Al-Subaie,Buraidah,2026-05-25,2026-05-31,124,144.5,Closed,5,0.0,Resolved,6.0,2026,May,2026-05,Moderate,
TCK-001128,CUST-19213,Reem Al-Ghamdi,Phone,Account Management,High,Lama Al-Rashidi,Jeddah,2024-04-23,2024-04-24,78,42.9,Resolved,3,0.0,Resolved,1.0,2024,April,2024-04,Moderate,
TCK-001129,CUST-31079,Ahmed Al-Malki,Email,General Inquiry,Low,Sara Al-Dossari,Jeddah,2025-09-01,2025-09-01,360,21.8,Resolved,5,0.0,Resolved,0.0,2025,September,2025-09,Slow,
TCK-001130,CUST-10024,Fahad Al-Subaie,WhatsApp,Technical Support,Low,Khalid Al-Ghamdi,Medina,2024-10-14,2024-10-18,274,112.8,Resolved,5,0.0,Resolved,4.0,2024,October,2024-10,Slow,
TCK-001131,CUST-61498,Maha Al-Qahtani,Social Media,Refund Request,Medium,Maha Al-Balawi,Mecca,2024-11-26,2024-11-28,174,65.4,Resolved,5,1549.7,Resolved,2.0,2024,November,2024-11,Moderate,
TCK-001132,CUST-60536,Yousef Al-Subaie,Live Chat,General Inquiry,Medium,Khalid Al-Ghamdi,Riyadh,2026-08-24,,51,0.0,Open,0,0.0,Unresolved,,2026,August,2026-08,Fast,68.0
TCK-001133,CUST-27642,Ahmed Al-Zahrani,Phone,Account Management,Medium,Ahmed Al-Qahtani,Khobar,2025-10-28,2025-10-29,39,25.3,Resolved,4,0.0,Resolved,1.0,2025,October,2025-10,Fast,
TCK-001134,CUST-70873,Faisal Al-Mutairi,Email,Technical Support,Low,Turki Al-Subaie,Jeddah,2025-02-25,2025-02-26,372,26.7,Resolved,5,0.0,Resolved,1.0,2025,February,2025-02,Slow,
TCK-001135,CUST-55217,Abdullah Al-Ghamdi,Unknown,Technical Support,High,Turki Al-Subaie,Mecca,2025-05-27,2025-05-28,57,43.6,Resolved,5,0.0,Resolved,1.0,2025,May,2025-05,Fast,
TCK-001136,CUST-85366,Sara Al-Mutairi,Live Chat,Billing,Medium,Faisal Al-Shehri,Jeddah,2024-12-05,2024-12-08,19,89.4,Resolved,5,0.0,Resolved,3.0,2024,December,2024-12,Very Fast,
TCK-001137,CUST-40836,Faisal Al-Zahrani,Unknown,Technical Support,Medium,Sara Al-Dossari,Abha,2025-12-23,,225,0.0,Pending,0,0.0,Unresolved,,2025,December,2025-12,Slow,312.0
TCK-001138,CUST-28896,Ahmed Al-Qahtani,Phone,Complaint,High,Abdullah Al-Zahrani,Dammam,2025-08-29,2025-08-29,43,10.3,Resolved,5,0.0,Resolved,0.0,2025,August,2025-08,Fast,
TCK-001139,CUST-79156,Reem Al-Otaibi,WhatsApp,Account Management,Medium,Abdullah Al-Zahrani,Riyadh,2024-07-31,2024-08-03,279,86.0,Closed,5,0.0,Resolved,3.0,2024,July,2024-07,Slow,
TCK-001140,CUST-32746,Abdullah Al-Mutairi,Branch,General Inquiry,Medium,Sara Al-Dossari,Hail,2024-11-30,,257,0.0,Pending,0,0.0,Unresolved,,2024,November,2024-11,Slow,700.0
TCK-001141,CUST-35117,Dana Al-Rashidi,Social Media,Complaint,Medium,Sara Al-Dossari,Jeddah,2025-12-17,2025-12-18,268,39.3,Resolved,5,1260.4,Resolved,1.0,2025,December,2025-12,Slow,
TCK-001142,CUST-27417,Bandar Al-Shammari,Email,Account Management,Low,Lama Al-Rashidi,Khobar,2025-11-13,,644,0.0,Pending,0,0.0,Unresolved,,2025,November,2025-11,Slow,352.0
TCK-001143,CUST-15915,Sara Al-Ghamdi,Unknown,General Inquiry,Medium,Fahad Al-Otaibi,Riyadh,2024-02-08,,183,0.0,Escalated,0,0.0,Unresolved,,2024,February,2024-02,Slow,996.0
TCK-001144,CUST-84716,Sara Al-Mutairi,Social Media,Billing,Low,Reem Al-Mutairi,Khobar,2024-03-10,2024-03-15,395,139.4,Closed,2,0.0,Resolved,5.0,2024,March,2024-03,Slow,
TCK-001145,CUST-53970,Hessa Al-Subaie,Email,Delivery Issue,Medium,Abdullah Al-Zahrani,Riyadh,2024-07-05,2024-07-05,293,15.0,Closed,3,239.16,Resolved,0.0,2024,July,2024-07,Slow,
TCK-001146,CUST-31632,Yousef Al-Dossari,Email,Account Management,Medium,Noura Al-Shammari,Mecca,2026-02-11,2026-02-14,158,93.0,Resolved,5,0.0,Resolved,3.0,2026,February,2026-02,Moderate,
TCK-001147,CUST-76152,Fahad Al-Anazi,Live Chat,Complaint,High,Fahad Al-Otaibi,Medina,2025-04-22,2025-04-22,83,21.8,Resolved,3,4480.91,Resolved,0.0,2025,April,2025-04,Moderate,
TCK-001148,CUST-50113,Yousef Al-Anazi,Live Chat,Billing,Low,Sara Al-Dossari,Medina,2024-12-19,2024-12-25,593,155.1,Resolved,4,2715.3,Resolved,6.0,2024,December,2024-12,Slow,
TCK-001149,CUST-84087,Maha Al-Anazi,WhatsApp,Technical Support,Medium,Abdullah Al-Zahrani,Riyadh,2024-03-17,2024-03-17,238,8.3,Resolved,3,0.0,Resolved,0.0,2024,March,2024-03,Slow,
TCK-001150,CUST-57004,Maha Al-Harbi,Live Chat,Billing,Medium,Ahmed Al-Qahtani,Abha,2026-07-29,2026-07-31,125,54.5,Resolved,5,566.71,Resolved,2.0,2026,July,2026-07,Moderate,
TCK-001151,CUST-91701,Mohammed Al-Zahrani,Branch,Account Management,Low,Faisal Al-Shehri,Mecca,2024-04-26,,492,0.0,Escalated,0,0.0,Unresolved,,2024,April,2024-04,Slow,918.0
TCK-001152,CUST-60222,Noura Al-Qahtani,Unknown,Delivery Issue,Low,Mohammed Al-Harbi,Jeddah,2024-06-19,,568,0.0,Escalated,0,0.0,Unresolved,,2024,June,2024-06,Slow,864.0
TCK-001153,CUST-65211,Huda Al-Shehri,Phone,General Inquiry,High,Sara Al-Dossari,Riyadh,2024-04-06,2024-04-06,73,12.9,Closed,5,0.0,Resolved,0.0,2024,April,2024-04,Moderate,
TCK-001154,CUST-38452,Hessa Al-Malki,WhatsApp,Technical Support,Low,Mohammed Al-Harbi,Mecca,2024-04-28,2024-05-07,522,226.4,Closed,1,0.0,Resolved,9.0,2024,April,2024-04,Slow,
TCK-001155,CUST-98962,Abdullah Al-Shehri,Live Chat,Account Management,High,Huda Al-Anazi,Riyadh,2026-05-14,,13,0.0,Pending,0,0.0,Unresolved,,2026,May,2026-05,Very Fast,170.0
TCK-001156,CUST-66483,Hessa Al-Otaibi,Social Media,Account Management,Medium,Noura Al-Shammari,Riyadh,2025-06-02,2025-06-03,186,46.9,Closed,3,0.0,Resolved,1.0,2025,June,2025-06,Slow,
TCK-001157,CUST-66494,Dana Al-Dossari,Branch,Billing,Critical,Sara Al-Dossari,Riyadh,2026-03-16,,4,0.0,Open,0,0.0,Unresolved,,2026,March,2026-03,Very Fast,229.0
TCK-001158,CUST-21724,Dana Al-Mutairi,Email,Complaint,Low,Yousef Al-Malki,Riyadh,2026-05-12,2026-05-13,480,42.4,Closed,5,0.0,Resolved,1.0,2026,May,2026-05,Slow,
TCK-001159,CUST-88277,Sultan Al-Harbi,Live Chat,Delivery Issue,Low,Noura Al-Shammari,Mecca,2026-05-25,2026-05-30,224,138.8,Resolved,5,1802.27,Resolved,5.0,2026,May,2026-05,Slow,
TCK-001160,CUST-28004,Yousef Al-Shehri,Branch,Billing,High,Fahad Al-Otaibi,Riyadh,2024-07-08,2024-07-09,48,43.9,Resolved,3,3524.36,Resolved,1.0,2024,July,2024-07,Fast,
TCK-001161,CUST-11637,Faisal Al-Subaie,Phone,Technical Support,Medium,Lama Al-Rashidi,Riyadh,2025-01-18,,73,0.0,Pending,0,0.0,Unresolved,,2025,January,2025-01,Moderate,651.0
TCK-001162,CUST-75432,Lama Al-Qahtani,Email,Technical Support,Medium,Lama Al-Rashidi,Riyadh,2026-02-28,2026-03-04,51,110.0,Closed,5,0.0,Resolved,4.0,2026,February,2026-02,Fast,
TCK-001163,CUST-72002,Abdullah Al-Dossari,Email,Delivery Issue,Low,Yousef Al-Malki,Mecca,2024-02-11,2024-02-17,259,155.8,Closed,4,0.0,Resolved,6.0,2024,February,2024-02,Slow,
TCK-001164,CUST-34588,Abdullah Al-Harbi,Phone,Billing,High,Sara Al-Dossari,Riyadh,2026-01-30,,37,0.0,Pending,0,0.0,Unresolved,,2026,January,2026-01,Fast,274.0
TCK-001165,CUST-99275,Mohammed Al-Balawi,Unknown,General Inquiry,Medium,Mohammed Al-Harbi,Riyadh,2024-12-07,2024-12-08,271,41.0,Resolved,4,0.0,Resolved,1.0,2024,December,2024-12,Slow,
TCK-001166,CUST-22475,Faisal Al-Malki,WhatsApp,Delivery Issue,Medium,Turki Al-Subaie,Riyadh,2026-04-17,2026-04-20,267,82.9,Closed,5,0.0,Resolved,3.0,2026,April,2026-04,Slow,
TCK-001167,CUST-99924,Hessa Al-Zahrani,Email,Technical Support,Medium,Huda Al-Anazi,Medina,2026-09-30,,133,0.0,Pending,0,0.0,Unresolved,,2026,September,2026-09,Moderate,31.0
TCK-001168,CUST-69567,Bandar Al-Anazi,Live Chat,Account Management,Medium,Reem Al-Mutairi,Dammam,2025-09-05,2025-09-06,212,39.8,Closed,4,0.0,Resolved,1.0,2025,September,2025-09,Slow,
TCK-001169,CUST-30465,Sara Al-Balawi,WhatsApp,Complaint,Medium,Fahad Al-Otaibi,Dammam,2025-12-05,,71,0.0,Pending,0,0.0,Unresolved,,2025,December,2025-12,Moderate,330.0
TCK-001170,CUST-10579,Lama Al-Shammari,WhatsApp,Account Management,High,Fahad Al-Otaibi,Hail,2025-08-02,2025-08-03,66,33.6,Resolved,4,0.0,Resolved,1.0,2025,August,2025-08,Moderate,
TCK-001171,CUST-77198,Yousef Al-Ghamdi,Phone,Complaint,Medium,Yousef Al-Malki,Riyadh,2024-06-01,,198,0.0,Open,0,0.0,Unresolved,,2024,June,2024-06,Slow,882.0
TCK-001172,CUST-66246,Dana Al-Shammari,Phone,General Inquiry,Medium,Noura Al-Shammari,Dammam,2026-05-05,,151,0.0,Escalated,0,0.0,Unresolved,,2026,May,2026-05,Moderate,179.0
TCK-001173,CUST-87725,Mohammed Al-Shehri,Live Chat,General Inquiry,High,Reem Al-Mutairi,Jeddah,2024-10-05,,16,0.0,Escalated,0,0.0,Unresolved,,2024,October,2024-10,Very Fast,756.0
TCK-001174,CUST-38324,Sara Al-Otaibi,Email,Billing,Medium,Maha Al-Balawi,Khobar,2026-06-15,2026-06-16,240,30.9,Resolved,5,0.0,Resolved,1.0,2026,June,2026-06,Slow,
TCK-001175,CUST-72187,Faisal Al-Shammari,Live Chat,Billing,Medium,Faisal Al-Shehri,Jeddah,2024-11-30,,243,0.0,Escalated,0,0.0,Unresolved,,2024,November,2024-11,Slow,700.0
TCK-001176,CUST-64440,Huda Al-Zahrani,WhatsApp,Billing,Low,Khalid Al-Ghamdi,Dammam,2026-02-26,,479,0.0,Pending,0,0.0,Unresolved,,2026,February,2026-02,Slow,247.0
TCK-001177,CUST-72404,Noura Al-Zahrani,WhatsApp,Billing,Medium,Noura Al-Shammari,Jeddah,2026-04-27,,106,0.0,Pending,0,0.0,Unresolved,,2026,April,2026-04,Moderate,187.0
TCK-001178,CUST-68445,Faisal Al-Shehri,WhatsApp,Billing,Low,Maha Al-Balawi,Riyadh,2025-12-05,,424,0.0,Open,0,0.0,Unresolved,,2025,December,2025-12,Slow,330.0
TCK-001179,CUST-58765,Reem Al-Rashidi,Live Chat,Account Management,High,Maha Al-Balawi,Riyadh,2024-02-10,2024-02-10,38,20.7,Resolved,5,0.0,Resolved,0.0,2024,February,2024-02,Fast,
TCK-001180,CUST-42683,Dana Al-Mutairi,Phone,Billing,Low,Noura Al-Shammari,Unknown,2025-09-20,2025-09-26,160,166.6,Resolved,5,0.0,Resolved,6.0,2025,September,2025-09,Moderate,
TCK-001181,CUST-72054,Dana Al-Otaibi,Live Chat,Refund Request,Low,Turki Al-Subaie,Khobar,2025-04-30,2025-05-09,446,223.2,Resolved,3,0.0,Resolved,9.0,2025,April,2025-04,Slow,
TCK-001182,CUST-40567,Ahmed Al-Anazi,Branch,Technical Support,Medium,Lama Al-Rashidi,Abha,2025-10-15,2025-10-17,268,64.1,Closed,5,0.0,Resolved,2.0,2025,October,2025-10,Slow,
TCK-001183,CUST-84498,Fahad Al-Harbi,Live Chat,Complaint,Low,Noura Al-Shammari,Dammam,2026-01-14,2026-01-19,128,123.8,Closed,2,0.0,Resolved,5.0,2026,January,2026-01,Moderate,
TCK-001184,CUST-12742,Dana Al-Subaie,Phone,Unknown,Medium,Ahmed Al-Qahtani,Mecca,2025-06-04,2025-06-05,27,25.0,Closed,3,0.0,Resolved,1.0,2025,June,2025-06,Very Fast,
TCK-001185,CUST-31017,Noura Al-Qahtani,Email,Billing,Medium,Maha Al-Balawi,Jeddah,2024-05-15,2024-05-19,270,97.3,Closed,4,3940.0,Resolved,4.0,2024,May,2024-05,Slow,
TCK-001186,CUST-11901,Aisha Al-Qahtani,WhatsApp,Complaint,Low,Reem Al-Mutairi,Riyadh,2025-03-12,2025-03-21,146,218.3,Resolved,5,0.0,Resolved,9.0,2025,March,2025-03,Moderate,
TCK-001187,CUST-68954,Mohammed Al-Malki,Live Chat,Billing,High,Sara Al-Dossari,Hail,2025-12-27,2025-12-27,10,17.1,Closed,2,1221.16,Resolved,0.0,2025,December,2025-12,Very Fast,
TCK-001188,CUST-86738,Reem Al-Harbi,Live Chat,Account Management,Medium,Noura Al-Shammari,Jeddah,2025-05-28,,122,0.0,Escalated,0,0.0,Unresolved,,2025,May,2025-05,Moderate,521.0
TCK-001189,CUST-40813,Lama Al-Otaibi,Live Chat,Account Management,High,Faisal Al-Shehri,Riyadh,2024-12-19,,38,0.0,Open,0,0.0,Unresolved,,2024,December,2024-12,Fast,681.0
TCK-001190,CUST-72366,Sultan Al-Rashidi,WhatsApp,General Inquiry,Medium,Huda Al-Anazi,Dammam,2025-06-07,2025-06-08,35,27.4,Resolved,5,0.0,Resolved,1.0,2025,June,2025-06,Fast,
TCK-001191,CUST-49513,Fahad Al-Ghamdi,Phone,Account Management,Medium,Khalid Al-Ghamdi,Buraidah,2024-12-30,2025-01-02,48,77.9,Resolved,2,0.0,Resolved,3.0,2024,December,2024-12,Fast,
TCK-001192,CUST-92799,Khalid Al-Qahtani,Live Chat,Refund Request,High,Khalid Al-Ghamdi,Riyadh,2026-05-27,2026-05-27,5,6.8,Resolved,4,856.71,Resolved,0.0,2026,May,2026-05,Very Fast,
TCK-001193,CUST-27810,Fahad Al-Zahrani,Live Chat,Billing,Low,Maha Al-Balawi,Dammam,2024-12-02,2024-12-05,432,89.2,Closed,5,0.0,Resolved,3.0,2024,December,2024-12,Slow,
TCK-001194,CUST-32056,Reem Al-Otaibi,Social Media,Delivery Issue,Medium,Yousef Al-Malki,Riyadh,2025-08-05,,232,0.0,Pending,0,0.0,Unresolved,,2025,August,2025-08,Slow,452.0
TCK-001195,CUST-25645,Sultan Al-Anazi,Social Media,General Inquiry,Low,Lama Al-Rashidi,Mecca,2025-01-19,,337,0.0,Escalated,0,0.0,Unresolved,,2025,January,2025-01,Slow,650.0
TCK-001196,CUST-99570,Hessa Al-Mutairi,Live Chat,Complaint,Medium,Faisal Al-Shehri,Khobar,2026-03-29,,260,0.0,Open,0,0.0,Unresolved,,2026,March,2026-03,Slow,216.0
TCK-001197,CUST-25354,Sultan Al-Shehri,Live Chat,Account Management,High,Sara Al-Dossari,Jeddah,2024-08-29,2024-08-30,43,30.4,Resolved,2,0.0,Resolved,1.0,2024,August,2024-08,Fast,
TCK-001198,CUST-54789,Nasser Al-Mutairi,Branch,General Inquiry,Critical,Mohammed Al-Harbi,Dammam,2025-04-12,2025-04-12,15,6.5,Resolved,4,0.0,Resolved,0.0,2025,April,2025-04,Very Fast,
TCK-001199,CUST-59577,Bandar Al-Subaie,WhatsApp,General Inquiry,Critical,Abdullah Al-Zahrani,Riyadh,2024-06-11,2024-06-11,10,7.4,Resolved,3,0.0,Resolved,0.0,2024,June,2024-06,Very Fast,
TCK-001200,CUST-72465,Huda Al-Dossari,Live Chat,Delivery Issue,Critical,Yousef Al-Malki,Abha,2026-05-25,2026-05-25,10,11.0,Resolved,5,1578.46,Resolved,0.0,2026,May,2026-05,Very Fast,
TCK-001201,CUST-83046,Turki Al-Harbi,Phone,Technical Support,Medium,Khalid Al-Ghamdi,Riyadh,2024-10-30,2024-11-01,47,71.3,Resolved,5,0.0,Resolved,2.0,2024,October,2024-10,Fast,
TCK-001202,CUST-36488,Fahad Al-Malki,Email,Refund Request,Low,Lama Al-Rashidi,Riyadh,2025-02-03,2025-02-03,191,13.7,Resolved,3,0.0,Resolved,0.0,2025,February,2025-02,Slow,
TCK-001203,CUST-62551,Dana Al-Qahtani,Phone,Complaint,Medium,Abdullah Al-Zahrani,Jeddah,2025-04-12,,300,0.0,Pending,0,0.0,Unresolved,,2025,April,2025-04,Slow,567.0
TCK-001204,CUST-54262,Huda Al-Mutairi,Phone,Account Management,Low,Noura Al-Shammari,Buraidah,2024-01-23,2024-01-24,453,28.0,Resolved,5,0.0,Resolved,1.0,2024,January,2024-01,Slow,
TCK-001205,CUST-85715,Maha Al-Rashidi,Phone,Refund Request,Low,Turki Al-Subaie,Riyadh,2025-10-08,2025-10-17,604,232.8,Closed,2,0.0,Resolved,9.0,2025,October,2025-10,Slow,
TCK-001206,CUST-25992,Khalid Al-Anazi,Unknown,Delivery Issue,Medium,Faisal Al-Shehri,Tabuk,2024-05-22,2024-05-26,139,113.5,Resolved,2,0.0,Resolved,4.0,2024,May,2024-05,Moderate,
TCK-001207,CUST-32305,Huda Al-Rashidi,Phone,General Inquiry,Low,Reem Al-Mutairi,Buraidah,2025-02-07,,404,0.0,Pending,0,0.0,Unresolved,,2025,February,2025-02,Slow,631.0
TCK-001208,CUST-59303,Bandar Al-Mutairi,Live Chat,Billing,High,Turki Al-Subaie,Medina,2026-04-05,2026-04-06,16,29.8,Resolved,4,0.0,Resolved,1.0,2026,April,2026-04,Very Fast,
TCK-001209,CUST-57906,Yousef Al-Harbi,Phone,General Inquiry,Low,Ahmed Al-Qahtani,Khobar,2025-09-10,2025-09-19,89,230.5,Resolved,3,0.0,Resolved,9.0,2025,September,2025-09,Moderate,
TCK-001210,CUST-76878,Maha Al-Anazi,Live Chat,Technical Support,Low,Fahad Al-Otaibi,Riyadh,2025-12-09,,192,0.0,Escalated,0,0.0,Unresolved,,2025,December,2025-12,Slow,326.0
TCK-001211,CUST-84025,Hessa Al-Harbi,WhatsApp,General Inquiry,Low,Sara Al-Dossari,Dammam,2024-10-04,,588,0.0,Pending,0,0.0,Unresolved,,2024,October,2024-10,Slow,757.0
TCK-001212,CUST-38777,Sara Al-Otaibi,Phone,Billing,Critical,Sara Al-Dossari,Mecca,2026-07-08,2026-07-08,24,10.6,Resolved,5,0.0,Resolved,0.0,2026,July,2026-07,Very Fast,
TCK-001213,CUST-17692,Faisal Al-Balawi,Social Media,Complaint,Medium,Abdullah Al-Zahrani,Jeddah,2024-08-18,2024-08-20,201,60.9,Resolved,5,0.0,Resolved,2.0,2024,August,2024-08,Slow,
TCK-001214,CUST-79472,Hessa Al-Qahtani,Email,Billing,Low,Maha Al-Balawi,Jeddah,2025-05-07,,266,0.0,Escalated,0,0.0,Unresolved,,2025,May,2025-05,Slow,542.0
TCK-001215,CUST-97949,Nasser Al-Rashidi,Phone,General Inquiry,Medium,Abdullah Al-Zahrani,Mecca,2025-01-28,,95,0.0,Open,0,0.0,Unresolved,,2025,January,2025-01,Moderate,641.0
TCK-001216,CUST-56935,Mohammed Al-Harbi,Email,Delivery Issue,Medium,Huda Al-Anazi,Jeddah,2025-02-28,2025-03-04,32,108.0,Resolved,5,0.0,Resolved,4.0,2025,February,2025-02,Fast,
TCK-001217,CUST-55793,Aisha Al-Harbi,Unknown,Account Management,Low,Mohammed Al-Harbi,Mecca,2024-07-20,,288,0.0,Pending,0,0.0,Unresolved,,2024,July,2024-07,Slow,833.0
TCK-001218,CUST-78288,Hessa Al-Shehri,Branch,Technical Support,Critical,Turki Al-Subaie,Jeddah,2026-01-07,,18,0.0,Pending,0,0.0,Unresolved,,2026,January,2026-01,Very Fast,297.0
TCK-001219,CUST-35232,Sultan Al-Otaibi,Phone,Billing,Low,Yousef Al-Malki,Mecca,2024-08-26,2024-09-01,545,158.6,Closed,5,3232.22,Resolved,6.0,2024,August,2024-08,Slow,
TCK-001220,CUST-15881,Maha Al-Ghamdi,Email,Technical Support,Low,Maha Al-Balawi,Dammam,2026-10-10,2026-10-19,469,219.8,Resolved,4,0.0,Resolved,9.0,2026,October,2026-10,Slow,
TCK-001221,CUST-78139,Nasser Al-Malki,Email,Account Management,Low,Mohammed Al-Harbi,Mecca,2025-01-02,2025-01-07,260,127.5,Resolved,3,0.0,Resolved,5.0,2025,January,2025-01,Slow,
TCK-001222,CUST-61400,Bandar Al-Rashidi,Phone,General Inquiry,Medium,Yousef Al-Malki,Riyadh,2026-05-29,2026-05-30,80,47.5,Resolved,3,0.0,Resolved,1.0,2026,May,2026-05,Moderate,
TCK-001223,CUST-23271,Faisal Al-Anazi,Unknown,Delivery Issue,Low,Faisal Al-Shehri,Riyadh,2025-10-21,2025-10-26,337,129.5,Resolved,5,3960.28,Resolved,5.0,2025,October,2025-10,Slow,
TCK-001224,CUST-13794,Fahad Al-Anazi,Live Chat,General Inquiry,High,Reem Al-Mutairi,Riyadh,2025-09-30,,83,0.0,Open,0,0.0,Unresolved,,2025,September,2025-09,Moderate,396.0
TCK-001225,CUST-61241,Bandar Al-Qahtani,WhatsApp,General Inquiry,Low,Huda Al-Anazi,Riyadh,2026-09-26,,186,0.0,Pending,0,0.0,Unresolved,,2026,September,2026-09,Slow,35.0
TCK-001226,CUST-52142,Sultan Al-Qahtani,Social Media,Technical Support,Low,Yousef Al-Malki,Mecca,2026-04-11,,185,0.0,Escalated,0,0.0,Unresolved,,2026,April,2026-04,Slow,203.0
TCK-001227,CUST-54495,Ahmed Al-Anazi,Phone,Billing,Critical,Fahad Al-Otaibi,Dammam,2025-06-05,2025-06-05,2,5.8,Resolved,5,0.0,Resolved,0.0,2025,June,2025-06,Very Fast,
TCK-001228,CUST-54904,Khalid Al-Ghamdi,Social Media,Technical Support,Medium,Noura Al-Shammari,Mecca,2024-02-16,,137,0.0,Open,0,0.0,Unresolved,,2024,February,2024-02,Moderate,988.0
TCK-001229,CUST-23516,Sara Al-Zahrani,Live Chat,Refund Request,High,Noura Al-Shammari,Dammam,2025-02-23,2025-02-23,6,23.4,Resolved,3,3840.27,Resolved,0.0,2025,February,2025-02,Very Fast,
TCK-001230,CUST-12791,Sultan Al-Zahrani,Live Chat,Account Management,High,Turki Al-Subaie,Tabuk,2025-01-03,2025-01-03,23,7.3,Resolved,2,0.0,Resolved,0.0,2025,January,2025-01,Very Fast,
TCK-001231,CUST-12173,Mohammed Al-Anazi,Live Chat,Technical Support,Medium,Sara Al-Dossari,Khobar,2024-05-24,,152,0.0,Open,0,0.0,Unresolved,,2024,May,2024-05,Moderate,890.0
TCK-001232,CUST-10403,Reem Al-Shammari,Phone,Account Management,High,Sara Al-Dossari,Khobar,2025-08-06,,22,0.0,Escalated,0,0.0,Unresolved,,2025,August,2025-08,Very Fast,451.0
TCK-001233,CUST-88601,Aisha Al-Mutairi,Branch,Refund Request,Medium,Abdullah Al-Zahrani,Khobar,2025-08-17,,267,0.0,Escalated,0,0.0,Unresolved,,2025,August,2025-08,Slow,440.0
TCK-001234,CUST-51672,Faisal Al-Subaie,Phone,Delivery Issue,Low,Maha Al-Balawi,Riyadh,2024-01-15,2024-01-25,192,240.0,Resolved,4,2965.95,Resolved,10.0,2024,January,2024-01,Slow,
TCK-001235,CUST-81272,Bandar Al-Qahtani,Email,General Inquiry,Medium,Lama Al-Rashidi,Tabuk,2025-08-30,,44,0.0,Open,0,0.0,Unresolved,,2025,August,2025-08,Fast,427.0
TCK-001236,CUST-66633,Fahad Al-Zahrani,Phone,Account Management,Critical,Fahad Al-Otaibi,Jeddah,2026-01-31,2026-01-31,12,4.4,Resolved,2,0.0,Resolved,0.0,2026,January,2026-01,Very Fast,
TCK-001237,CUST-50921,Khalid Al-Ghamdi,WhatsApp,General Inquiry,Medium,Mohammed Al-Harbi,Riyadh,2024-08-15,,26,0.0,Open,0,0.0,Unresolved,,2024,August,2024-08,Very Fast,807.0
TCK-001238,CUST-53066,Turki Al-Otaibi,WhatsApp,General Inquiry,Critical,Turki Al-Subaie,Unknown,2024-03-28,2024-03-28,13,9.2,Closed,2,0.0,Resolved,0.0,2024,March,2024-03,Very Fast,
TCK-001239,CUST-70385,Sultan Al-Shehri,Branch,Billing,Low,Noura Al-Shammari,Buraidah,2025-02-18,,92,0.0,Escalated,0,0.0,Unresolved,,2025,February,2025-02,Moderate,620.0
TCK-001240,CUST-83327,Abdullah Al-Zahrani,Phone,Account Management,High,Khalid Al-Ghamdi,Riyadh,2024-02-15,2024-02-16,39,41.0,Resolved,3,0.0,Resolved,1.0,2024,February,2024-02,Fast,
TCK-001241,CUST-15456,Abdullah Al-Anazi,Branch,Billing,High,Reem Al-Mutairi,Medina,2024-09-26,2024-09-27,42,45.5,Resolved,5,0.0,Resolved,1.0,2024,September,2024-09,Fast,
TCK-001242,CUST-66247,Nasser Al-Harbi,Email,General Inquiry,Medium,Khalid Al-Ghamdi,Jeddah,2024-05-26,,229,0.0,Pending,0,0.0,Unresolved,,2024,May,2024-05,Slow,888.0
TCK-001243,CUST-40966,Noura Al-Shammari,Email,Technical Support,Medium,Faisal Al-Shehri,Abha,2024-02-13,2024-02-15,128,56.6,Resolved,5,0.0,Resolved,2.0,2024,February,2024-02,Moderate,
TCK-001244,CUST-97149,Dana Al-Mutairi,Phone,Technical Support,Low,Reem Al-Mutairi,Dammam,2025-05-17,2025-05-19,438,48.9,Closed,5,0.0,Resolved,2.0,2025,May,2025-05,Slow,
TCK-001245,CUST-51945,Nasser Al-Malki,Branch,Technical Support,Medium,Reem Al-Mutairi,Medina,2025-08-06,,158,0.0,Pending,0,0.0,Unresolved,,2025,August,2025-08,Moderate,451.0
TCK-001246,CUST-71634,Bandar Al-Harbi,Social Media,Billing,High,Faisal Al-Shehri,Abha,2024-10-14,,9,0.0,Open,0,0.0,Unresolved,,2024,October,2024-10,Very Fast,747.0
TCK-001247,CUST-78850,Abdullah Al-Subaie,Live Chat,Account Management,Medium,Reem Al-Mutairi,Jeddah,2025-02-06,,100,0.0,Escalated,0,0.0,Unresolved,,2025,February,2025-02,Moderate,632.0
TCK-001248,CUST-19262,Hessa Al-Shammari,Live Chat,Technical Support,Medium,Turki Al-Subaie,Dammam,2026-09-05,,210,0.0,Pending,0,0.0,Unresolved,,2026,September,2026-09,Slow,56.0
TCK-001249,CUST-34464,Noura Al-Zahrani,Phone,Account Management,Medium,Ahmed Al-Qahtani,Riyadh,2026-10-15,2026-10-18,27,84.5,Resolved,5,0.0,Resolved,3.0,2026,October,2026-10,Very Fast,
TCK-001250,CUST-68155,Abdullah Al-Qahtani,WhatsApp,General Inquiry,Medium,Fahad Al-Otaibi,Jeddah,2025-10-28,2025-10-31,211,76.5,Closed,3,0.0,Resolved,3.0,2025,October,2025-10,Slow,
TCK-001251,CUST-83114,Sultan Al-Rashidi,Email,Technical Support,Medium,Khalid Al-Ghamdi,Dammam,2026-03-01,,178,0.0,Open,0,0.0,Unresolved,,2026,March,2026-03,Moderate,244.0
TCK-001252,CUST-23838,Ahmed Al-Harbi,Phone,Billing,Low,Abdullah Al-Zahrani,Hail,2024-06-22,2024-06-25,489,82.9,Closed,5,0.0,Resolved,3.0,2024,June,2024-06,Slow,
TCK-001253,CUST-23132,Nasser Al-Dossari,Phone,Technical Support,High,Yousef Al-Malki,Tabuk,2026-10-26,,42,0.0,Open,0,0.0,Unresolved,,2026,October,2026-10,Fast,5.0
TCK-001254,CUST-79092,Faisal Al-Shammari,WhatsApp,Billing,Medium,Lama Al-Rashidi,Riyadh,2025-09-17,2025-09-21,187,113.8,Closed,5,0.0,Resolved,4.0,2025,September,2025-09,Slow,
TCK-001255,CUST-20122,Bandar Al-Ghamdi,Email,Refund Request,High,Mohammed Al-Harbi,Khobar,2025-03-15,2025-03-15,74,22.9,Closed,4,0.0,Resolved,0.0,2025,March,2025-03,Moderate,
TCK-001256,CUST-18342,Lama Al-Rashidi,Branch,Technical Support,Medium,Huda Al-Anazi,Khobar,2024-08-29,2024-09-02,293,110.5,Resolved,5,0.0,Resolved,4.0,2024,August,2024-08,Slow,
TCK-001257,CUST-69535,Hessa Al-Harbi,Phone,Account Management,Critical,Noura Al-Shammari,Riyadh,2025-12-07,2025-12-07,11,2.7,Resolved,4,0.0,Resolved,0.0,2025,December,2025-12,Very Fast,
TCK-001258,CUST-66122,Sultan Al-Shammari,Branch,Billing,Medium,Maha Al-Balawi,Medina,2024-09-09,2024-09-09,161,15.0,Closed,5,0.0,Resolved,0.0,2024,September,2024-09,Moderate,
TCK-001259,CUST-71680,Lama Al-Malki,Phone,Technical Support,Medium,Mohammed Al-Harbi,Buraidah,2024-12-08,2024-12-11,209,82.1,Resolved,4,0.0,Resolved,3.0,2024,December,2024-12,Slow,
TCK-001260,CUST-85854,Sultan Al-Subaie,Branch,Refund Request,Medium,Noura Al-Shammari,Jeddah,2025-10-05,,130,0.0,Pending,0,0.0,Unresolved,,2025,October,2025-10,Moderate,391.0
TCK-001261,CUST-62698,Hessa Al-Rashidi,Branch,General Inquiry,Medium,Mohammed Al-Harbi,Medina,2024-01-24,,108,0.0,Pending,0,0.0,Unresolved,,2024,January,2024-01,Moderate,1011.0
TCK-001262,CUST-52045,Sara Al-Qahtani,Email,Billing,Medium,Faisal Al-Shehri,Jeddah,2024-02-16,2024-02-17,235,27.4,Resolved,2,0.0,Resolved,1.0,2024,February,2024-02,Slow,
TCK-001263,CUST-36092,Khalid Al-Ghamdi,Email,Technical Support,Low,Lama Al-Rashidi,Jeddah,2026-07-05,,316,0.0,Open,0,0.0,Unresolved,,2026,July,2026-07,Slow,118.0
TCK-001264,CUST-59906,Sultan Al-Malki,Unknown,Account Management,Critical,Ahmed Al-Qahtani,Khobar,2026-03-13,2026-03-13,8,8.8,Resolved,2,0.0,Resolved,0.0,2026,March,2026-03,Very Fast,
TCK-001265,CUST-24779,Lama Al-Subaie,Phone,Technical Support,Medium,Ahmed Al-Qahtani,Tabuk,2024-10-31,2024-11-01,71,43.7,Resolved,2,0.0,Resolved,1.0,2024,October,2024-10,Moderate,
TCK-001266,CUST-34362,Lama Al-Mutairi,Social Media,Refund Request,Medium,Fahad Al-Otaibi,Jeddah,2024-05-06,2024-05-07,42,39.8,Resolved,1,0.0,Resolved,1.0,2024,May,2024-05,Fast,
TCK-001267,CUST-89932,Hessa Al-Zahrani,Live Chat,Account Management,Low,Turki Al-Subaie,Medina,2025-03-19,,537,0.0,Pending,0,0.0,Unresolved,,2025,March,2025-03,Slow,591.0
TCK-001268,CUST-95964,Maha Al-Malki,Branch,Billing,Medium,Mohammed Al-Harbi,Riyadh,2025-09-06,2025-09-10,261,98.9,Closed,4,3145.73,Resolved,4.0,2025,September,2025-09,Slow,
TCK-001269,CUST-61165,Aisha Al-Dossari,Social Media,Billing,Low,Huda Al-Anazi,Riyadh,2024-08-08,2024-08-16,564,194.2,Resolved,5,0.0,Resolved,8.0,2024,August,2024-08,Slow,
TCK-001270,CUST-42281,Turki Al-Qahtani,WhatsApp,Delivery Issue,High,Turki Al-Subaie,Jeddah,2026-05-20,,47,0.0,Open,0,0.0,Unresolved,,2026,May,2026-05,Fast,164.0
TCK-001271,CUST-27332,Lama Al-Subaie,Live Chat,Complaint,Low,Abdullah Al-Zahrani,Unknown,2025-12-07,,642,0.0,Open,0,0.0,Unresolved,,2025,December,2025-12,Slow,328.0
TCK-001272,CUST-32845,Hessa Al-Dossari,Email,Refund Request,High,Fahad Al-Otaibi,Buraidah,2025-06-08,2025-06-08,38,12.3,Resolved,5,1719.64,Resolved,0.0,2025,June,2025-06,Fast,
TCK-001273,CUST-88088,Bandar Al-Shammari,Live Chat,Technical Support,Low,Sara Al-Dossari,Riyadh,2024-05-05,2024-05-13,614,197.0,Resolved,5,0.0,Resolved,8.0,2024,May,2024-05,Slow,
TCK-001274,CUST-68192,Sara Al-Anazi,Phone,General Inquiry,Low,Faisal Al-Shehri,Dammam,2025-10-20,,62,0.0,Escalated,0,0.0,Unresolved,,2025,October,2025-10,Moderate,376.0
TCK-001275,CUST-64676,Aisha Al-Mutairi,Email,General Inquiry,High,Reem Al-Mutairi,Riyadh,2025-04-05,2025-04-05,87,4.1,Resolved,4,0.0,Resolved,0.0,2025,April,2025-04,Moderate,
TCK-001276,CUST-38635,Fahad Al-Mutairi,WhatsApp,Complaint,Low,Yousef Al-Malki,Khobar,2024-10-21,2024-10-28,269,191.3,Closed,4,2534.35,Resolved,7.0,2024,October,2024-10,Slow,
TCK-001277,CUST-56191,Ahmed Al-Balawi,Social Media,Billing,High,Reem Al-Mutairi,Dammam,2025-09-19,,21,0.0,Escalated,0,0.0,Unresolved,,2025,September,2025-09,Very Fast,407.0
TCK-001278,CUST-74688,Hessa Al-Subaie,Email,Refund Request,High,Maha Al-Balawi,Jeddah,2026-10-09,2026-10-10,39,43.1,Resolved,4,0.0,Resolved,1.0,2026,October,2026-10,Fast,
TCK-001279,CUST-50665,Reem Al-Harbi,Live Chat,Billing,Low,Faisal Al-Shehri,Riyadh,2026-03-26,2026-03-27,243,36.9,Resolved,4,0.0,Resolved,1.0,2026,March,2026-03,Slow,
TCK-001280,CUST-46131,Mohammed Al-Shehri,Email,Billing,Medium,Huda Al-Anazi,Dammam,2026-05-07,2026-05-11,123,107.0,Resolved,5,4375.8,Resolved,4.0,2026,May,2026-05,Moderate,
TCK-001281,CUST-98215,Hessa Al-Ghamdi,WhatsApp,Billing,Medium,Abdullah Al-Zahrani,Jeddah,2025-02-26,2025-02-27,262,41.3,Resolved,5,0.0,Resolved,1.0,2025,February,2025-02,Slow,
TCK-001282,CUST-29166,Lama Al-Malki,Email,Delivery Issue,Medium,Reem Al-Mutairi,Jeddah,2024-06-02,2024-06-05,250,78.5,Closed,5,0.0,Resolved,3.0,2024,June,2024-06,Slow,
TCK-001283,CUST-12798,Sultan Al-Balawi,Social Media,Technical Support,Medium,Fahad Al-Otaibi,Jeddah,2026-05-12,2026-05-13,201,43.5,Resolved,2,0.0,Resolved,1.0,2026,May,2026-05,Slow,
TCK-001284,CUST-81875,Dana Al-Rashidi,Phone,Technical Support,Medium,Lama Al-Rashidi,Dammam,2024-08-18,2024-08-20,98,69.9,Closed,1,0.0,Resolved,2.0,2024,August,2024-08,Moderate,
TCK-001285,CUST-52713,Fahad Al-Shammari,WhatsApp,Account Management,Medium,Huda Al-Anazi,Khobar,2025-11-03,,110,0.0,Pending,0,0.0,Unresolved,,2025,November,2025-11,Moderate,362.0
TCK-001286,CUST-97365,Abdullah Al-Rashidi,Phone,Billing,Low,Fahad Al-Otaibi,Medina,2026-09-17,2026-09-22,607,133.3,Closed,5,3747.36,Resolved,5.0,2026,September,2026-09,Slow,
TCK-001287,CUST-27809,Ahmed Al-Shammari,Phone,Delivery Issue,Low,Mohammed Al-Harbi,Dammam,2025-05-08,,613,0.0,Open,0,0.0,Unresolved,,2025,May,2025-05,Slow,541.0
TCK-001288,CUST-96235,Hessa Al-Shammari,Live Chat,Billing,Low,Lama Al-Rashidi,Jeddah,2024-05-26,2024-05-30,357,112.8,Closed,4,0.0,Resolved,4.0,2024,May,2024-05,Slow,
TCK-001289,CUST-23132,Nasser Al-Zahrani,WhatsApp,Refund Request,Medium,Noura Al-Shammari,Khobar,2026-02-24,,211,0.0,Open,0,0.0,Unresolved,,2026,February,2026-02,Slow,249.0
TCK-001290,CUST-16949,Abdullah Al-Qahtani,Email,Billing,Medium,Ahmed Al-Qahtani,Abha,2026-04-08,,185,0.0,Escalated,0,0.0,Unresolved,,2026,April,2026-04,Slow,206.0
TCK-001291,CUST-48475,Reem Al-Balawi,WhatsApp,Billing,High,Mohammed Al-Harbi,Mecca,2024-08-07,2024-08-07,78,8.5,Resolved,4,0.0,Resolved,0.0,2024,August,2024-08,Moderate,
TCK-001292,CUST-74724,Khalid Al-Dossari,Unknown,Technical Support,Critical,Sara Al-Dossari,Mecca,2024-03-16,,11,0.0,Open,0,0.0,Unresolved,,2024,March,2024-03,Very Fast,959.0
TCK-001293,CUST-99102,Bandar Al-Malki,WhatsApp,Unknown,Medium,Yousef Al-Malki,Jeddah,2026-05-28,2026-06-01,19,96.2,Closed,5,0.0,Resolved,4.0,2026,May,2026-05,Very Fast,
TCK-001294,CUST-10115,Maha Al-Rashidi,WhatsApp,General Inquiry,Medium,Turki Al-Subaie,Jeddah,2024-10-09,2024-10-12,26,76.4,Resolved,4,0.0,Resolved,3.0,2024,October,2024-10,Very Fast,
TCK-001295,CUST-64977,Sultan Al-Ghamdi,Branch,Account Management,Medium,Reem Al-Mutairi,Riyadh,2024-05-30,2024-05-31,53,37.9,Resolved,1,0.0,Resolved,1.0,2024,May,2024-05,Fast,
TCK-001296,CUST-78049,Huda Al-Balawi,Phone,Delivery Issue,High,Lama Al-Rashidi,Hail,2025-05-28,,48,0.0,Pending,0,0.0,Unresolved,,2025,May,2025-05,Fast,521.0
TCK-001297,CUST-35189,Khalid Al-Rashidi,WhatsApp,Billing,Medium,Lama Al-Rashidi,Dammam,2026-01-19,2026-01-22,206,87.9,Resolved,2,0.0,Resolved,3.0,2026,January,2026-01,Slow,
TCK-001298,CUST-51902,Sultan Al-Dossari,Phone,Account Management,Medium,Khalid Al-Ghamdi,Unknown,2026-09-06,,98,0.0,Open,0,0.0,Unresolved,,2026,September,2026-09,Moderate,55.0
TCK-001299,CUST-45359,Yousef Al-Shammari,Social Media,Delivery Issue,Medium,Yousef Al-Malki,Khobar,2026-10-23,,282,0.0,Pending,0,0.0,Unresolved,,2026,October,2026-10,Slow,8.0
TCK-001300,CUST-46760,Khalid Al-Shehri,Phone,Technical Support,Low,Ahmed Al-Qahtani,Riyadh,2024-03-20,,581,0.0,Escalated,0,0.0,Unresolved,,2024,March,2024-03,Slow,955.0
TCK-001301,CUST-96132,Aisha Al-Zahrani,Phone,Billing,High,Yousef Al-Malki,Riyadh,2024-01-01,2024-01-02,20,29.2,Resolved,4,0.0,Resolved,1.0,2024,January,2024-01,Very Fast,
TCK-001302,CUST-44617,Huda Al-Rashidi,Branch,Billing,Low,Reem Al-Mutairi,Riyadh,2025-09-25,2025-10-03,572,206.2,Resolved,3,1824.51,Resolved,8.0,2025,September,2025-09,Slow,
TCK-001303,CUST-95098,Noura Al-Dossari,Live Chat,Billing,High,Yousef Al-Malki,Dammam,2024-01-07,2024-01-07,49,4.9,Closed,3,0.0,Resolved,0.0,2024,January,2024-01,Fast,
TCK-001304,CUST-82162,Faisal Al-Anazi,Phone,Billing,Medium,Mohammed Al-Harbi,Riyadh,2026-03-16,2026-03-18,51,63.2,Closed,4,0.0,Resolved,2.0,2026,March,2026-03,Fast,
TCK-001305,CUST-28833,Lama Al-Rashidi,Email,General Inquiry,Low,Ahmed Al-Qahtani,Riyadh,2025-03-29,,402,0.0,Open,0,0.0,Unresolved,,2025,March,2025-03,Slow,581.0
TCK-001306,CUST-37531,Turki Al-Balawi,WhatsApp,Billing,Medium,Huda Al-Anazi,Abha,2026-07-30,2026-08-02,36,81.5,Resolved,1,0.0,Resolved,3.0,2026,July,2026-07,Fast,
TCK-001307,CUST-14564,Sultan Al-Rashidi,Social Media,Technical Support,Low,Lama Al-Rashidi,Khobar,2026-10-18,2026-10-27,431,225.9,Closed,5,0.0,Resolved,9.0,2026,October,2026-10,Slow,
TCK-001308,CUST-52469,Khalid Al-Mutairi,Email,General Inquiry,Medium,Fahad Al-Otaibi,Unknown,2024-03-21,2024-03-21,230,14.1,Resolved,4,0.0,Resolved,0.0,2024,March,2024-03,Slow,
TCK-001309,CUST-91035,Abdullah Al-Shammari,Live Chat,Delivery Issue,Medium,Faisal Al-Shehri,Mecca,2026-10-27,2026-10-31,184,110.7,Resolved,5,3960.17,Resolved,4.0,2026,October,2026-10,Slow,
TCK-001310,CUST-58675,Bandar Al-Qahtani,Live Chat,Technical Support,High,Yousef Al-Malki,Medina,2024-07-02,,55,0.0,Escalated,0,0.0,Unresolved,,2024,July,2024-07,Fast,851.0
TCK-001311,CUST-10477,Nasser Al-Ghamdi,Phone,General Inquiry,Medium,Abdullah Al-Zahrani,Riyadh,2025-06-23,2025-06-23,223,9.5,Closed,3,0.0,Resolved,0.0,2025,June,2025-06,Slow,
TCK-001312,CUST-52687,Hessa Al-Balawi,Phone,Delivery Issue,Medium,Fahad Al-Otaibi,Buraidah,2026-09-13,2026-09-14,23,46.2,Closed,3,4497.28,Resolved,1.0,2026,September,2026-09,Very Fast,
TCK-001313,CUST-48474,Bandar Al-Zahrani,Live Chat,Technical Support,High,Sara Al-Dossari,Tabuk,2025-08-21,2025-08-22,62,42.0,Resolved,4,0.0,Resolved,1.0,2025,August,2025-08,Moderate,
TCK-001314,CUST-50539,Huda Al-Rashidi,Branch,Billing,High,Abdullah Al-Zahrani,Dammam,2026-02-21,2026-02-22,81,33.3,Resolved,5,0.0,Resolved,1.0,2026,February,2026-02,Moderate,
TCK-001315,CUST-95340,Sultan Al-Subaie,Live Chat,Technical Support,Medium,Mohammed Al-Harbi,Jeddah,2025-12-04,2025-12-06,118,60.6,Resolved,3,0.0,Resolved,2.0,2025,December,2025-12,Moderate,
TCK-001316,CUST-63540,Sara Al-Zahrani,Live Chat,General Inquiry,High,Reem Al-Mutairi,Jeddah,2026-07-23,,35,0.0,Pending,0,0.0,Unresolved,,2026,July,2026-07,Fast,100.0
TCK-001317,CUST-59671,Noura Al-Rashidi,Email,Complaint,Low,Noura Al-Shammari,Unknown,2026-07-07,2026-07-13,204,156.4,Resolved,4,2840.58,Resolved,6.0,2026,July,2026-07,Slow,
TCK-001318,CUST-15868,Maha Al-Balawi,Phone,Complaint,Low,Turki Al-Subaie,Riyadh,2025-01-06,2025-01-12,469,166.6,Resolved,5,0.0,Resolved,6.0,2025,January,2025-01,Slow,
TCK-001319,CUST-38183,Lama Al-Ghamdi,Email,Technical Support,Medium,Lama Al-Rashidi,Tabuk,2026-03-28,2026-04-01,85,105.9,Resolved,5,0.0,Resolved,4.0,2026,March,2026-03,Moderate,
TCK-001320,CUST-84929,Abdullah Al-Shehri,WhatsApp,Billing,Low,Huda Al-Anazi,Tabuk,2024-05-23,2024-05-28,415,120.5,Closed,5,0.0,Resolved,5.0,2024,May,2024-05,Slow,
TCK-001321,CUST-18819,Hessa Al-Subaie,Live Chat,Delivery Issue,Low,Noura Al-Shammari,Jeddah,2025-02-01,,713,0.0,Pending,0,0.0,Unresolved,,2025,February,2025-02,Slow,637.0
TCK-001322,CUST-34966,Lama Al-Mutairi,Branch,General Inquiry,Medium,Noura Al-Shammari,Hail,2025-04-18,2025-04-21,186,86.8,Resolved,4,0.0,Resolved,3.0,2025,April,2025-04,Slow,
TCK-001323,CUST-76743,Lama Al-Qahtani,Phone,Complaint,Low,Khalid Al-Ghamdi,Khobar,2026-07-19,2026-07-21,688,63.6,Resolved,4,3680.89,Resolved,2.0,2026,July,2026-07,Slow,
TCK-001324,CUST-58933,Sultan Al-Shehri,Live Chat,Complaint,Medium,Maha Al-Balawi,Tabuk,2025-06-06,,85,0.0,Open,0,0.0,Unresolved,,2025,June,2025-06,Moderate,512.0
TCK-001325,CUST-60743,Turki Al-Malki,Social Media,Billing,Medium,Noura Al-Shammari,Dammam,2026-10-10,2026-10-13,147,83.8,Resolved,3,0.0,Resolved,3.0,2026,October,2026-10,Moderate,
TCK-001326,CUST-99266,Reem Al-Balawi,Email,Billing,High,Fahad Al-Otaibi,Khobar,2025-07-30,2025-07-30,64,5.8,Resolved,2,0.0,Resolved,0.0,2025,July,2025-07,Moderate,
TCK-001327,CUST-26214,Khalid Al-Dossari,Unknown,Technical Support,High,Ahmed Al-Qahtani,Khobar,2025-04-19,,51,0.0,Pending,0,0.0,Unresolved,,2025,April,2025-04,Fast,560.0
TCK-001328,CUST-98560,Sultan Al-Malki,Branch,Account Management,Medium,Sara Al-Dossari,Medina,2024-06-03,2024-06-06,213,84.6,Resolved,5,0.0,Resolved,3.0,2024,June,2024-06,Slow,
TCK-001329,CUST-74825,Nasser Al-Malki,Phone,Delivery Issue,Medium,Yousef Al-Malki,Mecca,2026-08-19,,151,0.0,Open,0,0.0,Unresolved,,2026,August,2026-08,Moderate,73.0
TCK-001330,CUST-31310,Aisha Al-Qahtani,Branch,Billing,Low,Yousef Al-Malki,Mecca,2024-09-24,2024-10-02,532,206.4,Closed,2,0.0,Resolved,8.0,2024,September,2024-09,Slow,
TCK-001331,CUST-90280,Reem Al-Rashidi,Unknown,Billing,Critical,Ahmed Al-Qahtani,Medina,2025-12-02,,12,0.0,Pending,0,0.0,Unresolved,,2025,December,2025-12,Very Fast,333.0
TCK-001332,CUST-59701,Sultan Al-Mutairi,Phone,Technical Support,Low,Faisal Al-Shehri,Khobar,2026-02-15,2026-02-22,61,168.3,Closed,1,0.0,Resolved,7.0,2026,February,2026-02,Moderate,
TCK-001333,CUST-88261,Maha Al-Zahrani,Phone,Technical Support,Critical,Ahmed Al-Qahtani,Dammam,2024-05-13,2024-05-13,7,7.4,Resolved,4,0.0,Resolved,0.0,2024,May,2024-05,Very Fast,
TCK-001334,CUST-78359,Fahad Al-Shehri,Live Chat,Technical Support,High,Faisal Al-Shehri,Riyadh,2025-09-17,2025-09-18,87,35.8,Closed,5,0.0,Resolved,1.0,2025,September,2025-09,Moderate,
TCK-001335,CUST-32257,Sultan Al-Rashidi,Live Chat,Billing,Medium,Khalid Al-Ghamdi,Dammam,2024-06-22,2024-06-24,43,54.9,Resolved,5,0.0,Resolved,2.0,2024,June,2024-06,Fast,
TCK-001336,CUST-81162,Khalid Al-Subaie,Branch,General Inquiry,Medium,Lama Al-Rashidi,Buraidah,2024-12-23,2024-12-26,282,79.2,Resolved,4,0.0,Resolved,3.0,2024,December,2024-12,Slow,
TCK-001337,CUST-97443,Hessa Al-Rashidi,Live Chat,Technical Support,Low,Faisal Al-Shehri,Khobar,2025-01-02,,670,0.0,Open,0,0.0,Unresolved,,2025,January,2025-01,Slow,667.0
TCK-001338,CUST-25351,Lama Al-Zahrani,Live Chat,Account Management,High,Reem Al-Mutairi,Mecca,2025-10-04,,81,0.0,Pending,0,0.0,Unresolved,,2025,October,2025-10,Moderate,392.0
TCK-001339,CUST-57701,Faisal Al-Mutairi,WhatsApp,Billing,Low,Sara Al-Dossari,Jeddah,2024-10-21,,108,0.0,Open,0,0.0,Unresolved,,2024,October,2024-10,Moderate,740.0
TCK-001340,CUST-10185,Aisha Al-Subaie,Email,Account Management,Medium,Yousef Al-Malki,Dammam,2024-06-23,2024-06-27,250,109.9,Resolved,3,0.0,Resolved,4.0,2024,June,2024-06,Slow,
TCK-001341,CUST-57534,Ahmed Al-Mutairi,Email,General Inquiry,High,Faisal Al-Shehri,Jeddah,2026-04-28,2026-04-28,30,11.1,Resolved,3,0.0,Resolved,0.0,2026,April,2026-04,Very Fast,
TCK-001342,CUST-94742,Noura Al-Mutairi,Social Media,Refund Request,Low,Turki Al-Subaie,Riyadh,2026-03-01,2026-03-04,309,91.5,Closed,4,3378.86,Resolved,3.0,2026,March,2026-03,Slow,
TCK-001343,CUST-35308,Lama Al-Shammari,Phone,Complaint,Low,Mohammed Al-Harbi,Riyadh,2024-05-14,2024-05-19,359,120.3,Closed,4,0.0,Resolved,5.0,2024,May,2024-05,Slow,
TCK-001344,CUST-62983,Nasser Al-Zahrani,Email,Account Management,Medium,Mohammed Al-Harbi,Hail,2024-03-30,2024-03-31,114,32.6,Resolved,5,0.0,Resolved,1.0,2024,March,2024-03,Moderate,
TCK-001345,CUST-91284,Lama Al-Qahtani,Email,Technical Support,High,Faisal Al-Shehri,Mecca,2025-11-04,2025-11-04,31,3.4,Resolved,4,0.0,Resolved,0.0,2025,November,2025-11,Fast,
TCK-001346,CUST-38004,Turki Al-Malki,Live Chat,Complaint,Medium,Maha Al-Balawi,Jeddah,2026-04-30,2026-05-04,251,103.5,Resolved,4,0.0,Resolved,4.0,2026,April,2026-04,Slow,
TCK-001347,CUST-28441,Reem Al-Balawi,Branch,Technical Support,Low,Faisal Al-Shehri,Mecca,2024-09-03,,551,0.0,Escalated,0,0.0,Unresolved,,2024,September,2024-09,Slow,788.0
TCK-001348,CUST-61091,Sultan Al-Zahrani,Email,Delivery Issue,High,Fahad Al-Otaibi,Khobar,2025-03-11,2025-03-12,56,37.2,Resolved,3,0.0,Resolved,1.0,2025,March,2025-03,Fast,
TCK-001349,CUST-82594,Yousef Al-Zahrani,WhatsApp,Account Management,Medium,Turki Al-Subaie,Buraidah,2025-07-02,,19,0.0,Pending,0,0.0,Unresolved,,2025,July,2025-07,Very Fast,486.0
TCK-001350,CUST-60401,Faisal Al-Harbi,Email,General Inquiry,High,Faisal Al-Shehri,Medina,2025-04-06,,37,0.0,Open,0,0.0,Unresolved,,2025,April,2025-04,Fast,573.0
TCK-001351,CUST-50666,Khalid Al-Harbi,Phone,General Inquiry,High,Noura Al-Shammari,Riyadh,2024-05-25,2024-05-25,86,12.1,Resolved,3,0.0,Resolved,0.0,2024,May,2024-05,Moderate,
TCK-001352,CUST-85978,Bandar Al-Rashidi,Branch,Billing,High,Turki Al-Subaie,Jeddah,2026-02-12,,71,0.0,Pending,0,0.0,Unresolved,,2026,February,2026-02,Moderate,261.0
TCK-001353,CUST-36523,Hessa Al-Ghamdi,WhatsApp,Technical Support,Critical,Khalid Al-Ghamdi,Jeddah,2025-08-10,2025-08-10,2,6.2,Closed,1,0.0,Resolved,0.0,2025,August,2025-08,Very Fast,
TCK-001354,CUST-60756,Reem Al-Mutairi,Email,Unknown,Medium,Faisal Al-Shehri,Riyadh,2026-09-09,2026-09-11,125,54.8,Closed,1,0.0,Resolved,2.0,2026,September,2026-09,Moderate,
TCK-001355,CUST-29864,Lama Al-Anazi,Email,Technical Support,Medium,Turki Al-Subaie,Jeddah,2026-04-24,2026-04-24,222,22.7,Resolved,5,0.0,Resolved,0.0,2026,April,2026-04,Slow,
TCK-001356,CUST-86203,Hessa Al-Shehri,Phone,Delivery Issue,High,Fahad Al-Otaibi,Medina,2025-11-05,2025-11-06,59,43.1,Resolved,4,0.0,Resolved,1.0,2025,November,2025-11,Fast,
TCK-001357,CUST-29110,Nasser Al-Balawi,Email,Account Management,Medium,Khalid Al-Ghamdi,Medina,2024-09-08,,23,0.0,Pending,0,0.0,Unresolved,,2024,September,2024-09,Very Fast,783.0
TCK-001358,CUST-95625,Fahad Al-Balawi,WhatsApp,Complaint,Medium,Maha Al-Balawi,Khobar,2025-10-12,2025-10-16,173,99.3,Resolved,4,0.0,Resolved,4.0,2025,October,2025-10,Moderate,
TCK-001359,CUST-46116,Maha Al-Dossari,Live Chat,Billing,Medium,Sara Al-Dossari,Jeddah,2024-05-29,2024-05-30,57,30.7,Resolved,5,3147.76,Resolved,1.0,2024,May,2024-05,Fast,
TCK-001360,CUST-51095,Mohammed Al-Mutairi,Live Chat,Delivery Issue,Low,Reem Al-Mutairi,Khobar,2024-09-10,2024-09-14,687,100.3,Resolved,3,2287.01,Resolved,4.0,2024,September,2024-09,Slow,
TCK-001361,CUST-25887,Turki Al-Malki,Email,General Inquiry,Low,Noura Al-Shammari,Tabuk,2026-08-23,2026-08-23,49,19.3,Resolved,5,0.0,Resolved,0.0,2026,August,2026-08,Fast,
TCK-001362,CUST-32367,Mohammed Al-Otaibi,Phone,Technical Support,High,Ahmed Al-Qahtani,Tabuk,2025-12-29,2025-12-29,81,5.9,Closed,4,0.0,Resolved,0.0,2025,December,2025-12,Moderate,
TCK-001363,CUST-60060,Noura Al-Otaibi,Live Chat,General Inquiry,High,Abdullah Al-Zahrani,Riyadh,2024-09-18,,61,0.0,Pending,0,0.0,Unresolved,,2024,September,2024-09,Moderate,773.0
TCK-001364,CUST-29830,Hessa Al-Rashidi,Email,Refund Request,Critical,Fahad Al-Otaibi,Tabuk,2026-02-12,2026-02-12,4,7.4,Resolved,5,0.0,Resolved,0.0,2026,February,2026-02,Very Fast,
TCK-001365,CUST-60014,Sultan Al-Shammari,Email,Complaint,Medium,Mohammed Al-Harbi,Medina,2024-01-07,2024-01-08,165,24.2,Closed,5,0.0,Resolved,1.0,2024,January,2024-01,Moderate,
TCK-001366,CUST-15213,Noura Al-Dossari,Live Chat,Account Management,Medium,Sara Al-Dossari,Jeddah,2025-09-11,2025-09-13,209,58.4,Resolved,4,0.0,Resolved,2.0,2025,September,2025-09,Slow,
TCK-001367,CUST-29650,Faisal Al-Anazi,Branch,Account Management,Low,Yousef Al-Malki,Jeddah,2025-08-23,2025-08-30,61,179.9,Resolved,5,0.0,Resolved,7.0,2025,August,2025-08,Moderate,
TCK-001368,CUST-87106,Dana Al-Rashidi,Live Chat,General Inquiry,High,Khalid Al-Ghamdi,Hail,2024-09-04,2024-09-04,8,17.0,Resolved,5,0.0,Resolved,0.0,2024,September,2024-09,Very Fast,
TCK-001369,CUST-97150,Huda Al-Mutairi,WhatsApp,Billing,Medium,Noura Al-Shammari,Mecca,2025-01-23,2025-01-26,288,82.7,Resolved,4,2698.83,Resolved,3.0,2025,January,2025-01,Slow,
TCK-001370,CUST-45614,Fahad Al-Otaibi,Phone,Billing,Low,Fahad Al-Otaibi,Khobar,2025-07-13,2025-07-21,455,203.0,Closed,5,1337.9,Resolved,8.0,2025,July,2025-07,Slow,
TCK-001371,CUST-70048,Huda Al-Subaie,Phone,General Inquiry,Medium,Lama Al-Rashidi,Medina,2026-08-30,,146,0.0,Open,0,0.0,Unresolved,,2026,August,2026-08,Moderate,62.0
TCK-001372,CUST-59655,Reem Al-Shammari,Social Media,Account Management,Low,Noura Al-Shammari,Jeddah,2026-03-27,2026-03-28,646,30.7,Closed,5,0.0,Resolved,1.0,2026,March,2026-03,Slow,
TCK-001373,CUST-84607,Nasser Al-Anazi,Live Chat,Billing,Critical,Khalid Al-Ghamdi,Khobar,2025-01-09,2025-01-09,28,5.8,Closed,3,3805.02,Resolved,0.0,2025,January,2025-01,Very Fast,
TCK-001374,CUST-15682,Nasser Al-Zahrani,Phone,General Inquiry,Medium,Ahmed Al-Qahtani,Buraidah,2026-08-21,,82,0.0,Pending,0,0.0,Unresolved,,2026,August,2026-08,Moderate,71.0
TCK-001375,CUST-84911,Nasser Al-Rashidi,Live Chat,Delivery Issue,Medium,Yousef Al-Malki,Medina,2025-12-10,2025-12-10,158,19.6,Resolved,2,0.0,Resolved,0.0,2025,December,2025-12,Moderate,
TCK-001376,CUST-71983,Turki Al-Shammari,WhatsApp,Technical Support,Medium,Reem Al-Mutairi,Jeddah,2025-01-25,,120,0.0,Open,0,0.0,Unresolved,,2025,January,2025-01,Moderate,644.0
TCK-001377,CUST-30896,Turki Al-Balawi,WhatsApp,Account Management,Low,Khalid Al-Ghamdi,Riyadh,2026-10-28,2026-11-04,584,185.2,Resolved,4,0.0,Resolved,7.0,2026,October,2026-10,Slow,
TCK-001378,CUST-96586,Noura Al-Harbi,Branch,Billing,Critical,Lama Al-Rashidi,Riyadh,2024-06-16,2024-06-16,11,4.0,Resolved,4,0.0,Resolved,0.0,2024,June,2024-06,Very Fast,
TCK-001379,CUST-30038,Huda Al-Rashidi,Branch,Billing,Low,Fahad Al-Otaibi,Khobar,2024-09-01,2024-09-06,95,137.2,Resolved,5,0.0,Resolved,5.0,2024,September,2024-09,Moderate,
TCK-001380,CUST-32455,Hessa Al-Harbi,WhatsApp,Delivery Issue,Critical,Mohammed Al-Harbi,Khobar,2026-04-21,2026-04-21,15,10.7,Resolved,4,687.6,Resolved,0.0,2026,April,2026-04,Very Fast,
TCK-001381,CUST-25237,Lama Al-Harbi,Live Chat,Technical Support,Medium,Mohammed Al-Harbi,Riyadh,2026-09-29,2026-10-01,33,58.4,Resolved,4,0.0,Resolved,2.0,2026,September,2026-09,Fast,
TCK-001382,CUST-63449,Lama Al-Ghamdi,Phone,Delivery Issue,Medium,Huda Al-Anazi,Jeddah,2026-04-30,2026-05-02,289,53.5,Closed,1,2297.85,Resolved,2.0,2026,April,2026-04,Slow,
TCK-001383,CUST-79649,Dana Al-Ghamdi,Email,General Inquiry,Low,Reem Al-Mutairi,Mecca,2024-07-17,,551,0.0,Escalated,0,0.0,Unresolved,,2024,July,2024-07,Slow,836.0
TCK-001384,CUST-91169,Maha Al-Subaie,Phone,Account Management,Low,Yousef Al-Malki,Buraidah,2025-03-31,,514,0.0,Pending,0,0.0,Unresolved,,2025,March,2025-03,Slow,579.0
TCK-001385,CUST-97115,Huda Al-Shehri,Phone,General Inquiry,Low,Yousef Al-Malki,Khobar,2026-07-09,2026-07-12,719,94.6,Resolved,4,0.0,Resolved,3.0,2026,July,2026-07,Slow,
TCK-001386,CUST-16195,Hessa Al-Qahtani,WhatsApp,Technical Support,Critical,Khalid Al-Ghamdi,Mecca,2025-06-09,2025-06-09,13,9.7,Closed,5,0.0,Resolved,0.0,2025,June,2025-06,Very Fast,
TCK-001387,CUST-16327,Bandar Al-Otaibi,Social Media,Technical Support,High,Turki Al-Subaie,Jeddah,2024-07-21,2024-07-22,65,42.9,Resolved,5,0.0,Resolved,1.0,2024,July,2024-07,Moderate,
TCK-001388,CUST-86785,Maha Al-Shehri,WhatsApp,Complaint,High,Noura Al-Shammari,Jeddah,2025-11-02,2025-11-03,70,25.9,Resolved,3,3973.41,Resolved,1.0,2025,November,2025-11,Moderate,
TCK-001389,CUST-84105,Ahmed Al-Anazi,Email,General Inquiry,Low,Mohammed Al-Harbi,Jeddah,2024-10-13,,622,0.0,Open,0,0.0,Unresolved,,2024,October,2024-10,Slow,748.0
TCK-001390,CUST-60071,Nasser Al-Dossari,Branch,General Inquiry,High,Sara Al-Dossari,Unknown,2024-07-02,,88,0.0,Escalated,0,0.0,Unresolved,,2024,July,2024-07,Moderate,851.0
TCK-001391,CUST-30886,Faisal Al-Malki,WhatsApp,Technical Support,Medium,Turki Al-Subaie,Medina,2026-10-06,2026-10-09,283,87.0,Closed,4,0.0,Resolved,3.0,2026,October,2026-10,Slow,
TCK-001392,CUST-70958,Lama Al-Balawi,Phone,General Inquiry,High,Huda Al-Anazi,Jeddah,2026-10-26,2026-10-27,21,27.0,Closed,4,0.0,Resolved,1.0,2026,October,2026-10,Very Fast,
TCK-001393,CUST-83290,Fahad Al-Qahtani,Phone,General Inquiry,Low,Huda Al-Anazi,Riyadh,2026-08-16,,516,0.0,Open,0,0.0,Unresolved,,2026,August,2026-08,Slow,76.0
TCK-001394,CUST-78091,Noura Al-Ghamdi,Live Chat,Complaint,Medium,Ahmed Al-Qahtani,Jeddah,2026-04-28,,89,0.0,Pending,0,0.0,Unresolved,,2026,April,2026-04,Moderate,186.0
TCK-001395,CUST-15721,Fahad Al-Shehri,Live Chat,General Inquiry,Low,Abdullah Al-Zahrani,Jeddah,2024-11-24,,142,0.0,Escalated,0,0.0,Unresolved,,2024,November,2024-11,Moderate,706.0
TCK-001396,CUST-56900,Sara Al-Anazi,Phone,Billing,Medium,Fahad Al-Otaibi,Riyadh,2024-01-02,,163,0.0,Open,0,0.0,Unresolved,,2024,January,2024-01,Moderate,1033.0
TCK-001397,CUST-43674,Huda Al-Zahrani,WhatsApp,Refund Request,Medium,Yousef Al-Malki,Dammam,2025-05-05,2025-05-06,242,26.2,Resolved,5,0.0,Resolved,1.0,2025,May,2025-05,Slow,
TCK-001398,CUST-54046,Reem Al-Balawi,Email,Billing,Medium,Yousef Al-Malki,Riyadh,2024-01-26,,47,0.0,Pending,0,0.0,Unresolved,,2024,January,2024-01,Fast,1009.0
TCK-001399,CUST-67576,Abdullah Al-Mutairi,Phone,Complaint,Medium,Yousef Al-Malki,Jeddah,2024-11-24,2024-11-26,126,70.1,Resolved,5,0.0,Resolved,2.0,2024,November,2024-11,Moderate,
TCK-001400,CUST-68327,Yousef Al-Zahrani,Social Media,Account Management,Low,Reem Al-Mutairi,Buraidah,2026-05-31,,124,0.0,Pending,0,0.0,Unresolved,,2026,May,2026-05,Moderate,153.0
TCK-001401,CUST-30680,Khalid Al-Ghamdi,Email,Account Management,Medium,Mohammed Al-Harbi,Mecca,2025-12-03,2025-12-03,238,11.2,Closed,5,0.0,Resolved,0.0,2025,December,2025-12,Slow,
TCK-001402,CUST-76095,Reem Al-Subaie,Live Chat,Delivery Issue,High,Faisal Al-Shehri,Riyadh,2024-03-31,2024-03-31,14,11.1,Resolved,5,0.0,Resolved,0.0,2024,March,2024-03,Very Fast,
TCK-001403,CUST-46370,Khalid Al-Shehri,Email,General Inquiry,High,Turki Al-Subaie,Tabuk,2025-10-18,2025-10-18,34,19.4,Resolved,4,0.0,Resolved,0.0,2025,October,2025-10,Fast,
TCK-001404,CUST-19991,Lama Al-Zahrani,Email,General Inquiry,Medium,Ahmed Al-Qahtani,Jeddah,2025-06-19,,73,0.0,Open,0,0.0,Unresolved,,2025,June,2025-06,Moderate,499.0
TCK-001405,CUST-97277,Lama Al-Zahrani,Live Chat,Complaint,Low,Khalid Al-Ghamdi,Medina,2025-04-25,2025-05-04,469,232.1,Resolved,3,3096.9,Resolved,9.0,2025,April,2025-04,Slow,
TCK-001406,CUST-40463,Bandar Al-Harbi,Live Chat,Technical Support,High,Huda Al-Anazi,Hail,2025-06-11,,58,0.0,Open,0,0.0,Unresolved,,2025,June,2025-06,Fast,507.0
TCK-001407,CUST-97165,Lama Al-Anazi,Live Chat,Complaint,High,Yousef Al-Malki,Jeddah,2026-05-19,2026-05-20,13,34.7,Resolved,5,2248.44,Resolved,1.0,2026,May,2026-05,Very Fast,
TCK-001408,CUST-67787,Bandar Al-Ghamdi,Social Media,Technical Support,Medium,Mohammed Al-Harbi,Jeddah,2026-10-19,2026-10-23,88,102.3,Closed,4,0.0,Resolved,4.0,2026,October,2026-10,Moderate,
TCK-001409,CUST-77525,Mohammed Al-Anazi,Social Media,General Inquiry,Medium,Faisal Al-Shehri,Hail,2024-03-22,2024-03-26,123,117.1,Resolved,5,0.0,Resolved,4.0,2024,March,2024-03,Moderate,
TCK-001410,CUST-45499,Nasser Al-Malki,Phone,General Inquiry,Medium,Noura Al-Shammari,Riyadh,2026-07-06,,243,0.0,Pending,0,0.0,Unresolved,,2026,July,2026-07,Slow,117.0
TCK-001411,CUST-79542,Fahad Al-Mutairi,WhatsApp,Complaint,Medium,Reem Al-Mutairi,Jeddah,2025-10-16,,78,0.0,Pending,0,0.0,Unresolved,,2025,October,2025-10,Moderate,380.0
TCK-001412,CUST-99879,Aisha Al-Rashidi,Email,Technical Support,Low,Noura Al-Shammari,Riyadh,2024-11-10,2024-11-15,89,141.9,Resolved,5,0.0,Resolved,5.0,2024,November,2024-11,Moderate,
TCK-001413,CUST-31601,Lama Al-Dossari,Branch,Account Management,High,Maha Al-Balawi,Riyadh,2024-02-27,2024-02-28,57,33.8,Resolved,1,0.0,Resolved,1.0,2024,February,2024-02,Fast,
TCK-001414,CUST-31915,Aisha Al-Harbi,Phone,Account Management,Medium,Abdullah Al-Zahrani,Dammam,2026-07-29,2026-07-30,239,36.8,Resolved,3,0.0,Resolved,1.0,2026,July,2026-07,Slow,
TCK-001415,CUST-26874,Turki Al-Balawi,Phone,Technical Support,High,Mohammed Al-Harbi,Hail,2026-07-29,2026-07-30,49,43.1,Closed,5,0.0,Resolved,1.0,2026,July,2026-07,Fast,
TCK-001416,CUST-52431,Noura Al-Rashidi,Email,Refund Request,Critical,Mohammed Al-Harbi,Mecca,2024-05-15,2024-05-15,13,7.9,Resolved,2,0.0,Resolved,0.0,2024,May,2024-05,Very Fast,
TCK-001417,CUST-85944,Turki Al-Malki,Live Chat,Account Management,Medium,Khalid Al-Ghamdi,Riyadh,2025-04-06,,146,0.0,Escalated,0,0.0,Unresolved,,2025,April,2025-04,Moderate,573.0
TCK-001418,CUST-69498,Hessa Al-Malki,Phone,Account Management,High,Lama Al-Rashidi,Riyadh,2025-11-21,,56,0.0,Open,0,0.0,Unresolved,,2025,November,2025-11,Fast,344.0
TCK-001419,CUST-61009,Nasser Al-Rashidi,Email,General Inquiry,Medium,Reem Al-Mutairi,Medina,2026-09-14,2026-09-16,180,48.8,Resolved,2,0.0,Resolved,2.0,2026,September,2026-09,Moderate,
TCK-001420,CUST-49262,Maha Al-Qahtani,Email,General Inquiry,Medium,Sara Al-Dossari,Mecca,2024-08-22,2024-08-24,279,48.4,Resolved,5,0.0,Resolved,2.0,2024,August,2024-08,Slow,
TCK-001421,CUST-93377,Mohammed Al-Qahtani,Social Media,Account Management,Medium,Mohammed Al-Harbi,Riyadh,2025-08-26,,285,0.0,Open,0,0.0,Unresolved,,2025,August,2025-08,Slow,431.0
TCK-001422,CUST-43332,Aisha Al-Anazi,Phone,Account Management,Medium,Lama Al-Rashidi,Riyadh,2026-01-09,2026-01-12,159,83.1,Resolved,5,0.0,Resolved,3.0,2026,January,2026-01,Moderate,
TCK-001423,CUST-85415,Hessa Al-Ghamdi,Social Media,Unknown,Low,Reem Al-Mutairi,Jeddah,2024-02-08,,215,0.0,Escalated,0,0.0,Unresolved,,2024,February,2024-02,Slow,996.0
TCK-001424,CUST-53100,Noura Al-Qahtani,Email,Technical Support,High,Lama Al-Rashidi,Jeddah,2025-08-17,,53,0.0,Open,0,0.0,Unresolved,,2025,August,2025-08,Fast,440.0
TCK-001425,CUST-14807,Aisha Al-Balawi,Social Media,General Inquiry,High,Abdullah Al-Zahrani,Jeddah,2024-01-19,2024-01-20,51,46.4,Resolved,1,0.0,Resolved,1.0,2024,January,2024-01,Fast,
TCK-001426,CUST-98147,Mohammed Al-Subaie,Phone,General Inquiry,Medium,Mohammed Al-Harbi,Dammam,2025-07-27,,125,0.0,Open,0,0.0,Unresolved,,2025,July,2025-07,Moderate,461.0
TCK-001427,CUST-81089,Abdullah Al-Zahrani,Email,Complaint,Low,Mohammed Al-Harbi,Mecca,2025-04-23,2025-04-28,272,120.9,Resolved,1,2427.03,Resolved,5.0,2025,April,2025-04,Slow,
TCK-001428,CUST-27581,Khalid Al-Zahrani,WhatsApp,Complaint,High,Yousef Al-Malki,Jeddah,2026-05-28,2026-05-28,38,4.9,Closed,2,3074.66,Resolved,0.0,2026,May,2026-05,Fast,
TCK-001429,CUST-70028,Mohammed Al-Subaie,Branch,Complaint,Medium,Fahad Al-Otaibi,Riyadh,2024-07-31,2024-08-02,124,70.4,Resolved,4,0.0,Resolved,2.0,2024,July,2024-07,Moderate,
TCK-001430,CUST-59124,Fahad Al-Shammari,Social Media,Account Management,Low,Faisal Al-Shehri,Jeddah,2025-01-07,,544,0.0,Open,0,0.0,Unresolved,,2025,January,2025-01,Slow,662.0
TCK-001431,CUST-19441,Turki Al-Ghamdi,Live Chat,General Inquiry,Medium,Khalid Al-Ghamdi,Medina,2026-08-24,,42,0.0,Open,0,0.0,Unresolved,,2026,August,2026-08,Fast,68.0
TCK-001432,CUST-66487,Bandar Al-Rashidi,Phone,General Inquiry,Low,Mohammed Al-Harbi,Unknown,2025-07-11,2025-07-14,166,79.0,Resolved,1,0.0,Resolved,3.0,2025,July,2025-07,Moderate,
TCK-001433,CUST-82790,Reem Al-Harbi,WhatsApp,Complaint,Medium,Noura Al-Shammari,Hail,2025-02-14,2025-02-18,108,104.8,Resolved,4,1473.08,Resolved,4.0,2025,February,2025-02,Moderate,
TCK-001434,CUST-38764,Abdullah Al-Balawi,Phone,Technical Support,Medium,Huda Al-Anazi,Jeddah,2024-01-28,,84,0.0,Escalated,0,0.0,Unresolved,,2024,January,2024-01,Moderate,1007.0
TCK-001435,CUST-40746,Turki Al-Harbi,Live Chat,Billing,Low,Maha Al-Balawi,Riyadh,2025-06-28,2025-07-04,283,157.6,Resolved,4,0.0,Resolved,6.0,2025,June,2025-06,Slow,
TCK-001436,CUST-86712,Nasser Al-Balawi,Phone,Billing,High,Ahmed Al-Qahtani,Tabuk,2025-01-18,2025-01-18,19,8.7,Resolved,5,0.0,Resolved,0.0,2025,January,2025-01,Very Fast,
TCK-001437,CUST-28226,Faisal Al-Rashidi,Live Chat,Complaint,Medium,Sara Al-Dossari,Khobar,2024-05-15,,85,0.0,Escalated,0,0.0,Unresolved,,2024,May,2024-05,Moderate,899.0
TCK-001438,CUST-44095,Sara Al-Shehri,Phone,Complaint,High,Lama Al-Rashidi,Riyadh,2025-06-01,2025-06-01,85,17.6,Resolved,4,3920.83,Resolved,0.0,2025,June,2025-06,Moderate,
TCK-001439,CUST-62969,Khalid Al-Otaibi,Phone,Billing,Medium,Noura Al-Shammari,Riyadh,2025-03-02,2025-03-05,98,73.9,Closed,4,2241.68,Resolved,3.0,2025,March,2025-03,Moderate,
TCK-001440,CUST-78613,Yousef Al-Balawi,Email,Billing,Low,Ahmed Al-Qahtani,Unknown,2024-10-29,2024-10-30,417,24.4,Resolved,3,0.0,Resolved,1.0,2024,October,2024-10,Slow,
TCK-001441,CUST-41847,Abdullah Al-Harbi,Phone,Account Management,Medium,Yousef Al-Malki,Abha,2026-08-12,2026-08-16,32,103.2,Resolved,3,0.0,Resolved,4.0,2026,August,2026-08,Fast,
TCK-001442,CUST-32113,Reem Al-Otaibi,Email,Technical Support,Low,Huda Al-Anazi,Jeddah,2025-01-02,2025-01-09,60,169.1,Resolved,4,0.0,Resolved,7.0,2025,January,2025-01,Fast,
TCK-001443,CUST-37686,Aisha Al-Balawi,Email,Unknown,Medium,Reem Al-Mutairi,Dammam,2026-03-18,2026-03-21,243,78.9,Resolved,5,0.0,Resolved,3.0,2026,March,2026-03,Slow,
TCK-001444,CUST-87832,Mohammed Al-Shammari,Live Chat,Complaint,Low,Maha Al-Balawi,Buraidah,2025-05-08,2025-05-12,473,98.2,Closed,3,1634.91,Resolved,4.0,2025,May,2025-05,Slow,
TCK-001445,CUST-87697,Turki Al-Balawi,Social Media,Technical Support,Low,Fahad Al-Otaibi,Dammam,2025-05-22,2025-05-31,154,219.4,Resolved,4,0.0,Resolved,9.0,2025,May,2025-05,Moderate,
TCK-001446,CUST-95738,Sultan Al-Shehri,Phone,General Inquiry,High,Noura Al-Shammari,Abha,2026-07-30,2026-07-30,16,12.6,Closed,5,0.0,Resolved,0.0,2026,July,2026-07,Very Fast,
TCK-001447,CUST-80982,Hessa Al-Balawi,Phone,General Inquiry,High,Lama Al-Rashidi,Medina,2024-06-17,2024-06-18,27,24.3,Closed,5,0.0,Resolved,1.0,2024,June,2024-06,Very Fast,
TCK-001448,CUST-84597,Reem Al-Shehri,Email,Technical Support,Low,Sara Al-Dossari,Riyadh,2025-09-21,2025-09-23,143,49.0,Resolved,5,0.0,Resolved,2.0,2025,September,2025-09,Moderate,
TCK-001449,CUST-84999,Abdullah Al-Subaie,WhatsApp,Billing,High,Yousef Al-Malki,Jeddah,2024-02-16,2024-02-16,32,3.8,Resolved,3,0.0,Resolved,0.0,2024,February,2024-02,Fast,
TCK-001450,CUST-50099,Sultan Al-Otaibi,WhatsApp,Delivery Issue,Medium,Ahmed Al-Qahtani,Jeddah,2025-05-06,2025-05-08,128,60.6,Resolved,3,0.0,Resolved,2.0,2025,May,2025-05,Moderate,
TCK-001451,CUST-69452,Huda Al-Subaie,Phone,Refund Request,High,Yousef Al-Malki,Abha,2024-11-08,2024-11-09,69,38.7,Resolved,4,702.13,Resolved,1.0,2024,November,2024-11,Moderate,
TCK-001452,CUST-59798,Abdullah Al-Otaibi,Live Chat,Billing,Critical,Reem Al-Mutairi,Riyadh,2026-01-12,2026-01-12,13,8.6,Resolved,4,0.0,Resolved,0.0,2026,January,2026-01,Very Fast,
TCK-001453,CUST-76634,Dana Al-Harbi,WhatsApp,Billing,Medium,Mohammed Al-Harbi,Medina,2025-05-31,2025-06-03,15,80.5,Resolved,4,0.0,Resolved,3.0,2025,May,2025-05,Very Fast,
TCK-001454,CUST-64897,Hessa Al-Dossari,WhatsApp,Unknown,High,Sara Al-Dossari,Riyadh,2026-02-02,,58,0.0,Pending,0,0.0,Unresolved,,2026,February,2026-02,Fast,271.0
TCK-001455,CUST-97728,Yousef Al-Shehri,Live Chat,Technical Support,Medium,Yousef Al-Malki,Riyadh,2024-02-15,2024-02-16,203,40.0,Closed,4,0.0,Resolved,1.0,2024,February,2024-02,Slow,
TCK-001456,CUST-21701,Khalid Al-Shammari,WhatsApp,Account Management,High,Sara Al-Dossari,Jeddah,2025-12-07,2025-12-07,27,6.2,Closed,3,0.0,Resolved,0.0,2025,December,2025-12,Very Fast,
TCK-001457,CUST-85753,Reem Al-Shehri,Email,Technical Support,Critical,Noura Al-Shammari,Jeddah,2026-05-03,2026-05-03,13,7.8,Resolved,3,0.0,Resolved,0.0,2026,May,2026-05,Very Fast,
TCK-001458,CUST-93865,Abdullah Al-Dossari,Live Chat,Billing,Low,Sara Al-Dossari,Riyadh,2024-08-24,,43,0.0,Open,0,0.0,Unresolved,,2024,August,2024-08,Fast,798.0
TCK-001459,CUST-31526,Bandar Al-Mutairi,Email,Complaint,Low,Sara Al-Dossari,Mecca,2026-01-13,2026-01-16,373,88.7,Resolved,5,0.0,Resolved,3.0,2026,January,2026-01,Slow,
TCK-001460,CUST-73802,Faisal Al-Subaie,Email,General Inquiry,Medium,Abdullah Al-Zahrani,Dammam,2025-01-09,2025-01-11,250,62.4,Resolved,5,0.0,Resolved,2.0,2025,January,2025-01,Slow,
TCK-001461,CUST-68236,Reem Al-Anazi,Email,Billing,High,Noura Al-Shammari,Riyadh,2026-10-08,2026-10-09,47,35.3,Closed,5,0.0,Resolved,1.0,2026,October,2026-10,Fast,
TCK-001462,CUST-71482,Turki Al-Mutairi,Live Chat,Account Management,Medium,Noura Al-Shammari,Medina,2024-05-13,2024-05-14,284,46.5,Resolved,5,0.0,Resolved,1.0,2024,May,2024-05,Slow,
TCK-001463,CUST-77409,Reem Al-Dossari,Phone,Unknown,Critical,Fahad Al-Otaibi,Jeddah,2025-07-02,2025-07-02,16,5.5,Resolved,1,2616.49,Resolved,0.0,2025,July,2025-07,Very Fast,
TCK-001464,CUST-11959,Yousef Al-Mutairi,WhatsApp,Complaint,Low,Abdullah Al-Zahrani,Riyadh,2025-06-25,2025-06-26,222,27.5,Resolved,3,0.0,Resolved,1.0,2025,June,2025-06,Slow,
TCK-001465,CUST-54463,Bandar Al-Otaibi,Email,Billing,Critical,Huda Al-Anazi,Jeddah,2025-09-28,2025-09-28,30,1.8,Closed,2,0.0,Resolved,0.0,2025,September,2025-09,Very Fast,
TCK-001466,CUST-13355,Abdullah Al-Ghamdi,Phone,Refund Request,Low,Mohammed Al-Harbi,Riyadh,2024-06-25,,636,0.0,Pending,0,0.0,Unresolved,,2024,June,2024-06,Slow,858.0
TCK-001467,CUST-75079,Ahmed Al-Balawi,Branch,Refund Request,Medium,Abdullah Al-Zahrani,Riyadh,2026-06-01,2026-06-02,51,46.2,Resolved,1,0.0,Resolved,1.0,2026,June,2026-06,Fast,
TCK-001468,CUST-91395,Yousef Al-Ghamdi,Live Chat,General Inquiry,Critical,Fahad Al-Otaibi,Mecca,2026-04-26,2026-04-26,2,6.0,Resolved,5,0.0,Resolved,0.0,2026,April,2026-04,Very Fast,
TCK-001469,CUST-49794,Dana Al-Shammari,WhatsApp,General Inquiry,Low,Sara Al-Dossari,Abha,2026-03-23,2026-03-31,265,210.5,Resolved,4,0.0,Resolved,8.0,2026,March,2026-03,Slow,
TCK-001470,CUST-94595,Mohammed Al-Anazi,Email,Refund Request,High,Ahmed Al-Qahtani,Jeddah,2024-10-30,2024-10-31,30,32.7,Resolved,4,0.0,Resolved,1.0,2024,October,2024-10,Very Fast,
TCK-001471,CUST-34775,Sara Al-Otaibi,Social Media,Technical Support,High,Huda Al-Anazi,Mecca,2024-12-24,2024-12-24,10,10.8,Resolved,4,0.0,Resolved,0.0,2024,December,2024-12,Very Fast,
TCK-001472,CUST-83373,Bandar Al-Zahrani,Phone,Refund Request,Medium,Huda Al-Anazi,Hail,2024-11-21,2024-11-25,58,118.5,Resolved,4,0.0,Resolved,4.0,2024,November,2024-11,Fast,
TCK-001473,CUST-38080,Aisha Al-Shammari,Email,Unknown,Medium,Maha Al-Balawi,Riyadh,2024-04-23,2024-04-24,73,43.8,Resolved,2,0.0,Resolved,1.0,2024,April,2024-04,Moderate,
TCK-001474,CUST-15300,Noura Al-Mutairi,WhatsApp,Technical Support,Medium,Yousef Al-Malki,Riyadh,2024-12-26,,226,0.0,Pending,0,0.0,Unresolved,,2024,December,2024-12,Slow,674.0
TCK-001475,CUST-39314,Abdullah Al-Anazi,Unknown,Complaint,Low,Yousef Al-Malki,Khobar,2024-07-19,2024-07-28,430,235.6,Closed,5,0.0,Resolved,9.0,2024,July,2024-07,Slow,
TCK-001476,CUST-12456,Aisha Al-Ghamdi,WhatsApp,Account Management,Medium,Sara Al-Dossari,Riyadh,2024-11-26,,29,0.0,Escalated,0,0.0,Unresolved,,2024,November,2024-11,Very Fast,704.0
TCK-001477,CUST-36337,Hessa Al-Shehri,Live Chat,Technical Support,Medium,Sara Al-Dossari,Mecca,2026-07-23,,292,0.0,Open,0,0.0,Unresolved,,2026,July,2026-07,Slow,100.0
TCK-001478,CUST-22988,Faisal Al-Zahrani,Live Chat,Technical Support,Low,Khalid Al-Ghamdi,Jeddah,2024-06-07,2024-06-14,189,174.8,Resolved,4,0.0,Resolved,7.0,2024,June,2024-06,Slow,
TCK-001479,CUST-91856,Mohammed Al-Subaie,Email,General Inquiry,High,Turki Al-Subaie,Jeddah,2024-02-05,2024-02-06,61,24.5,Resolved,3,0.0,Resolved,1.0,2024,February,2024-02,Moderate,
TCK-001480,CUST-45380,Lama Al-Dossari,WhatsApp,General Inquiry,Medium,Faisal Al-Shehri,Dammam,2026-02-26,2026-02-26,101,23.7,Resolved,3,0.0,Resolved,0.0,2026,February,2026-02,Moderate,
TCK-001481,CUST-62980,Bandar Al-Shammari,Email,General Inquiry,High,Reem Al-Mutairi,Riyadh,2026-06-04,2026-06-05,64,39.9,Resolved,2,0.0,Resolved,1.0,2026,June,2026-06,Moderate,
TCK-001482,CUST-94472,Fahad Al-Shehri,WhatsApp,Technical Support,Low,Fahad Al-Otaibi,Riyadh,2024-06-28,,240,0.0,Open,0,0.0,Unresolved,,2024,June,2024-06,Slow,855.0
TCK-001483,CUST-71964,Maha Al-Anazi,Phone,Billing,Low,Huda Al-Anazi,Jeddah,2026-03-24,2026-03-25,284,33.1,Resolved,2,542.19,Resolved,1.0,2026,March,2026-03,Slow,
TCK-001484,CUST-17630,Yousef Al-Shehri,Phone,General Inquiry,High,Reem Al-Mutairi,Riyadh,2026-10-03,2026-10-04,6,41.8,Resolved,5,0.0,Resolved,1.0,2026,October,2026-10,Very Fast,
TCK-001485,CUST-31003,Yousef Al-Harbi,Live Chat,Delivery Issue,Medium,Yousef Al-Malki,Khobar,2026-06-17,2026-06-20,131,87.3,Resolved,4,3150.68,Resolved,3.0,2026,June,2026-06,Moderate,
TCK-001486,CUST-71245,Hessa Al-Otaibi,WhatsApp,Complaint,Low,Yousef Al-Malki,Riyadh,2024-04-01,2024-04-10,228,237.4,Closed,5,0.0,Resolved,9.0,2024,April,2024-04,Slow,
TCK-001487,CUST-10697,Sultan Al-Mutairi,WhatsApp,Technical Support,Medium,Huda Al-Anazi,Jeddah,2025-10-31,2025-11-02,186,71.0,Closed,4,0.0,Resolved,2.0,2025,October,2025-10,Slow,
TCK-001488,CUST-74126,Faisal Al-Harbi,Live Chat,Delivery Issue,Medium,Yousef Al-Malki,Hail,2026-01-11,,217,0.0,Open,0,0.0,Unresolved,,2026,January,2026-01,Slow,293.0
TCK-001489,CUST-54755,Sara Al-Otaibi,Social Media,Billing,High,Maha Al-Balawi,Jeddah,2026-10-22,2026-10-22,59,23.5,Resolved,3,0.0,Resolved,0.0,2026,October,2026-10,Fast,
TCK-001490,CUST-29058,Aisha Al-Mutairi,WhatsApp,Complaint,Medium,Khalid Al-Ghamdi,Unknown,2025-02-19,2025-02-21,45,53.5,Closed,1,0.0,Resolved,2.0,2025,February,2025-02,Fast,
TCK-001491,CUST-57224,Sultan Al-Ghamdi,Live Chat,Billing,Medium,Reem Al-Mutairi,Mecca,2025-03-13,2025-03-17,94,119.4,Resolved,2,0.0,Resolved,4.0,2025,March,2025-03,Moderate,
TCK-001492,CUST-83311,Reem Al-Qahtani,Social Media,Technical Support,High,Reem Al-Mutairi,Riyadh,2026-01-06,2026-01-06,20,22.1,Closed,3,0.0,Resolved,0.0,2026,January,2026-01,Very Fast,
TCK-001493,CUST-24521,Fahad Al-Anazi,Phone,Refund Request,Low,Maha Al-Balawi,Khobar,2025-09-23,,583,0.0,Escalated,0,0.0,Unresolved,,2025,September,2025-09,Slow,403.0
TCK-001494,CUST-77898,Aisha Al-Ghamdi,Phone,Technical Support,High,Sara Al-Dossari,Jeddah,2025-11-18,2025-11-18,17,18.0,Closed,3,0.0,Resolved,0.0,2025,November,2025-11,Very Fast,
TCK-001495,CUST-76566,Bandar Al-Mutairi,Email,Account Management,Critical,Huda Al-Anazi,Riyadh,2024-01-18,2024-01-18,14,9.5,Resolved,5,0.0,Resolved,0.0,2024,January,2024-01,Very Fast,
TCK-001496,CUST-69812,Turki Al-Zahrani,WhatsApp,Billing,Low,Fahad Al-Otaibi,Tabuk,2026-08-03,,198,0.0,Open,0,0.0,Unresolved,,2026,August,2026-08,Slow,89.0
TCK-001497,CUST-44437,Khalid Al-Dossari,Branch,General Inquiry,High,Fahad Al-Otaibi,Medina,2025-08-31,2025-08-31,74,19.5,Resolved,4,0.0,Resolved,0.0,2025,August,2025-08,Moderate,
TCK-001498,CUST-17747,Mohammed Al-Shehri,Branch,Billing,Low,Mohammed Al-Harbi,Khobar,2024-02-21,2024-02-21,329,17.9,Closed,5,0.0,Resolved,0.0,2024,February,2024-02,Slow,
TCK-001499,CUST-69018,Sara Al-Anazi,Email,Technical Support,Low,Noura Al-Shammari,Riyadh,2024-06-02,2024-06-08,435,144.4,Resolved,5,0.0,Resolved,6.0,2024,June,2024-06,Slow,
TCK-001500,CUST-40011,Maha Al-Mutairi,Branch,Billing,Medium,Reem Al-Mutairi,Riyadh,2026-01-05,2026-01-09,19,112.9,Resolved,5,75.04,Resolved,4.0,2026,January,2026-01,Very Fast,
TCK-001501,CUST-79659,Dana Al-Mutairi,WhatsApp,Technical Support,Medium,Mohammed Al-Harbi,Medina,2025-05-08,2025-05-11,231,95.3,Resolved,4,0.0,Resolved,3.0,2025,May,2025-05,Slow,
TCK-001502,CUST-69505,Turki Al-Shammari,WhatsApp,General Inquiry,Medium,Reem Al-Mutairi,Jeddah,2026-03-10,2026-03-11,146,44.2,Resolved,5,0.0,Resolved,1.0,2026,March,2026-03,Moderate,
TCK-001503,CUST-70569,Khalid Al-Malki,Live Chat,General Inquiry,Critical,Yousef Al-Malki,Mecca,2026-07-10,2026-07-10,14,4.6,Closed,5,0.0,Resolved,0.0,2026,July,2026-07,Very Fast,
TCK-001504,CUST-38688,Nasser Al-Shammari,WhatsApp,Technical Support,High,Fahad Al-Otaibi,Abha,2026-04-27,2026-04-27,53,12.9,Resolved,1,0.0,Resolved,0.0,2026,April,2026-04,Fast,
TCK-001505,CUST-93390,Fahad Al-Shehri,Email,Technical Support,Critical,Mohammed Al-Harbi,Khobar,2026-06-16,2026-06-16,4,4.4,Resolved,3,0.0,Resolved,0.0,2026,June,2026-06,Very Fast,
TCK-001506,CUST-74253,Turki Al-Zahrani,Social Media,Billing,Medium,Fahad Al-Otaibi,Riyadh,2024-07-29,,30,0.0,Pending,0,0.0,Unresolved,,2024,July,2024-07,Very Fast,824.0
TCK-001507,CUST-60705,Fahad Al-Shehri,Live Chat,Unknown,Medium,Mohammed Al-Harbi,Riyadh,2026-05-28,2026-05-30,207,66.9,Resolved,2,0.0,Resolved,2.0,2026,May,2026-05,Slow,
TCK-001508,CUST-56282,Lama Al-Dossari,WhatsApp,Technical Support,Low,Noura Al-Shammari,Medina,2024-11-09,2024-11-18,379,224.5,Resolved,5,0.0,Resolved,9.0,2024,November,2024-11,Slow,
TCK-001509,CUST-25947,Bandar Al-Zahrani,Live Chat,Billing,Low,Yousef Al-Malki,Tabuk,2024-11-26,2024-12-05,88,238.1,Resolved,5,0.0,Resolved,9.0,2024,November,2024-11,Moderate,
TCK-001510,CUST-73863,Nasser Al-Zahrani,WhatsApp,General Inquiry,High,Mohammed Al-Harbi,Jeddah,2026-02-11,2026-02-12,61,42.5,Resolved,5,0.0,Resolved,1.0,2026,February,2026-02,Moderate,
TCK-001511,CUST-40777,Bandar Al-Qahtani,WhatsApp,Account Management,Low,Faisal Al-Shehri,Riyadh,2024-01-12,2024-01-18,615,148.2,Resolved,1,0.0,Resolved,6.0,2024,January,2024-01,Slow,
TCK-001512,CUST-46992,Bandar Al-Dossari,Email,Complaint,Low,Fahad Al-Otaibi,Buraidah,2026-10-16,2026-10-16,445,11.7,Resolved,3,0.0,Resolved,0.0,2026,October,2026-10,Slow,
TCK-001513,CUST-92771,Maha Al-Ghamdi,Phone,Refund Request,Low,Faisal Al-Shehri,Tabuk,2026-04-19,2026-04-23,275,98.0,Closed,4,0.0,Resolved,4.0,2026,April,2026-04,Slow,
TCK-001514,CUST-24061,Aisha Al-Anazi,Email,Billing,Medium,Abdullah Al-Zahrani,Tabuk,2025-02-01,2025-02-01,99,5.1,Resolved,5,0.0,Resolved,0.0,2025,February,2025-02,Moderate,
TCK-001515,CUST-13248,Lama Al-Subaie,Email,General Inquiry,High,Lama Al-Rashidi,Dammam,2025-04-29,2025-04-30,14,31.6,Resolved,4,0.0,Resolved,1.0,2025,April,2025-04,Very Fast,
TCK-001516,CUST-30849,Reem Al-Mutairi,Phone,Billing,High,Huda Al-Anazi,Riyadh,2025-12-28,2025-12-28,51,3.5,Resolved,4,4460.83,Resolved,0.0,2025,December,2025-12,Fast,
TCK-001517,CUST-52795,Huda Al-Malki,WhatsApp,Refund Request,Critical,Faisal Al-Shehri,Medina,2025-04-18,2025-04-18,15,7.1,Resolved,5,2799.08,Resolved,0.0,2025,April,2025-04,Very Fast,
TCK-001518,CUST-81057,Fahad Al-Shehri,Email,Refund Request,Low,Fahad Al-Otaibi,Khobar,2025-08-19,2025-08-20,551,33.1,Closed,2,0.0,Resolved,1.0,2025,August,2025-08,Slow,
TCK-001519,CUST-36485,Hessa Al-Dossari,Live Chat,Complaint,Low,Mohammed Al-Harbi,Riyadh,2024-08-22,,319,0.0,Pending,0,0.0,Unresolved,,2024,August,2024-08,Slow,800.0
TCK-001520,CUST-65344,Sara Al-Zahrani,Live Chat,Technical Support,Medium,Fahad Al-Otaibi,Riyadh,2026-02-22,2026-02-23,156,28.5,Resolved,5,0.0,Resolved,1.0,2026,February,2026-02,Moderate,
TCK-001521,CUST-10302,Turki Al-Dossari,Social Media,Account Management,Medium,Abdullah Al-Zahrani,Riyadh,2025-04-16,2025-04-20,163,103.4,Closed,4,0.0,Resolved,4.0,2025,April,2025-04,Moderate,
TCK-001522,CUST-15877,Sultan Al-Zahrani,WhatsApp,Technical Support,Low,Sara Al-Dossari,Riyadh,2026-06-28,2026-06-30,704,56.4,Closed,4,0.0,Resolved,2.0,2026,June,2026-06,Slow,
TCK-001523,CUST-11584,Bandar Al-Shammari,Email,Billing,Medium,Noura Al-Shammari,Khobar,2025-03-25,,270,0.0,Pending,0,0.0,Unresolved,,2025,March,2025-03,Slow,585.0
TCK-001524,CUST-86514,Khalid Al-Harbi,Branch,Technical Support,Medium,Fahad Al-Otaibi,Khobar,2025-10-04,2025-10-07,129,91.7,Closed,3,0.0,Resolved,3.0,2025,October,2025-10,Moderate,
TCK-001525,CUST-98638,Abdullah Al-Zahrani,Phone,Billing,Medium,Yousef Al-Malki,Buraidah,2024-03-28,,195,0.0,Open,0,0.0,Unresolved,,2024,March,2024-03,Slow,947.0
TCK-001526,CUST-57243,Ahmed Al-Dossari,Live Chat,General Inquiry,High,Abdullah Al-Zahrani,Riyadh,2024-06-29,2024-06-29,11,15.3,Resolved,5,0.0,Resolved,0.0,2024,June,2024-06,Very Fast,
TCK-001527,CUST-34658,Hessa Al-Mutairi,Social Media,Billing,Medium,Faisal Al-Shehri,Dammam,2024-07-21,2024-07-22,108,37.0,Closed,2,0.0,Resolved,1.0,2024,July,2024-07,Moderate,
TCK-001528,CUST-70211,Bandar Al-Otaibi,Phone,Technical Support,Critical,Huda Al-Anazi,Riyadh,2025-06-07,,15,0.0,Open,0,0.0,Unresolved,,2025,June,2025-06,Very Fast,511.0
TCK-001529,CUST-29286,Huda Al-Shammari,Phone,General Inquiry,High,Maha Al-Balawi,Riyadh,2024-11-23,2024-11-23,57,14.8,Resolved,4,0.0,Resolved,0.0,2024,November,2024-11,Fast,
TCK-001530,CUST-99186,Maha Al-Anazi,Phone,Complaint,High,Turki Al-Subaie,Riyadh,2025-06-27,,68,0.0,Escalated,0,0.0,Unresolved,,2025,June,2025-06,Moderate,491.0
TCK-001531,CUST-63471,Lama Al-Shehri,Live Chat,Refund Request,Low,Yousef Al-Malki,Mecca,2024-03-16,2024-03-23,661,173.0,Closed,4,0.0,Resolved,7.0,2024,March,2024-03,Slow,
TCK-001532,CUST-60860,Reem Al-Mutairi,Phone,Billing,Low,Faisal Al-Shehri,Medina,2025-08-16,,709,0.0,Escalated,0,0.0,Unresolved,,2025,August,2025-08,Slow,441.0
TCK-001533,CUST-40802,Bandar Al-Qahtani,Live Chat,Technical Support,Medium,Ahmed Al-Qahtani,Riyadh,2025-08-28,2025-08-30,48,58.8,Resolved,5,0.0,Resolved,2.0,2025,August,2025-08,Fast,
TCK-001534,CUST-24697,Hessa Al-Zahrani,Unknown,Account Management,Low,Faisal Al-Shehri,Dammam,2025-10-06,2025-10-09,474,81.6,Resolved,5,0.0,Resolved,3.0,2025,October,2025-10,Slow,
TCK-001535,CUST-73678,Mohammed Al-Mutairi,Email,Technical Support,Low,Faisal Al-Shehri,Dammam,2024-07-31,2024-08-08,617,197.7,Resolved,4,0.0,Resolved,8.0,2024,July,2024-07,Slow,
TCK-001536,CUST-12529,Mohammed Al-Ghamdi,Live Chat,Refund Request,Medium,Abdullah Al-Zahrani,Riyadh,2025-03-28,,278,0.0,Escalated,0,0.0,Unresolved,,2025,March,2025-03,Slow,582.0
TCK-001537,CUST-99273,Dana Al-Malki,WhatsApp,Delivery Issue,Medium,Huda Al-Anazi,Unknown,2025-04-18,2025-04-19,231,45.3,Closed,3,653.57,Resolved,1.0,2025,April,2025-04,Slow,
TCK-001538,CUST-92819,Reem Al-Zahrani,Live Chat,General Inquiry,Medium,Lama Al-Rashidi,Riyadh,2026-03-16,2026-03-20,87,117.7,Closed,5,0.0,Resolved,4.0,2026,March,2026-03,Moderate,
TCK-001539,CUST-97025,Yousef Al-Mutairi,Branch,Account Management,High,Mohammed Al-Harbi,Khobar,2026-03-22,,63,0.0,Pending,0,0.0,Unresolved,,2026,March,2026-03,Moderate,223.0
TCK-001540,CUST-61372,Mohammed Al-Dossari,Email,Account Management,Medium,Turki Al-Subaie,Jeddah,2025-04-22,,40,0.0,Pending,0,0.0,Unresolved,,2025,April,2025-04,Fast,557.0
TCK-001541,CUST-15294,Reem Al-Ghamdi,Phone,Delivery Issue,Low,Maha Al-Balawi,Mecca,2024-01-18,2024-01-26,112,206.3,Closed,4,0.0,Resolved,8.0,2024,January,2024-01,Moderate,
TCK-001542,CUST-98114,Mohammed Al-Anazi,WhatsApp,Unknown,Low,Abdullah Al-Zahrani,Buraidah,2026-02-11,,685,0.0,Pending,0,0.0,Unresolved,,2026,February,2026-02,Slow,262.0
TCK-001543,CUST-49249,Sara Al-Otaibi,Email,Billing,High,Ahmed Al-Qahtani,Riyadh,2026-02-23,2026-02-23,63,20.9,Resolved,2,0.0,Resolved,0.0,2026,February,2026-02,Moderate,
TCK-001544,CUST-82015,Lama Al-Balawi,Phone,Account Management,Medium,Abdullah Al-Zahrani,Dammam,2026-09-26,,153,0.0,Pending,0,0.0,Unresolved,,2026,September,2026-09,Moderate,35.0
TCK-001545,CUST-21499,Dana Al-Mutairi,Phone,Delivery Issue,Low,Abdullah Al-Zahrani,Hail,2026-01-01,2026-01-08,442,171.5,Closed,4,0.0,Resolved,7.0,2026,January,2026-01,Slow,
TCK-001546,CUST-83555,Abdullah Al-Zahrani,Phone,Refund Request,Medium,Abdullah Al-Zahrani,Riyadh,2024-05-16,,24,0.0,Pending,0,0.0,Unresolved,,2024,May,2024-05,Very Fast,898.0
TCK-001547,CUST-20857,Khalid Al-Ghamdi,Social Media,Billing,Medium,Fahad Al-Otaibi,Medina,2026-10-01,2026-10-01,156,5.6,Resolved,2,3111.14,Resolved,0.0,2026,October,2026-10,Moderate,
TCK-001548,CUST-96042,Sara Al-Otaibi,Phone,Billing,Low,Noura Al-Shammari,Jeddah,2026-10-31,,333,0.0,Pending,0,0.0,Unresolved,,2026,October,2026-10,Slow,0.0
TCK-001549,CUST-23650,Sara Al-Subaie,Unknown,Complaint,Medium,Fahad Al-Otaibi,Dammam,2026-01-13,2026-01-13,284,4.4,Closed,4,0.0,Resolved,0.0,2026,January,2026-01,Slow,
TCK-001550,CUST-33566,Ahmed Al-Dossari,Live Chat,Complaint,Medium,Noura Al-Shammari,Jeddah,2026-08-30,2026-08-31,202,37.6,Resolved,2,0.0,Resolved,1.0,2026,August,2026-08,Slow,
TCK-001551,CUST-84741,Ahmed Al-Subaie,Phone,Billing,Medium,Mohammed Al-Harbi,Mecca,2025-12-23,2025-12-25,157,68.4,Closed,4,0.0,Resolved,2.0,2025,December,2025-12,Moderate,
TCK-001552,CUST-22097,Mohammed Al-Otaibi,Email,General Inquiry,Low,Lama Al-Rashidi,Unknown,2024-04-25,,675,0.0,Open,0,0.0,Unresolved,,2024,April,2024-04,Slow,919.0
TCK-001553,CUST-21894,Turki Al-Anazi,Live Chat,General Inquiry,High,Fahad Al-Otaibi,Riyadh,2025-10-04,2025-10-04,78,15.9,Closed,2,0.0,Resolved,0.0,2025,October,2025-10,Moderate,
TCK-001554,CUST-55822,Dana Al-Shehri,WhatsApp,Billing,Low,Maha Al-Balawi,Unknown,2024-05-06,2024-05-08,48,55.7,Resolved,5,1294.82,Resolved,2.0,2024,May,2024-05,Fast,
TCK-001555,CUST-73216,Lama Al-Harbi,WhatsApp,Complaint,Low,Lama Al-Rashidi,Riyadh,2024-03-19,2024-03-21,570,62.3,Resolved,5,1912.45,Resolved,2.0,2024,March,2024-03,Slow,
TCK-001556,CUST-94287,Abdullah Al-Ghamdi,Live Chat,Refund Request,Medium,Turki Al-Subaie,Riyadh,2026-06-28,,30,0.0,Pending,0,0.0,Unresolved,,2026,June,2026-06,Very Fast,125.0
TCK-001557,CUST-99475,Nasser Al-Dossari,Unknown,Technical Support,Medium,Turki Al-Subaie,Jeddah,2026-05-23,2026-05-23,211,15.8,Resolved,5,0.0,Resolved,0.0,2026,May,2026-05,Slow,
TCK-001558,CUST-50610,Fahad Al-Qahtani,Live Chat,Technical Support,Medium,Faisal Al-Shehri,Buraidah,2024-03-25,,273,0.0,Escalated,0,0.0,Unresolved,,2024,March,2024-03,Slow,950.0
TCK-001559,CUST-39175,Turki Al-Zahrani,Live Chat,Billing,Low,Abdullah Al-Zahrani,Jeddah,2024-04-23,2024-04-29,69,148.2,Resolved,2,0.0,Resolved,6.0,2024,April,2024-04,Moderate,
TCK-001560,CUST-84375,Sultan Al-Shehri,Live Chat,Refund Request,Medium,Yousef Al-Malki,Khobar,2026-07-26,2026-07-27,40,30.7,Resolved,3,0.0,Resolved,1.0,2026,July,2026-07,Fast,
TCK-001561,CUST-84537,Ahmed Al-Subaie,WhatsApp,Billing,Medium,Faisal Al-Shehri,Riyadh,2024-01-19,2024-01-22,260,74.4,Closed,4,0.0,Resolved,3.0,2024,January,2024-01,Slow,
TCK-001562,CUST-66155,Khalid Al-Shammari,Live Chat,Account Management,Low,Ahmed Al-Qahtani,Tabuk,2026-08-06,2026-08-15,392,230.6,Resolved,4,0.0,Resolved,9.0,2026,August,2026-08,Slow,
TCK-001563,CUST-79178,Nasser Al-Qahtani,Live Chat,Account Management,Medium,Huda Al-Anazi,Riyadh,2024-07-03,,55,0.0,Pending,0,0.0,Unresolved,,2024,July,2024-07,Fast,850.0
TCK-001564,CUST-11627,Khalid Al-Balawi,Email,Technical Support,Low,Reem Al-Mutairi,Riyadh,2026-05-11,2026-05-15,149,101.2,Closed,5,0.0,Resolved,4.0,2026,May,2026-05,Moderate,
TCK-001565,CUST-47715,Turki Al-Zahrani,WhatsApp,Technical Support,Low,Faisal Al-Shehri,Mecca,2025-06-23,2025-06-25,563,48.0,Closed,1,0.0,Resolved,2.0,2025,June,2025-06,Slow,
TCK-001566,CUST-63414,Faisal Al-Ghamdi,Email,Complaint,Critical,Abdullah Al-Zahrani,Khobar,2025-04-03,2025-04-03,10,5.8,Closed,4,593.51,Resolved,0.0,2025,April,2025-04,Very Fast,
TCK-001567,CUST-11254,Abdullah Al-Shehri,Social Media,General Inquiry,Low,Yousef Al-Malki,Riyadh,2025-03-24,2025-03-27,386,84.9,Closed,4,0.0,Resolved,3.0,2025,March,2025-03,Slow,
TCK-001568,CUST-12731,Noura Al-Otaibi,Live Chat,Refund Request,High,Abdullah Al-Zahrani,Riyadh,2025-08-25,,68,0.0,Pending,0,0.0,Unresolved,,2025,August,2025-08,Moderate,432.0
TCK-001569,CUST-77872,Noura Al-Shammari,Email,Technical Support,Low,Maha Al-Balawi,Jeddah,2026-08-24,2026-09-02,67,218.2,Closed,3,0.0,Resolved,9.0,2026,August,2026-08,Moderate,
TCK-001570,CUST-53574,Faisal Al-Balawi,WhatsApp,Billing,High,Mohammed Al-Harbi,Jeddah,2026-08-06,2026-08-07,31,39.6,Closed,3,0.0,Resolved,1.0,2026,August,2026-08,Fast,
TCK-001571,CUST-66603,Lama Al-Subaie,Phone,Technical Support,Medium,Yousef Al-Malki,Dammam,2026-02-16,2026-02-17,243,40.3,Resolved,2,0.0,Resolved,1.0,2026,February,2026-02,Slow,
TCK-001572,CUST-21031,Yousef Al-Ghamdi,Branch,Complaint,Medium,Reem Al-Mutairi,Tabuk,2025-11-09,2025-11-09,220,9.6,Resolved,5,0.0,Resolved,0.0,2025,November,2025-11,Slow,
TCK-001573,CUST-15050,Maha Al-Shehri,WhatsApp,Delivery Issue,Low,Mohammed Al-Harbi,Dammam,2025-01-01,,661,0.0,Pending,0,0.0,Unresolved,,2025,January,2025-01,Slow,668.0
TCK-001574,CUST-63325,Bandar Al-Otaibi,Phone,Billing,High,Fahad Al-Otaibi,Dammam,2024-10-18,2024-10-18,64,15.2,Closed,2,0.0,Resolved,0.0,2024,October,2024-10,Moderate,
TCK-001575,CUST-90226,Fahad Al-Dossari,Phone,Account Management,Critical,Abdullah Al-Zahrani,Abha,2024-11-22,2024-11-22,27,2.5,Closed,5,0.0,Resolved,0.0,2024,November,2024-11,Very Fast,
TCK-001576,CUST-91051,Fahad Al-Ghamdi,Live Chat,Account Management,High,Abdullah Al-Zahrani,Riyadh,2024-10-25,2024-10-25,26,23.8,Resolved,5,0.0,Resolved,0.0,2024,October,2024-10,Very Fast,
TCK-001577,CUST-90305,Abdullah Al-Mutairi,WhatsApp,General Inquiry,Low,Maha Al-Balawi,Khobar,2026-03-01,2026-03-03,576,50.9,Resolved,1,0.0,Resolved,2.0,2026,March,2026-03,Slow,
TCK-001578,CUST-64287,Abdullah Al-Harbi,Email,Account Management,Medium,Sara Al-Dossari,Jeddah,2026-02-21,2026-02-23,182,66.4,Resolved,3,0.0,Resolved,2.0,2026,February,2026-02,Slow,
TCK-001579,CUST-64337,Dana Al-Ghamdi,Phone,Billing,Medium,Abdullah Al-Zahrani,Hail,2024-09-26,,53,0.0,Escalated,0,0.0,Unresolved,,2024,September,2024-09,Fast,765.0
TCK-001580,CUST-73959,Turki Al-Balawi,WhatsApp,Refund Request,Low,Ahmed Al-Qahtani,Jeddah,2025-09-08,2025-09-08,681,23.3,Resolved,3,0.0,Resolved,0.0,2025,September,2025-09,Slow,
TCK-001581,CUST-60943,Mohammed Al-Anazi,Email,Complaint,Medium,Lama Al-Rashidi,Riyadh,2024-09-17,2024-09-21,110,110.5,Closed,2,0.0,Resolved,4.0,2024,September,2024-09,Moderate,
TCK-001582,CUST-83062,Nasser Al-Shehri,Phone,Technical Support,Medium,Yousef Al-Malki,Riyadh,2024-12-06,2024-12-09,163,83.7,Resolved,5,0.0,Resolved,3.0,2024,December,2024-12,Moderate,
TCK-001583,CUST-16095,Sara Al-Rashidi,Phone,Account Management,Medium,Reem Al-Mutairi,Hail,2024-07-04,2024-07-05,59,47.8,Resolved,5,0.0,Resolved,1.0,2024,July,2024-07,Fast,
TCK-001584,CUST-86309,Lama Al-Qahtani,Social Media,General Inquiry,Medium,Yousef Al-Malki,Dammam,2024-10-14,2024-10-18,30,104.3,Resolved,4,0.0,Resolved,4.0,2024,October,2024-10,Very Fast,
TCK-001585,CUST-53963,Faisal Al-Anazi,WhatsApp,General Inquiry,Medium,Turki Al-Subaie,Medina,2025-02-18,,233,0.0,Escalated,0,0.0,Unresolved,,2025,February,2025-02,Slow,620.0
TCK-001586,CUST-35616,Lama Al-Mutairi,Social Media,Technical Support,Medium,Sara Al-Dossari,Khobar,2025-09-19,2025-09-21,294,61.4,Closed,1,0.0,Resolved,2.0,2025,September,2025-09,Slow,
TCK-001587,CUST-61955,Bandar Al-Anazi,Email,Complaint,Medium,Sara Al-Dossari,Riyadh,2024-11-08,2024-11-09,106,24.4,Resolved,3,0.0,Resolved,1.0,2024,November,2024-11,Moderate,
TCK-001588,CUST-23401,Huda Al-Ghamdi,Social Media,Account Management,Medium,Abdullah Al-Zahrani,Dammam,2026-09-15,2026-09-19,241,117.3,Closed,2,0.0,Resolved,4.0,2026,September,2026-09,Slow,
TCK-001589,CUST-96512,Nasser Al-Harbi,Phone,Technical Support,Low,Turki Al-Subaie,Medina,2024-04-23,2024-04-25,503,65.1,Resolved,4,0.0,Resolved,2.0,2024,April,2024-04,Slow,
TCK-001590,CUST-59298,Sultan Al-Zahrani,Branch,Complaint,Low,Ahmed Al-Qahtani,Medina,2025-12-06,,459,0.0,Open,0,0.0,Unresolved,,2025,December,2025-12,Slow,329.0
TCK-001591,CUST-78087,Hessa Al-Zahrani,Email,Billing,Medium,Huda Al-Anazi,Jeddah,2026-09-25,2026-09-26,225,31.2,Resolved,3,0.0,Resolved,1.0,2026,September,2026-09,Slow,
TCK-001592,CUST-34478,Huda Al-Qahtani,Email,Technical Support,Medium,Lama Al-Rashidi,Riyadh,2026-03-03,2026-03-05,170,52.8,Resolved,3,0.0,Resolved,2.0,2026,March,2026-03,Moderate,
TCK-001593,CUST-27851,Sara Al-Qahtani,Phone,Account Management,High,Yousef Al-Malki,Jeddah,2024-04-10,2024-04-11,47,28.7,Closed,3,0.0,Resolved,1.0,2024,April,2024-04,Fast,
TCK-001594,CUST-63607,Ahmed Al-Subaie,Phone,Delivery Issue,High,Lama Al-Rashidi,Jeddah,2024-04-13,2024-04-13,33,12.6,Resolved,5,0.0,Resolved,0.0,2024,April,2024-04,Fast,
TCK-001595,CUST-61808,Lama Al-Shammari,Live Chat,Billing,High,Mohammed Al-Harbi,Mecca,2026-05-09,2026-05-10,21,36.1,Closed,3,0.0,Resolved,1.0,2026,May,2026-05,Very Fast,
TCK-001596,CUST-76772,Fahad Al-Malki,Phone,Technical Support,Critical,Sara Al-Dossari,Dammam,2025-05-10,2025-05-10,13,1.6,Resolved,4,0.0,Resolved,0.0,2025,May,2025-05,Very Fast,
TCK-001597,CUST-88037,Lama Al-Shehri,WhatsApp,Billing,High,Sara Al-Dossari,Jeddah,2024-12-04,2024-12-05,55,36.1,Resolved,4,0.0,Resolved,1.0,2024,December,2024-12,Fast,
TCK-001598,CUST-56760,Ahmed Al-Subaie,Branch,Technical Support,Medium,Reem Al-Mutairi,Riyadh,2026-03-02,2026-03-02,105,18.6,Resolved,2,0.0,Resolved,0.0,2026,March,2026-03,Moderate,
TCK-001599,CUST-61585,Sultan Al-Mutairi,Branch,Billing,Critical,Yousef Al-Malki,Mecca,2024-03-25,,6,0.0,Pending,0,0.0,Unresolved,,2024,March,2024-03,Very Fast,950.0
TCK-001600,CUST-99833,Huda Al-Otaibi,Phone,Complaint,High,Abdullah Al-Zahrani,Hail,2024-09-30,,74,0.0,Pending,0,0.0,Unresolved,,2024,September,2024-09,Moderate,761.0
TCK-001601,CUST-54410,Maha Al-Harbi,Email,Account Management,Medium,Noura Al-Shammari,Mecca,2024-12-23,2024-12-24,260,30.1,Closed,5,0.0,Resolved,1.0,2024,December,2024-12,Slow,
TCK-001602,CUST-60432,Khalid Al-Dossari,Live Chat,Technical Support,Medium,Turki Al-Subaie,Mecca,2026-07-05,2026-07-06,17,39.4,Closed,4,0.0,Resolved,1.0,2026,July,2026-07,Very Fast,
TCK-001603,CUST-17415,Ahmed Al-Ghamdi,Phone,Account Management,Low,Fahad Al-Otaibi,Medina,2024-04-01,2024-04-05,213,117.3,Resolved,3,0.0,Resolved,4.0,2024,April,2024-04,Slow,
TCK-001604,CUST-77254,Bandar Al-Shammari,Phone,Account Management,Medium,Sara Al-Dossari,Riyadh,2024-11-21,2024-11-24,175,75.6,Resolved,4,0.0,Resolved,3.0,2024,November,2024-11,Moderate,
TCK-001605,CUST-96117,Lama Al-Shehri,Phone,Delivery Issue,Medium,Maha Al-Balawi,Tabuk,2025-08-03,,134,0.0,Pending,0,0.0,Unresolved,,2025,August,2025-08,Moderate,454.0
TCK-001606,CUST-67889,Yousef Al-Rashidi,Live Chat,Complaint,Low,Reem Al-Mutairi,Abha,2025-05-08,,483,0.0,Pending,0,0.0,Unresolved,,2025,May,2025-05,Slow,541.0
TCK-001607,CUST-89473,Fahad Al-Qahtani,Email,Refund Request,Medium,Lama Al-Rashidi,Riyadh,2024-06-25,2024-06-25,276,18.6,Resolved,5,3023.04,Resolved,0.0,2024,June,2024-06,Slow,
TCK-001608,CUST-11621,Hessa Al-Balawi,Unknown,Billing,Low,Fahad Al-Otaibi,Khobar,2024-10-15,2024-10-24,692,226.1,Closed,4,3451.51,Resolved,9.0,2024,October,2024-10,Slow,
TCK-001609,CUST-30513,Abdullah Al-Qahtani,Live Chat,Technical Support,High,Mohammed Al-Harbi,Riyadh,2024-10-04,2024-10-05,27,33.1,Resolved,3,0.0,Resolved,1.0,2024,October,2024-10,Very Fast,
TCK-001610,CUST-27761,Bandar Al-Otaibi,Live Chat,Billing,Medium,Huda Al-Anazi,Medina,2025-07-03,2025-07-07,214,116.8,Resolved,2,871.2,Resolved,4.0,2025,July,2025-07,Slow,
TCK-001611,CUST-88344,Dana Al-Otaibi,Social Media,Technical Support,Low,Noura Al-Shammari,Riyadh,2026-06-01,2026-06-06,113,142.0,Resolved,4,0.0,Resolved,5.0,2026,June,2026-06,Moderate,
TCK-001612,CUST-40843,Bandar Al-Otaibi,Live Chat,Billing,Low,Abdullah Al-Zahrani,Abha,2024-03-29,,60,0.0,Pending,0,0.0,Unresolved,,2024,March,2024-03,Fast,946.0
TCK-001613,CUST-47900,Noura Al-Malki,Phone,Account Management,Medium,Reem Al-Mutairi,Dammam,2025-10-18,2025-10-22,189,101.8,Resolved,5,0.0,Resolved,4.0,2025,October,2025-10,Slow,
TCK-001614,CUST-88565,Abdullah Al-Shehri,Email,Technical Support,High,Khalid Al-Ghamdi,Tabuk,2024-03-25,,48,0.0,Pending,0,0.0,Unresolved,,2024,March,2024-03,Fast,950.0
TCK-001615,CUST-22751,Ahmed Al-Zahrani,Live Chat,Account Management,Low,Maha Al-Balawi,Riyadh,2026-03-21,2026-03-25,515,106.0,Closed,5,0.0,Resolved,4.0,2026,March,2026-03,Slow,
TCK-001616,CUST-83042,Maha Al-Ghamdi,Social Media,General Inquiry,Low,Ahmed Al-Qahtani,Unknown,2024-12-27,,638,0.0,Open,0,0.0,Unresolved,,2024,December,2024-12,Slow,673.0
TCK-001617,CUST-69603,Dana Al-Malki,Phone,Billing,Low,Khalid Al-Ghamdi,Jeddah,2025-01-15,2025-01-17,54,69.4,Resolved,4,4190.5,Resolved,2.0,2025,January,2025-01,Fast,
TCK-001618,CUST-65644,Yousef Al-Shehri,Phone,Billing,Low,Abdullah Al-Zahrani,Unknown,2026-02-06,,103,0.0,Pending,0,0.0,Unresolved,,2026,February,2026-02,Moderate,267.0
TCK-001619,CUST-31098,Sultan Al-Subaie,WhatsApp,Refund Request,High,Yousef Al-Malki,Dammam,2025-11-25,,15,0.0,Open,0,0.0,Unresolved,,2025,November,2025-11,Very Fast,340.0
TCK-001620,CUST-81250,Lama Al-Malki,Live Chat,Refund Request,Low,Ahmed Al-Qahtani,Jeddah,2025-02-11,,242,0.0,Pending,0,0.0,Unresolved,,2025,February,2025-02,Slow,627.0
TCK-001621,CUST-63008,Fahad Al-Shammari,Branch,Technical Support,Low,Maha Al-Balawi,Dammam,2025-09-21,2025-09-28,431,170.6,Resolved,5,0.0,Resolved,7.0,2025,September,2025-09,Slow,
TCK-001622,CUST-60035,Abdullah Al-Shammari,Social Media,Delivery Issue,High,Ahmed Al-Qahtani,Abha,2026-07-10,2026-07-10,29,5.4,Resolved,5,0.0,Resolved,0.0,2026,July,2026-07,Very Fast,
TCK-001623,CUST-26142,Aisha Al-Zahrani,WhatsApp,General Inquiry,High,Mohammed Al-Harbi,Jeddah,2026-07-04,2026-07-05,77,29.0,Resolved,1,0.0,Resolved,1.0,2026,July,2026-07,Moderate,
TCK-001624,CUST-37617,Dana Al-Ghamdi,Branch,Billing,High,Reem Al-Mutairi,Abha,2024-12-15,2024-12-16,24,40.3,Resolved,4,0.0,Resolved,1.0,2024,December,2024-12,Very Fast,
TCK-001625,CUST-80703,Faisal Al-Qahtani,Phone,Billing,High,Noura Al-Shammari,Riyadh,2026-02-12,2026-02-12,85,20.0,Resolved,5,2855.65,Resolved,0.0,2026,February,2026-02,Moderate,
TCK-001626,CUST-45792,Sara Al-Subaie,Phone,Billing,Medium,Abdullah Al-Zahrani,Mecca,2026-08-22,2026-08-23,58,32.1,Resolved,2,0.0,Resolved,1.0,2026,August,2026-08,Fast,
TCK-001627,CUST-28651,Hessa Al-Qahtani,Live Chat,Complaint,Medium,Fahad Al-Otaibi,Khobar,2025-03-17,2025-03-17,81,23.7,Resolved,5,0.0,Resolved,0.0,2025,March,2025-03,Moderate,
TCK-001628,CUST-59996,Maha Al-Harbi,Phone,Account Management,Critical,Faisal Al-Shehri,Medina,2026-07-27,,2,0.0,Pending,0,0.0,Unresolved,,2026,July,2026-07,Very Fast,96.0
TCK-001629,CUST-11588,Aisha Al-Subaie,Email,Account Management,High,Lama Al-Rashidi,Tabuk,2024-05-09,2024-05-09,76,15.1,Resolved,1,0.0,Resolved,0.0,2024,May,2024-05,Moderate,
TCK-001630,CUST-60471,Fahad Al-Ghamdi,Social Media,General Inquiry,Medium,Lama Al-Rashidi,Mecca,2024-03-04,2024-03-06,175,58.4,Closed,5,0.0,Resolved,2.0,2024,March,2024-03,Moderate,
TCK-001631,CUST-27536,Dana Al-Mutairi,Email,General Inquiry,Critical,Fahad Al-Otaibi,Khobar,2025-06-24,2025-06-24,27,1.6,Resolved,4,0.0,Resolved,0.0,2025,June,2025-06,Very Fast,
TCK-001632,CUST-38748,Sultan Al-Anazi,WhatsApp,Complaint,High,Yousef Al-Malki,Mecca,2025-03-01,2025-03-01,89,3.6,Resolved,3,2074.68,Resolved,0.0,2025,March,2025-03,Moderate,
TCK-001633,CUST-13480,Bandar Al-Ghamdi,Phone,Refund Request,Medium,Mohammed Al-Harbi,Dammam,2026-09-26,,45,0.0,Pending,0,0.0,Unresolved,,2026,September,2026-09,Fast,35.0
TCK-001634,CUST-14756,Maha Al-Rashidi,Phone,Account Management,Medium,Reem Al-Mutairi,Jeddah,2026-05-20,2026-05-23,94,82.6,Resolved,4,0.0,Resolved,3.0,2026,May,2026-05,Moderate,
TCK-001635,CUST-75781,Dana Al-Anazi,Phone,Account Management,High,Mohammed Al-Harbi,Riyadh,2024-11-07,,48,0.0,Escalated,0,0.0,Unresolved,,2024,November,2024-11,Fast,723.0
TCK-001636,CUST-42517,Dana Al-Ghamdi,Live Chat,Billing,High,Khalid Al-Ghamdi,Riyadh,2025-01-05,,10,0.0,Open,0,0.0,Unresolved,,2025,January,2025-01,Very Fast,664.0
TCK-001637,CUST-51293,Huda Al-Shammari,Social Media,Unknown,Low,Faisal Al-Shehri,Jeddah,2025-05-25,2025-06-02,184,193.9,Resolved,5,0.0,Resolved,8.0,2025,May,2025-05,Slow,
TCK-001638,CUST-37339,Aisha Al-Otaibi,Live Chat,Technical Support,Low,Sara Al-Dossari,Abha,2025-03-10,,355,0.0,Open,0,0.0,Unresolved,,2025,March,2025-03,Slow,600.0
TCK-001639,CUST-53341,Ahmed Al-Dossari,WhatsApp,Technical Support,Critical,Ahmed Al-Qahtani,Buraidah,2024-12-08,,24,0.0,Escalated,0,0.0,Unresolved,,2024,December,2024-12,Very Fast,692.0
TCK-001640,CUST-36256,Ahmed Al-Dossari,Email,Account Management,Low,Reem Al-Mutairi,Riyadh,2026-10-08,2026-10-09,593,43.0,Resolved,2,0.0,Resolved,1.0,2026,October,2026-10,Slow,
TCK-001641,CUST-43718,Sara Al-Otaibi,Email,Billing,Medium,Khalid Al-Ghamdi,Jeddah,2025-10-27,2025-10-31,161,113.2,Resolved,5,3154.15,Resolved,4.0,2025,October,2025-10,Moderate,
TCK-001642,CUST-67824,Mohammed Al-Dossari,Email,Account Management,Low,Fahad Al-Otaibi,Mecca,2026-06-16,2026-06-19,202,74.2,Resolved,2,0.0,Resolved,3.0,2026,June,2026-06,Slow,
TCK-001643,CUST-66402,Lama Al-Harbi,Email,Unknown,High,Yousef Al-Malki,Mecca,2026-07-31,2026-08-01,41,38.3,Resolved,5,0.0,Resolved,1.0,2026,July,2026-07,Fast,
TCK-001644,CUST-36553,Abdullah Al-Shehri,Email,General Inquiry,Medium,Fahad Al-Otaibi,Mecca,2026-10-11,,188,0.0,Open,0,0.0,Unresolved,,2026,October,2026-10,Slow,20.0
TCK-001645,CUST-50906,Bandar Al-Malki,Phone,Technical Support,High,Maha Al-Balawi,Abha,2026-02-16,2026-02-17,34,40.1,Resolved,5,0.0,Resolved,1.0,2026,February,2026-02,Fast,
TCK-001646,CUST-75920,Khalid Al-Harbi,Email,General Inquiry,High,Maha Al-Balawi,Dammam,2025-04-16,2025-04-16,40,10.8,Resolved,5,0.0,Resolved,0.0,2025,April,2025-04,Fast,
TCK-001647,CUST-28736,Nasser Al-Shehri,Email,Account Management,High,Maha Al-Balawi,Jeddah,2024-05-21,2024-05-22,80,30.7,Closed,4,0.0,Resolved,1.0,2024,May,2024-05,Moderate,
TCK-001648,CUST-66235,Noura Al-Balawi,Live Chat,Technical Support,Low,Sara Al-Dossari,Buraidah,2025-04-30,2025-05-03,404,81.1,Resolved,5,0.0,Resolved,3.0,2025,April,2025-04,Slow,
TCK-001649,CUST-58495,Bandar Al-Shammari,Live Chat,General Inquiry,Critical,Ahmed Al-Qahtani,Jeddah,2025-11-13,2025-11-13,6,9.6,Closed,5,0.0,Resolved,0.0,2025,November,2025-11,Very Fast,
TCK-001650,CUST-20654,Abdullah Al-Shehri,Live Chat,General Inquiry,Low,Ahmed Al-Qahtani,Riyadh,2026-04-13,,266,0.0,Pending,0,0.0,Unresolved,,2026,April,2026-04,Slow,201.0
TCK-001651,CUST-47995,Noura Al-Harbi,Live Chat,Refund Request,High,Turki Al-Subaie,Jeddah,2026-01-22,,19,0.0,Pending,0,0.0,Unresolved,,2026,January,2026-01,Very Fast,282.0
TCK-001652,CUST-61615,Sara Al-Anazi,WhatsApp,Billing,Medium,Lama Al-Rashidi,Jeddah,2025-05-10,2025-05-13,51,87.9,Resolved,5,3614.91,Resolved,3.0,2025,May,2025-05,Fast,
TCK-001653,CUST-42077,Fahad Al-Qahtani,Email,Technical Support,Medium,Mohammed Al-Harbi,Riyadh,2026-04-23,2026-04-24,146,35.7,Closed,3,0.0,Resolved,1.0,2026,April,2026-04,Moderate,
TCK-001654,CUST-27095,Sara Al-Shammari,WhatsApp,Complaint,High,Abdullah Al-Zahrani,Tabuk,2025-07-16,2025-07-16,29,2.0,Resolved,1,0.0,Resolved,0.0,2025,July,2025-07,Very Fast,
TCK-001655,CUST-17780,Dana Al-Zahrani,WhatsApp,Billing,Critical,Yousef Al-Malki,Riyadh,2025-05-03,2025-05-03,26,2.3,Resolved,3,2905.93,Resolved,0.0,2025,May,2025-05,Very Fast,
TCK-001656,CUST-34193,Huda Al-Shehri,Email,Account Management,Medium,Khalid Al-Ghamdi,Riyadh,2024-07-21,,266,0.0,Escalated,0,0.0,Unresolved,,2024,July,2024-07,Slow,832.0
TCK-001657,CUST-61064,Turki Al-Qahtani,WhatsApp,Technical Support,Low,Ahmed Al-Qahtani,Riyadh,2024-04-18,2024-04-22,657,110.5,Resolved,1,0.0,Resolved,4.0,2024,April,2024-04,Slow,
TCK-001658,CUST-47805,Sultan Al-Mutairi,Email,Account Management,Low,Reem Al-Mutairi,Tabuk,2025-09-28,2025-10-01,280,79.5,Resolved,4,0.0,Resolved,3.0,2025,September,2025-09,Slow,
TCK-001659,CUST-40028,Mohammed Al-Mutairi,Email,Technical Support,Low,Mohammed Al-Harbi,Dammam,2026-04-16,2026-04-25,535,220.8,Resolved,2,0.0,Resolved,9.0,2026,April,2026-04,Slow,
TCK-001660,CUST-41790,Faisal Al-Ghamdi,Email,Billing,High,Khalid Al-Ghamdi,Abha,2024-08-10,2024-08-10,86,12.4,Closed,4,4323.06,Resolved,0.0,2024,August,2024-08,Moderate,
TCK-001661,CUST-68418,Turki Al-Anazi,Live Chat,Technical Support,Medium,Turki Al-Subaie,Buraidah,2025-02-10,2025-02-12,99,60.7,Resolved,3,0.0,Resolved,2.0,2025,February,2025-02,Moderate,
TCK-001662,CUST-87270,Nasser Al-Qahtani,Email,Account Management,High,Fahad Al-Otaibi,Jeddah,2024-06-09,2024-06-10,58,43.0,Resolved,5,0.0,Resolved,1.0,2024,June,2024-06,Fast,
TCK-001663,CUST-10529,Abdullah Al-Balawi,Live Chat,General Inquiry,High,Fahad Al-Otaibi,Unknown,2024-03-23,2024-03-24,56,39.9,Resolved,4,0.0,Resolved,1.0,2024,March,2024-03,Fast,
TCK-001664,CUST-45672,Turki Al-Otaibi,Email,Account Management,Low,Sara Al-Dossari,Jeddah,2025-09-01,2025-09-05,295,112.3,Resolved,1,0.0,Resolved,4.0,2025,September,2025-09,Slow,
TCK-001665,CUST-30143,Turki Al-Otaibi,Social Media,Billing,Low,Fahad Al-Otaibi,Dammam,2024-10-01,2024-10-10,367,238.9,Closed,1,0.0,Resolved,9.0,2024,October,2024-10,Slow,
TCK-001666,CUST-94400,Yousef Al-Anazi,Phone,Delivery Issue,Medium,Yousef Al-Malki,Khobar,2024-12-08,2024-12-11,263,76.4,Resolved,4,0.0,Resolved,3.0,2024,December,2024-12,Slow,
TCK-001667,CUST-18344,Fahad Al-Malki,Live Chat,Complaint,Low,Faisal Al-Shehri,Dammam,2024-05-01,2024-05-05,153,104.7,Closed,4,0.0,Resolved,4.0,2024,May,2024-05,Moderate,
TCK-001668,CUST-41709,Khalid Al-Mutairi,WhatsApp,General Inquiry,Medium,Yousef Al-Malki,Jeddah,2024-04-06,2024-04-07,248,33.2,Resolved,5,0.0,Resolved,1.0,2024,April,2024-04,Slow,
TCK-001669,CUST-30228,Mohammed Al-Mutairi,Phone,Complaint,Low,Faisal Al-Shehri,Mecca,2025-08-15,2025-08-23,482,212.2,Resolved,5,3273.35,Resolved,8.0,2025,August,2025-08,Slow,
TCK-001670,CUST-89142,Khalid Al-Subaie,Social Media,Account Management,Low,Reem Al-Mutairi,Jeddah,2025-05-19,2025-05-20,397,25.4,Resolved,5,0.0,Resolved,1.0,2025,May,2025-05,Slow,
TCK-001671,CUST-10447,Lama Al-Harbi,Live Chat,Technical Support,Medium,Noura Al-Shammari,Riyadh,2024-09-21,2024-09-25,116,102.5,Resolved,3,0.0,Resolved,4.0,2024,September,2024-09,Moderate,
TCK-001672,CUST-30373,Maha Al-Harbi,Phone,Delivery Issue,High,Turki Al-Subaie,Medina,2025-04-29,2025-04-30,48,36.9,Resolved,3,0.0,Resolved,1.0,2025,April,2025-04,Fast,
TCK-001673,CUST-84242,Lama Al-Malki,Branch,General Inquiry,High,Abdullah Al-Zahrani,Jeddah,2026-10-09,,61,0.0,Open,0,0.0,Unresolved,,2026,October,2026-10,Moderate,22.0
TCK-001674,CUST-13327,Faisal Al-Qahtani,WhatsApp,General Inquiry,Critical,Khalid Al-Ghamdi,Dammam,2024-07-18,,28,0.0,Open,0,0.0,Unresolved,,2024,July,2024-07,Very Fast,835.0
TCK-001675,CUST-77522,Fahad Al-Rashidi,Live Chat,Complaint,High,Faisal Al-Shehri,Riyadh,2024-03-07,,5,0.0,Pending,0,0.0,Unresolved,,2024,March,2024-03,Very Fast,968.0
TCK-001676,CUST-99460,Faisal Al-Harbi,Live Chat,Refund Request,Low,Maha Al-Balawi,Tabuk,2024-02-05,2024-02-06,264,29.5,Closed,5,0.0,Resolved,1.0,2024,February,2024-02,Slow,
TCK-001677,CUST-97370,Fahad Al-Anazi,Live Chat,Billing,Low,Khalid Al-Ghamdi,Unknown,2026-02-23,2026-03-03,271,203.9,Resolved,5,0.0,Resolved,8.0,2026,February,2026-02,Slow,
TCK-001678,CUST-75891,Turki Al-Subaie,Email,Delivery Issue,Medium,Faisal Al-Shehri,Riyadh,2025-03-13,2025-03-15,211,60.7,Closed,4,0.0,Resolved,2.0,2025,March,2025-03,Slow,
TCK-001679,CUST-55330,Dana Al-Shammari,Email,Technical Support,Medium,Reem Al-Mutairi,Jeddah,2024-03-11,2024-03-15,234,109.6,Resolved,3,0.0,Resolved,4.0,2024,March,2024-03,Slow,
TCK-001680,CUST-22284,Turki Al-Harbi,Email,Complaint,Medium,Faisal Al-Shehri,Khobar,2026-10-04,2026-10-06,48,65.2,Closed,5,0.0,Resolved,2.0,2026,October,2026-10,Fast,
TCK-001681,CUST-29370,Dana Al-Anazi,Phone,Billing,High,Sara Al-Dossari,Riyadh,2026-09-29,2026-09-30,42,27.8,Resolved,3,0.0,Resolved,1.0,2026,September,2026-09,Fast,
TCK-001682,CUST-50780,Nasser Al-Ghamdi,Social Media,Technical Support,Medium,Abdullah Al-Zahrani,Mecca,2025-02-06,2025-02-06,162,5.0,Resolved,2,0.0,Resolved,0.0,2025,February,2025-02,Moderate,
TCK-001683,CUST-51336,Faisal Al-Zahrani,WhatsApp,Billing,Low,Abdullah Al-Zahrani,Dammam,2025-04-17,2025-04-21,715,106.0,Resolved,5,0.0,Resolved,4.0,2025,April,2025-04,Slow,
TCK-001684,CUST-43749,Khalid Al-Anazi,Phone,Technical Support,Medium,Yousef Al-Malki,Jeddah,2025-06-10,,232,0.0,Pending,0,0.0,Unresolved,,2025,June,2025-06,Slow,508.0
TCK-001685,CUST-34914,Sara Al-Balawi,Email,Technical Support,Low,Abdullah Al-Zahrani,Buraidah,2026-06-17,2026-06-25,479,215.6,Closed,4,0.0,Resolved,8.0,2026,June,2026-06,Slow,
TCK-001686,CUST-41906,Hessa Al-Mutairi,Live Chat,Account Management,High,Reem Al-Mutairi,Unknown,2026-07-10,2026-07-10,49,15.0,Resolved,4,0.0,Resolved,0.0,2026,July,2026-07,Fast,
TCK-001687,CUST-95508,Noura Al-Malki,WhatsApp,Technical Support,Low,Fahad Al-Otaibi,Medina,2025-10-11,2025-10-13,258,65.8,Closed,3,0.0,Resolved,2.0,2025,October,2025-10,Slow,
TCK-001688,CUST-80739,Aisha Al-Dossari,Phone,Technical Support,High,Ahmed Al-Qahtani,Tabuk,2026-10-24,2026-10-24,42,20.8,Closed,5,0.0,Resolved,0.0,2026,October,2026-10,Fast,
TCK-001689,CUST-32797,Huda Al-Qahtani,Email,Account Management,Low,Khalid Al-Ghamdi,Khobar,2025-12-23,2025-12-24,114,28.5,Resolved,4,0.0,Resolved,1.0,2025,December,2025-12,Moderate,
TCK-001690,CUST-34977,Sara Al-Harbi,Email,Delivery Issue,Medium,Khalid Al-Ghamdi,Riyadh,2024-06-02,2024-06-03,133,35.9,Resolved,5,0.0,Resolved,1.0,2024,June,2024-06,Moderate,
TCK-001691,CUST-94207,Aisha Al-Subaie,Live Chat,Account Management,Medium,Maha Al-Balawi,Dammam,2026-05-02,2026-05-04,281,69.7,Resolved,4,0.0,Resolved,2.0,2026,May,2026-05,Slow,
TCK-001692,CUST-54615,Huda Al-Mutairi,WhatsApp,General Inquiry,Low,Abdullah Al-Zahrani,Abha,2025-07-04,,82,0.0,Open,0,0.0,Unresolved,,2025,July,2025-07,Moderate,484.0
TCK-001693,CUST-83412,Turki Al-Subaie,Email,Technical Support,Medium,Faisal Al-Shehri,Abha,2025-07-19,2025-07-20,194,44.2,Resolved,5,0.0,Resolved,1.0,2025,July,2025-07,Slow,
TCK-001694,CUST-99329,Nasser Al-Ghamdi,Live Chat,Billing,High,Mohammed Al-Harbi,Medina,2026-09-26,2026-09-27,16,31.4,Closed,2,2729.99,Resolved,1.0,2026,September,2026-09,Very Fast,
TCK-001695,CUST-76692,Dana Al-Balawi,Live Chat,General Inquiry,High,Noura Al-Shammari,Jeddah,2026-02-26,2026-02-26,44,23.8,Closed,3,0.0,Resolved,0.0,2026,February,2026-02,Fast,
TCK-001696,CUST-39851,Hessa Al-Harbi,WhatsApp,Billing,High,Yousef Al-Malki,Riyadh,2026-03-09,2026-03-09,68,2.2,Resolved,5,0.0,Resolved,0.0,2026,March,2026-03,Moderate,
TCK-001697,CUST-62400,Mohammed Al-Anazi,Email,Refund Request,Critical,Ahmed Al-Qahtani,Jeddah,2025-04-30,2025-04-30,3,2.6,Resolved,3,4432.12,Resolved,0.0,2025,April,2025-04,Very Fast,
TCK-001698,CUST-85570,Lama Al-Otaibi,Unknown,Technical Support,Medium,Huda Al-Anazi,Abha,2026-10-08,2026-10-10,289,65.3,Resolved,4,0.0,Resolved,2.0,2026,October,2026-10,Slow,
TCK-001699,CUST-19985,Fahad Al-Balawi,Phone,General Inquiry,Medium,Khalid Al-Ghamdi,Riyadh,2024-07-25,,143,0.0,Pending,0,0.0,Unresolved,,2024,July,2024-07,Moderate,828.0
TCK-001700,CUST-34190,Aisha Al-Harbi,WhatsApp,Complaint,Low,Khalid Al-Ghamdi,Riyadh,2024-12-07,,481,0.0,Pending,0,0.0,Unresolved,,2024,December,2024-12,Slow,693.0
TCK-001701,CUST-42037,Reem Al-Anazi,Branch,Account Management,Medium,Abdullah Al-Zahrani,Dammam,2024-07-20,2024-07-24,179,119.7,Resolved,4,0.0,Resolved,4.0,2024,July,2024-07,Moderate,
TCK-001702,CUST-74225,Nasser Al-Mutairi,Email,General Inquiry,High,Lama Al-Rashidi,Riyadh,2026-03-09,2026-03-09,69,17.4,Closed,4,0.0,Resolved,0.0,2026,March,2026-03,Moderate,
TCK-001703,CUST-77038,Huda Al-Zahrani,Email,Delivery Issue,Medium,Faisal Al-Shehri,Jeddah,2026-04-12,,22,0.0,Escalated,0,0.0,Unresolved,,2026,April,2026-04,Very Fast,202.0
TCK-001704,CUST-64450,Dana Al-Rashidi,Phone,Delivery Issue,Low,Mohammed Al-Harbi,Dammam,2024-02-23,2024-03-01,61,185.2,Resolved,4,0.0,Resolved,7.0,2024,February,2024-02,Moderate,
TCK-001705,CUST-16980,Nasser Al-Subaie,WhatsApp,Billing,Medium,Fahad Al-Otaibi,Jeddah,2024-10-24,2024-10-26,177,64.0,Resolved,1,0.0,Resolved,2.0,2024,October,2024-10,Moderate,
TCK-001706,CUST-33529,Nasser Al-Rashidi,Email,Complaint,High,Lama Al-Rashidi,Buraidah,2024-12-28,2024-12-29,74,29.2,Resolved,3,2560.16,Resolved,1.0,2024,December,2024-12,Moderate,
TCK-001707,CUST-17619,Aisha Al-Otaibi,Live Chat,Billing,High,Fahad Al-Otaibi,Jeddah,2024-10-12,2024-10-13,35,46.7,Resolved,4,0.0,Resolved,1.0,2024,October,2024-10,Fast,
TCK-001708,CUST-52643,Lama Al-Rashidi,Social Media,Account Management,Medium,Mohammed Al-Harbi,Hail,2025-03-01,2025-03-02,137,26.1,Resolved,2,0.0,Resolved,1.0,2025,March,2025-03,Moderate,
TCK-001709,CUST-69444,Nasser Al-Otaibi,Social Media,Refund Request,Medium,Maha Al-Balawi,Medina,2024-12-03,2024-12-06,289,91.6,Resolved,4,0.0,Resolved,3.0,2024,December,2024-12,Slow,
TCK-001710,CUST-56762,Ahmed Al-Ghamdi,Live Chat,General Inquiry,Low,Noura Al-Shammari,Riyadh,2026-07-12,2026-07-12,488,14.2,Resolved,5,0.0,Resolved,0.0,2026,July,2026-07,Slow,
TCK-001711,CUST-80704,Faisal Al-Ghamdi,Branch,General Inquiry,Low,Faisal Al-Shehri,Jeddah,2024-09-07,2024-09-16,231,226.8,Closed,5,0.0,Resolved,9.0,2024,September,2024-09,Slow,
TCK-001712,CUST-38412,Noura Al-Subaie,Email,Technical Support,Low,Khalid Al-Ghamdi,Hail,2024-03-07,2024-03-09,200,48.3,Resolved,3,0.0,Resolved,2.0,2024,March,2024-03,Slow,
TCK-001713,CUST-50144,Mohammed Al-Harbi,Email,Billing,Low,Maha Al-Balawi,Riyadh,2024-09-06,2024-09-08,362,67.0,Resolved,4,0.0,Resolved,2.0,2024,September,2024-09,Slow,
TCK-001714,CUST-15885,Abdullah Al-Anazi,Branch,Delivery Issue,Medium,Noura Al-Shammari,Khobar,2024-02-21,2024-02-22,62,28.8,Resolved,3,943.77,Resolved,1.0,2024,February,2024-02,Moderate,
TCK-001715,CUST-40397,Turki Al-Dossari,Email,General Inquiry,Critical,Fahad Al-Otaibi,Medina,2026-01-30,2026-01-30,22,5.3,Resolved,4,0.0,Resolved,0.0,2026,January,2026-01,Very Fast,
TCK-001716,CUST-90806,Faisal Al-Subaie,Live Chat,Technical Support,Medium,Fahad Al-Otaibi,Riyadh,2024-11-10,,45,0.0,Pending,0,0.0,Unresolved,,2024,November,2024-11,Fast,720.0
TCK-001717,CUST-42099,Khalid Al-Rashidi,Live Chat,General Inquiry,Medium,Mohammed Al-Harbi,Riyadh,2024-04-26,2024-04-26,89,16.0,Resolved,4,0.0,Resolved,0.0,2024,April,2024-04,Moderate,
TCK-001718,CUST-39262,Fahad Al-Rashidi,Phone,General Inquiry,Low,Maha Al-Balawi,Khobar,2024-05-16,2024-05-18,49,53.4,Resolved,4,0.0,Resolved,2.0,2024,May,2024-05,Fast,
TCK-001719,CUST-44813,Reem Al-Shammari,Branch,Billing,Medium,Maha Al-Balawi,Mecca,2026-04-15,2026-04-18,113,75.7,Resolved,1,0.0,Resolved,3.0,2026,April,2026-04,Moderate,
TCK-001720,CUST-69176,Khalid Al-Anazi,Branch,Billing,Low,Maha Al-Balawi,Abha,2024-06-03,,278,0.0,Open,0,0.0,Unresolved,,2024,June,2024-06,Slow,880.0
TCK-001721,CUST-41612,Sultan Al-Shehri,Email,Technical Support,High,Mohammed Al-Harbi,Mecca,2026-01-21,2026-01-21,81,5.9,Resolved,5,0.0,Resolved,0.0,2026,January,2026-01,Moderate,
TCK-001722,CUST-97156,Ahmed Al-Shammari,Email,Billing,Medium,Lama Al-Rashidi,Riyadh,2024-05-28,2024-05-30,230,61.9,Resolved,5,1212.87,Resolved,2.0,2024,May,2024-05,Slow,
TCK-001723,CUST-29347,Lama Al-Harbi,Phone,Billing,High,Sara Al-Dossari,Jeddah,2026-03-15,2026-03-15,54,17.0,Resolved,1,1362.0,Resolved,0.0,2026,March,2026-03,Fast,
TCK-001724,CUST-50123,Sara Al-Rashidi,Email,Technical Support,Low,Yousef Al-Malki,Riyadh,2024-04-06,,149,0.0,Pending,0,0.0,Unresolved,,2024,April,2024-04,Moderate,938.0
TCK-001725,CUST-48266,Khalid Al-Otaibi,Phone,Billing,Medium,Noura Al-Shammari,Buraidah,2026-03-24,2026-03-25,48,44.1,Resolved,2,3210.63,Resolved,1.0,2026,March,2026-03,Fast,
TCK-001726,CUST-11332,Ahmed Al-Anazi,WhatsApp,Refund Request,High,Reem Al-Mutairi,Medina,2024-03-20,2024-03-20,8,23.2,Resolved,5,0.0,Resolved,0.0,2024,March,2024-03,Very Fast,
TCK-001727,CUST-68167,Maha Al-Balawi,Branch,Billing,Low,Noura Al-Shammari,Abha,2024-07-25,2024-07-31,391,155.3,Resolved,4,0.0,Resolved,6.0,2024,July,2024-07,Slow,
TCK-001728,CUST-25882,Sultan Al-Subaie,Live Chat,Refund Request,High,Lama Al-Rashidi,Hail,2025-05-17,2025-05-17,7,16.0,Resolved,5,1198.87,Resolved,0.0,2025,May,2025-05,Very Fast,
TCK-001729,CUST-44919,Bandar Al-Shehri,Phone,Unknown,Medium,Fahad Al-Otaibi,Riyadh,2024-07-18,,95,0.0,Pending,0,0.0,Unresolved,,2024,July,2024-07,Moderate,835.0
TCK-001730,CUST-27467,Sultan Al-Subaie,WhatsApp,Unknown,Medium,Abdullah Al-Zahrani,Mecca,2026-06-18,2026-06-22,220,102.2,Resolved,4,0.0,Resolved,4.0,2026,June,2026-06,Slow,
TCK-001731,CUST-43030,Noura Al-Rashidi,Email,Unknown,Medium,Abdullah Al-Zahrani,Buraidah,2025-10-31,2025-11-04,175,108.0,Closed,3,4173.69,Resolved,4.0,2025,October,2025-10,Moderate,
TCK-001732,CUST-86520,Noura Al-Qahtani,Phone,Billing,Medium,Lama Al-Rashidi,Dammam,2025-11-14,2025-11-14,259,11.5,Closed,3,0.0,Resolved,0.0,2025,November,2025-11,Slow,
TCK-001733,CUST-92244,Reem Al-Dossari,Social Media,Technical Support,Medium,Ahmed Al-Qahtani,Riyadh,2024-11-06,2024-11-09,299,75.5,Resolved,4,0.0,Resolved,3.0,2024,November,2024-11,Slow,
TCK-001734,CUST-21305,Yousef Al-Shehri,Email,Unknown,Medium,Fahad Al-Otaibi,Dammam,2024-04-08,2024-04-08,170,20.2,Resolved,5,0.0,Resolved,0.0,2024,April,2024-04,Moderate,
TCK-001735,CUST-48556,Khalid Al-Zahrani,Branch,Delivery Issue,Low,Noura Al-Shammari,Riyadh,2025-01-17,2025-01-19,361,63.7,Resolved,3,2149.61,Resolved,2.0,2025,January,2025-01,Slow,
TCK-001736,CUST-52783,Faisal Al-Dossari,Phone,Technical Support,Medium,Ahmed Al-Qahtani,Riyadh,2025-12-10,2025-12-10,22,7.5,Resolved,3,0.0,Resolved,0.0,2025,December,2025-12,Very Fast,
TCK-001737,CUST-49475,Fahad Al-Malki,Phone,Account Management,Low,Reem Al-Mutairi,Mecca,2024-04-24,,265,0.0,Escalated,0,0.0,Unresolved,,2024,April,2024-04,Slow,920.0
TCK-001738,CUST-14310,Dana Al-Shehri,Live Chat,Unknown,Medium,Maha Al-Balawi,Dammam,2026-02-11,2026-02-14,91,72.9,Resolved,4,0.0,Resolved,3.0,2026,February,2026-02,Moderate,
TCK-001739,CUST-46231,Turki Al-Harbi,Email,Technical Support,Medium,Turki Al-Subaie,Dammam,2026-07-09,2026-07-09,215,22.5,Closed,5,0.0,Resolved,0.0,2026,July,2026-07,Slow,
TCK-001740,CUST-85260,Dana Al-Shehri,WhatsApp,Refund Request,Medium,Lama Al-Rashidi,Riyadh,2025-09-02,2025-09-03,181,30.0,Resolved,3,0.0,Resolved,1.0,2025,September,2025-09,Slow,
TCK-001741,CUST-16969,Mohammed Al-Rashidi,Phone,Technical Support,Medium,Ahmed Al-Qahtani,Riyadh,2025-10-13,2025-10-17,202,113.4,Resolved,5,0.0,Resolved,4.0,2025,October,2025-10,Slow,
TCK-001742,CUST-42147,Sara Al-Ghamdi,Email,Technical Support,Low,Maha Al-Balawi,Buraidah,2026-05-26,2026-05-28,468,59.5,Resolved,2,0.0,Resolved,2.0,2026,May,2026-05,Slow,
TCK-001743,CUST-39676,Dana Al-Qahtani,WhatsApp,Billing,Medium,Noura Al-Shammari,Medina,2026-02-18,2026-02-20,141,50.4,Resolved,5,0.0,Resolved,2.0,2026,February,2026-02,Moderate,
TCK-001744,CUST-83602,Reem Al-Rashidi,Phone,Technical Support,Low,Ahmed Al-Qahtani,Jeddah,2025-07-02,,190,0.0,Escalated,0,0.0,Unresolved,,2025,July,2025-07,Slow,486.0
TCK-001745,CUST-79525,Lama Al-Shammari,Phone,Technical Support,Low,Mohammed Al-Harbi,Khobar,2024-03-09,,488,0.0,Escalated,0,0.0,Unresolved,,2024,March,2024-03,Slow,966.0
TCK-001746,CUST-26597,Khalid Al-Mutairi,Phone,Account Management,Low,Yousef Al-Malki,Riyadh,2025-07-17,,438,0.0,Open,0,0.0,Unresolved,,2025,July,2025-07,Slow,471.0
TCK-001747,CUST-39415,Hessa Al-Anazi,Live Chat,General Inquiry,Medium,Maha Al-Balawi,Riyadh,2025-06-22,,69,0.0,Pending,0,0.0,Unresolved,,2025,June,2025-06,Moderate,496.0
TCK-001748,CUST-46209,Fahad Al-Mutairi,Email,Delivery Issue,Low,Lama Al-Rashidi,Dammam,2024-09-15,2024-09-16,90,31.5,Resolved,4,2531.87,Resolved,1.0,2024,September,2024-09,Moderate,
TCK-001749,CUST-37901,Reem Al-Otaibi,Email,Complaint,Medium,Sara Al-Dossari,Riyadh,2024-10-31,2024-11-04,241,102.9,Resolved,5,0.0,Resolved,4.0,2024,October,2024-10,Slow,
TCK-001750,CUST-27208,Noura Al-Harbi,Phone,Technical Support,Critical,Maha Al-Balawi,Tabuk,2025-05-18,2025-05-18,27,2.4,Resolved,5,0.0,Resolved,0.0,2025,May,2025-05,Very Fast,
TCK-001751,CUST-52530,Mohammed Al-Subaie,Live Chat,Complaint,Medium,Mohammed Al-Harbi,Hail,2025-11-07,2025-11-11,188,98.6,Resolved,5,3939.85,Resolved,4.0,2025,November,2025-11,Slow,
TCK-001752,CUST-17471,Khalid Al-Balawi,Email,Technical Support,Medium,Reem Al-Mutairi,Riyadh,2024-02-05,2024-02-08,44,79.5,Closed,5,0.0,Resolved,3.0,2024,February,2024-02,Fast,
TCK-001753,CUST-88956,Ahmed Al-Balawi,Social Media,General Inquiry,Medium,Maha Al-Balawi,Riyadh,2024-10-29,,147,0.0,Pending,0,0.0,Unresolved,,2024,October,2024-10,Moderate,732.0
TCK-001754,CUST-83409,Dana Al-Otaibi,Phone,Refund Request,High,Abdullah Al-Zahrani,Riyadh,2025-01-08,,15,0.0,Open,0,0.0,Unresolved,,2025,January,2025-01,Very Fast,661.0
TCK-001755,CUST-59814,Yousef Al-Harbi,Live Chat,General Inquiry,Low,Noura Al-Shammari,Buraidah,2024-01-11,2024-01-15,122,113.3,Resolved,5,0.0,Resolved,4.0,2024,January,2024-01,Moderate,
TCK-001756,CUST-38222,Aisha Al-Ghamdi,Email,Billing,High,Khalid Al-Ghamdi,Medina,2026-03-17,2026-03-18,55,34.9,Closed,5,3074.67,Resolved,1.0,2026,March,2026-03,Fast,
TCK-001757,CUST-81060,Turki Al-Dossari,Phone,Technical Support,Low,Mohammed Al-Harbi,Dammam,2025-10-27,,150,0.0,Open,0,0.0,Unresolved,,2025,October,2025-10,Moderate,369.0
TCK-001758,CUST-61139,Abdullah Al-Anazi,Phone,Unknown,Medium,Huda Al-Anazi,Dammam,2026-02-27,2026-03-02,162,84.5,Closed,4,0.0,Resolved,3.0,2026,February,2026-02,Moderate,
TCK-001759,CUST-72554,Reem Al-Balawi,Live Chat,Billing,Medium,Lama Al-Rashidi,Khobar,2024-08-16,,69,0.0,Escalated,0,0.0,Unresolved,,2024,August,2024-08,Moderate,806.0
TCK-001760,CUST-80118,Abdullah Al-Dossari,WhatsApp,Billing,Low,Yousef Al-Malki,Medina,2025-12-07,2025-12-12,339,125.5,Resolved,4,0.0,Resolved,5.0,2025,December,2025-12,Slow,
TCK-001761,CUST-25330,Mohammed Al-Harbi,Live Chat,Billing,Low,Noura Al-Shammari,Dammam,2024-01-17,2024-01-22,379,131.9,Resolved,5,0.0,Resolved,5.0,2024,January,2024-01,Slow,
TCK-001762,CUST-23839,Sara Al-Balawi,Email,Complaint,Low,Lama Al-Rashidi,Khobar,2024-12-18,2024-12-19,126,29.6,Resolved,4,284.9,Resolved,1.0,2024,December,2024-12,Moderate,
TCK-001763,CUST-88564,Sultan Al-Otaibi,Live Chat,Delivery Issue,Medium,Faisal Al-Shehri,Riyadh,2024-01-02,,127,0.0,Pending,0,0.0,Unresolved,,2024,January,2024-01,Moderate,1033.0
TCK-001764,CUST-32506,Hessa Al-Zahrani,Phone,Billing,Low,Faisal Al-Shehri,Riyadh,2025-10-25,2025-11-02,687,214.6,Resolved,4,546.79,Resolved,8.0,2025,October,2025-10,Slow,
TCK-001765,CUST-74999,Fahad Al-Dossari,Phone,Delivery Issue,High,Ahmed Al-Qahtani,Dammam,2024-12-16,,71,0.0,Pending,0,0.0,Unresolved,,2024,December,2024-12,Moderate,684.0
TCK-001766,CUST-48333,Yousef Al-Dossari,Email,Technical Support,Medium,Maha Al-Balawi,Dammam,2025-05-28,2025-05-30,47,48.6,Resolved,5,0.0,Resolved,2.0,2025,May,2025-05,Fast,
TCK-001767,CUST-96277,Lama Al-Dossari,Phone,Billing,High,Mohammed Al-Harbi,Riyadh,2026-07-04,,20,0.0,Open,0,0.0,Unresolved,,2026,July,2026-07,Very Fast,119.0
TCK-001768,CUST-25800,Bandar Al-Zahrani,Live Chat,Complaint,Medium,Ahmed Al-Qahtani,Abha,2024-06-17,2024-06-21,69,103.0,Resolved,4,3476.11,Resolved,4.0,2024,June,2024-06,Moderate,
TCK-001769,CUST-56191,Lama Al-Qahtani,Branch,Billing,High,Noura Al-Shammari,Khobar,2026-05-29,2026-05-29,23,16.7,Closed,5,0.0,Resolved,0.0,2026,May,2026-05,Very Fast,
TCK-001770,CUST-32400,Fahad Al-Dossari,Live Chat,General Inquiry,Low,Noura Al-Shammari,Jeddah,2024-06-21,2024-06-24,96,80.7,Closed,3,0.0,Resolved,3.0,2024,June,2024-06,Moderate,
TCK-001771,CUST-98145,Hessa Al-Balawi,Phone,Billing,Critical,Ahmed Al-Qahtani,Jeddah,2026-07-01,2026-07-01,22,11.8,Resolved,4,1255.98,Resolved,0.0,2026,July,2026-07,Very Fast,
TCK-001772,CUST-16349,Khalid Al-Dossari,Phone,Delivery Issue,High,Sara Al-Dossari,Abha,2025-12-20,2025-12-20,25,4.8,Resolved,4,240.61,Resolved,0.0,2025,December,2025-12,Very Fast,
TCK-001773,CUST-94356,Abdullah Al-Ghamdi,WhatsApp,Delivery Issue,High,Ahmed Al-Qahtani,Jeddah,2024-01-09,,37,0.0,Pending,0,0.0,Unresolved,,2024,January,2024-01,Fast,1026.0
TCK-001774,CUST-75397,Turki Al-Mutairi,Phone,General Inquiry,Low,Reem Al-Mutairi,Dammam,2024-11-18,,619,0.0,Pending,0,0.0,Unresolved,,2024,November,2024-11,Slow,712.0
TCK-001775,CUST-57976,Lama Al-Harbi,Phone,Account Management,Medium,Maha Al-Balawi,Buraidah,2024-06-27,2024-06-27,62,15.6,Resolved,4,0.0,Resolved,0.0,2024,June,2024-06,Moderate,
TCK-001776,CUST-92411,Huda Al-Dossari,Branch,General Inquiry,High,Huda Al-Anazi,Khobar,2026-02-23,2026-02-23,82,7.3,Resolved,5,0.0,Resolved,0.0,2026,February,2026-02,Moderate,
TCK-001777,CUST-59444,Fahad Al-Malki,WhatsApp,Technical Support,Medium,Mohammed Al-Harbi,Khobar,2025-07-08,,44,0.0,Open,0,0.0,Unresolved,,2025,July,2025-07,Fast,480.0
TCK-001778,CUST-83061,Faisal Al-Dossari,Social Media,Refund Request,Low,Abdullah Al-Zahrani,Abha,2025-09-03,,692,0.0,Pending,0,0.0,Unresolved,,2025,September,2025-09,Slow,423.0
TCK-001779,CUST-94636,Sara Al-Mutairi,Social Media,General Inquiry,Medium,Faisal Al-Shehri,Riyadh,2025-11-13,2025-11-14,289,29.6,Closed,5,0.0,Resolved,1.0,2025,November,2025-11,Slow,
TCK-001780,CUST-24933,Nasser Al-Dossari,Phone,Delivery Issue,Low,Mohammed Al-Harbi,Mecca,2024-10-22,2024-10-29,173,184.4,Resolved,5,3116.34,Resolved,7.0,2024,October,2024-10,Moderate,
TCK-001781,CUST-23161,Sultan Al-Ghamdi,Social Media,Billing,Low,Sara Al-Dossari,Mecca,2026-08-05,2026-08-09,622,99.9,Closed,5,0.0,Resolved,4.0,2026,August,2026-08,Slow,
TCK-001782,CUST-16915,Fahad Al-Anazi,WhatsApp,Complaint,Medium,Noura Al-Shammari,Hail,2025-01-25,2025-01-28,225,93.1,Resolved,4,0.0,Resolved,3.0,2025,January,2025-01,Slow,
TCK-001783,CUST-62689,Mohammed Al-Subaie,WhatsApp,Delivery Issue,High,Fahad Al-Otaibi,Hail,2026-10-31,2026-11-01,70,46.7,Resolved,3,0.0,Resolved,1.0,2026,October,2026-10,Moderate,
TCK-001784,CUST-75330,Bandar Al-Subaie,Phone,Billing,High,Huda Al-Anazi,Riyadh,2024-01-01,,71,0.0,Escalated,0,0.0,Unresolved,,2024,January,2024-01,Moderate,1034.0
TCK-001785,CUST-61833,Turki Al-Qahtani,Live Chat,General Inquiry,Low,Fahad Al-Otaibi,Jeddah,2024-01-26,2024-01-27,392,27.2,Resolved,5,0.0,Resolved,1.0,2024,January,2024-01,Slow,
TCK-001786,CUST-39492,Bandar Al-Balawi,Phone,Technical Support,Low,Maha Al-Balawi,Mecca,2024-11-11,,349,0.0,Pending,0,0.0,Unresolved,,2024,November,2024-11,Slow,719.0
TCK-001787,CUST-85047,Lama Al-Shehri,Email,Billing,Critical,Faisal Al-Shehri,Tabuk,2025-09-19,2025-09-19,2,10.4,Resolved,5,0.0,Resolved,0.0,2025,September,2025-09,Very Fast,
TCK-001788,CUST-24389,Ahmed Al-Balawi,Live Chat,Refund Request,Low,Turki Al-Subaie,Jeddah,2024-07-12,,89,0.0,Pending,0,0.0,Unresolved,,2024,July,2024-07,Moderate,841.0
TCK-001789,CUST-90523,Turki Al-Mutairi,Branch,General Inquiry,Medium,Reem Al-Mutairi,Khobar,2025-09-27,2025-09-28,128,24.1,Resolved,1,0.0,Resolved,1.0,2025,September,2025-09,Moderate,
TCK-001790,CUST-11747,Aisha Al-Dossari,Branch,General Inquiry,Low,Khalid Al-Ghamdi,Riyadh,2024-12-01,2024-12-08,628,184.7,Resolved,5,0.0,Resolved,7.0,2024,December,2024-12,Slow,
TCK-001791,CUST-16010,Ahmed Al-Dossari,Phone,Account Management,Medium,Huda Al-Anazi,Hail,2025-05-05,2025-05-06,34,26.0,Resolved,1,0.0,Resolved,1.0,2025,May,2025-05,Fast,
TCK-001792,CUST-90741,Yousef Al-Mutairi,Social Media,Technical Support,Low,Ahmed Al-Qahtani,Jeddah,2025-02-17,,463,0.0,Open,0,0.0,Unresolved,,2025,February,2025-02,Slow,621.0
TCK-001793,CUST-39466,Bandar Al-Ghamdi,Phone,Account Management,Medium,Sara Al-Dossari,Riyadh,2024-09-12,,291,0.0,Escalated,0,0.0,Unresolved,,2024,September,2024-09,Slow,779.0
TCK-001794,CUST-51081,Mohammed Al-Malki,WhatsApp,Refund Request,Low,Faisal Al-Shehri,Riyadh,2025-06-23,,655,0.0,Open,0,0.0,Unresolved,,2025,June,2025-06,Slow,495.0
TCK-001795,CUST-92066,Turki Al-Anazi,Live Chat,Technical Support,High,Maha Al-Balawi,Jeddah,2025-06-04,2025-06-05,18,37.9,Resolved,5,0.0,Resolved,1.0,2025,June,2025-06,Very Fast,
TCK-001796,CUST-18780,Mohammed Al-Subaie,Branch,Refund Request,Low,Ahmed Al-Qahtani,Medina,2025-06-08,2025-06-11,174,91.0,Closed,1,1516.48,Resolved,3.0,2025,June,2025-06,Moderate,
TCK-001797,CUST-51740,Bandar Al-Shehri,Email,Billing,High,Lama Al-Rashidi,Jeddah,2026-03-13,,58,0.0,Open,0,0.0,Unresolved,,2026,March,2026-03,Fast,232.0
TCK-001798,CUST-70708,Sultan Al-Dossari,Phone,Account Management,Low,Mohammed Al-Harbi,Dammam,2026-01-29,2026-02-05,176,187.5,Resolved,1,0.0,Resolved,7.0,2026,January,2026-01,Moderate,
TCK-001799,CUST-43384,Maha Al-Balawi,Phone,General Inquiry,Low,Noura Al-Shammari,Dammam,2025-01-17,2025-01-20,606,75.3,Resolved,2,0.0,Resolved,3.0,2025,January,2025-01,Slow,
TCK-001800,CUST-63041,Noura Al-Subaie,Phone,Technical Support,High,Reem Al-Mutairi,Unknown,2024-06-06,2024-06-06,53,18.5,Resolved,4,0.0,Resolved,0.0,2024,June,2024-06,Fast,
TCK-001801,CUST-77063,Aisha Al-Ghamdi,Live Chat,Account Management,Low,Sara Al-Dossari,Dammam,2025-07-13,,42,0.0,Pending,0,0.0,Unresolved,,2025,July,2025-07,Fast,475.0
TCK-001802,CUST-50025,Dana Al-Rashidi,WhatsApp,Delivery Issue,Medium,Lama Al-Rashidi,Mecca,2026-08-16,,131,0.0,Escalated,0,0.0,Unresolved,,2026,August,2026-08,Moderate,76.0
TCK-001803,CUST-50973,Maha Al-Zahrani,Branch,Technical Support,Medium,Turki Al-Subaie,Riyadh,2024-03-26,,226,0.0,Pending,0,0.0,Unresolved,,2024,March,2024-03,Slow,949.0
TCK-001804,CUST-26829,Fahad Al-Qahtani,Branch,Account Management,Low,Sara Al-Dossari,Riyadh,2024-09-11,2024-09-20,60,227.0,Resolved,4,0.0,Resolved,9.0,2024,September,2024-09,Fast,
TCK-001805,CUST-37450,Reem Al-Balawi,WhatsApp,Billing,Low,Maha Al-Balawi,Riyadh,2026-02-28,2026-03-05,476,134.7,Resolved,5,0.0,Resolved,5.0,2026,February,2026-02,Slow,
TCK-001806,CUST-39794,Nasser Al-Malki,Live Chat,Billing,Medium,Maha Al-Balawi,Abha,2025-10-16,2025-10-20,278,110.0,Resolved,1,0.0,Resolved,4.0,2025,October,2025-10,Slow,
TCK-001807,CUST-83542,Sara Al-Ghamdi,Live Chat,Technical Support,Low,Khalid Al-Ghamdi,Mecca,2026-04-23,,180,0.0,Open,0,0.0,Unresolved,,2026,April,2026-04,Moderate,191.0
TCK-001808,CUST-21794,Mohammed Al-Subaie,Email,Complaint,Critical,Reem Al-Mutairi,Tabuk,2024-11-08,,29,0.0,Pending,0,0.0,Unresolved,,2024,November,2024-11,Very Fast,722.0
TCK-001809,CUST-11908,Dana Al-Zahrani,Phone,Billing,Medium,Khalid Al-Ghamdi,Jeddah,2025-01-05,2025-01-05,186,20.9,Resolved,1,3603.76,Resolved,0.0,2025,January,2025-01,Slow,
TCK-001810,CUST-86534,Lama Al-Shammari,Social Media,Billing,Low,Maha Al-Balawi,Unknown,2026-05-05,,268,0.0,Open,0,0.0,Unresolved,,2026,May,2026-05,Slow,179.0
TCK-001811,CUST-81647,Maha Al-Ghamdi,Social Media,Technical Support,Medium,Lama Al-Rashidi,Riyadh,2024-09-06,2024-09-10,153,118.3,Closed,4,0.0,Resolved,4.0,2024,September,2024-09,Moderate,
TCK-001812,CUST-33384,Reem Al-Subaie,Email,General Inquiry,High,Noura Al-Shammari,Hail,2025-12-22,2025-12-23,30,28.6,Resolved,3,0.0,Resolved,1.0,2025,December,2025-12,Very Fast,
TCK-001813,CUST-10463,Sara Al-Shammari,Phone,Account Management,Critical,Reem Al-Mutairi,Medina,2024-04-10,2024-04-10,10,2.6,Resolved,3,0.0,Resolved,0.0,2024,April,2024-04,Very Fast,
TCK-001814,CUST-62718,Sultan Al-Zahrani,Live Chat,Technical Support,Low,Noura Al-Shammari,Dammam,2024-04-01,2024-04-03,172,49.2,Resolved,4,0.0,Resolved,2.0,2024,April,2024-04,Moderate,
TCK-001815,CUST-35319,Turki Al-Harbi,Email,Account Management,Medium,Yousef Al-Malki,Buraidah,2025-04-24,,18,0.0,Open,0,0.0,Unresolved,,2025,April,2025-04,Very Fast,555.0
TCK-001816,CUST-76618,Nasser Al-Rashidi,Phone,Technical Support,High,Sara Al-Dossari,Dammam,2025-11-11,2025-11-11,81,8.3,Resolved,1,0.0,Resolved,0.0,2025,November,2025-11,Moderate,
TCK-001817,CUST-35804,Lama Al-Ghamdi,Unknown,Technical Support,Low,Mohammed Al-Harbi,Buraidah,2025-01-21,2025-01-23,652,58.0,Closed,4,0.0,Resolved,2.0,2025,January,2025-01,Slow,
TCK-001818,CUST-92908,Huda Al-Dossari,Live Chat,General Inquiry,High,Maha Al-Balawi,Jeddah,2024-03-08,2024-03-08,66,3.2,Resolved,1,0.0,Resolved,0.0,2024,March,2024-03,Moderate,
TCK-001819,CUST-83137,Sara Al-Anazi,WhatsApp,Account Management,Low,Lama Al-Rashidi,Dammam,2025-01-18,2025-01-19,372,41.7,Resolved,5,0.0,Resolved,1.0,2025,January,2025-01,Slow,
TCK-001820,CUST-54144,Abdullah Al-Mutairi,Branch,Technical Support,Low,Ahmed Al-Qahtani,Dammam,2025-01-19,2025-01-28,197,227.3,Resolved,4,0.0,Resolved,9.0,2025,January,2025-01,Slow,
TCK-001821,CUST-36920,Dana Al-Shehri,Phone,General Inquiry,Medium,Abdullah Al-Zahrani,Buraidah,2024-01-17,2024-01-20,126,73.3,Resolved,4,0.0,Resolved,3.0,2024,January,2024-01,Moderate,
TCK-001822,CUST-69553,Maha Al-Otaibi,Branch,Complaint,High,Mohammed Al-Harbi,Jeddah,2024-01-06,2024-01-07,39,32.1,Resolved,5,0.0,Resolved,1.0,2024,January,2024-01,Fast,
TCK-001823,CUST-85252,Huda Al-Malki,Live Chat,Technical Support,Critical,Mohammed Al-Harbi,Jeddah,2026-10-17,,14,0.0,Open,0,0.0,Unresolved,,2026,October,2026-10,Very Fast,14.0
TCK-001824,CUST-31889,Sara Al-Subaie,Live Chat,General Inquiry,High,Turki Al-Subaie,Riyadh,2024-02-11,2024-02-12,50,44.3,Closed,5,0.0,Resolved,1.0,2024,February,2024-02,Fast,
TCK-001825,CUST-72094,Khalid Al-Ghamdi,WhatsApp,Complaint,Medium,Fahad Al-Otaibi,Riyadh,2026-08-24,2026-08-27,125,92.8,Closed,4,3472.65,Resolved,3.0,2026,August,2026-08,Moderate,
TCK-001826,CUST-65593,Abdullah Al-Shehri,Email,Technical Support,Low,Turki Al-Subaie,Riyadh,2024-08-23,2024-08-29,590,165.0,Resolved,2,0.0,Resolved,6.0,2024,August,2024-08,Slow,
TCK-001827,CUST-84648,Faisal Al-Anazi,Phone,Billing,Medium,Turki Al-Subaie,Riyadh,2026-03-23,2026-03-23,141,13.7,Resolved,4,722.9,Resolved,0.0,2026,March,2026-03,Moderate,
TCK-001828,CUST-96825,Noura Al-Harbi,Phone,Billing,Medium,Fahad Al-Otaibi,Riyadh,2024-05-28,2024-05-30,158,53.8,Resolved,3,0.0,Resolved,2.0,2024,May,2024-05,Moderate,
TCK-001829,CUST-46492,Maha Al-Subaie,Email,Billing,Medium,Reem Al-Mutairi,Medina,2025-05-16,2025-05-19,246,95.4,Resolved,5,2944.9,Resolved,3.0,2025,May,2025-05,Slow,
TCK-001830,CUST-10706,Noura Al-Qahtani,WhatsApp,General Inquiry,Medium,Faisal Al-Shehri,Mecca,2025-04-01,2025-04-01,268,15.7,Closed,4,0.0,Resolved,0.0,2025,April,2025-04,Slow,
TCK-001831,CUST-60943,Sultan Al-Qahtani,Live Chat,Technical Support,Critical,Sara Al-Dossari,Riyadh,2025-11-17,2025-11-17,26,5.3,Resolved,4,0.0,Resolved,0.0,2025,November,2025-11,Very Fast,
TCK-001832,CUST-15275,Sara Al-Shammari,Phone,Technical Support,Low,Faisal Al-Shehri,Mecca,2024-02-18,,46,0.0,Escalated,0,0.0,Unresolved,,2024,February,2024-02,Fast,986.0
TCK-001833,CUST-59932,Faisal Al-Shehri,Live Chat,General Inquiry,High,Huda Al-Anazi,Riyadh,2026-04-20,2026-04-21,13,26.8,Resolved,4,0.0,Resolved,1.0,2026,April,2026-04,Very Fast,
TCK-001834,CUST-22963,Ahmed Al-Subaie,Email,Complaint,Medium,Sara Al-Dossari,Riyadh,2025-05-20,2025-05-24,297,96.1,Closed,5,0.0,Resolved,4.0,2025,May,2025-05,Slow,
TCK-001835,CUST-25846,Faisal Al-Otaibi,WhatsApp,Complaint,Medium,Khalid Al-Ghamdi,Tabuk,2024-05-08,,46,0.0,Open,0,0.0,Unresolved,,2024,May,2024-05,Fast,906.0
TCK-001836,CUST-33478,Hessa Al-Shammari,Social Media,Refund Request,Low,Maha Al-Balawi,Dammam,2025-12-04,,654,0.0,Open,0,0.0,Unresolved,,2025,December,2025-12,Slow,331.0
TCK-001837,CUST-62853,Fahad Al-Dossari,Live Chat,Technical Support,Low,Faisal Al-Shehri,Mecca,2024-08-15,2024-08-23,512,203.5,Resolved,3,0.0,Resolved,8.0,2024,August,2024-08,Slow,
TCK-001838,CUST-52867,Noura Al-Ghamdi,Live Chat,Technical Support,Low,Ahmed Al-Qahtani,Riyadh,2024-05-02,,426,0.0,Pending,0,0.0,Unresolved,,2024,May,2024-05,Slow,912.0
TCK-001839,CUST-53185,Ahmed Al-Subaie,Live Chat,Unknown,Medium,Abdullah Al-Zahrani,Mecca,2024-07-01,2024-07-05,20,108.8,Resolved,2,0.0,Resolved,4.0,2024,July,2024-07,Very Fast,
TCK-001840,CUST-74268,Reem Al-Anazi,Live Chat,Billing,High,Mohammed Al-Harbi,Riyadh,2026-01-04,2026-01-05,90,24.1,Closed,4,3593.73,Resolved,1.0,2026,January,2026-01,Moderate,
TCK-001841,CUST-15328,Lama Al-Qahtani,Live Chat,Delivery Issue,Low,Faisal Al-Shehri,Dammam,2026-06-18,2026-06-25,383,181.8,Resolved,5,0.0,Resolved,7.0,2026,June,2026-06,Slow,
TCK-001842,CUST-24119,Lama Al-Mutairi,Phone,Account Management,Low,Turki Al-Subaie,Khobar,2025-06-02,2025-06-07,373,137.8,Resolved,5,0.0,Resolved,5.0,2025,June,2025-06,Slow,
TCK-001843,CUST-32315,Fahad Al-Balawi,Live Chat,Refund Request,Medium,Noura Al-Shammari,Mecca,2026-07-09,2026-07-12,93,78.6,Resolved,2,0.0,Resolved,3.0,2026,July,2026-07,Moderate,
TCK-001844,CUST-53867,Khalid Al-Shammari,Phone,Delivery Issue,Medium,Sara Al-Dossari,Jeddah,2026-01-09,2026-01-13,144,100.3,Resolved,4,0.0,Resolved,4.0,2026,January,2026-01,Moderate,
TCK-001845,CUST-29684,Sultan Al-Otaibi,Phone,Account Management,Low,Maha Al-Balawi,Hail,2024-05-03,2024-05-06,35,76.6,Resolved,2,0.0,Resolved,3.0,2024,May,2024-05,Fast,
TCK-001846,CUST-72995,Aisha Al-Shammari,WhatsApp,Delivery Issue,Low,Noura Al-Shammari,Dammam,2025-01-07,2025-01-16,491,222.9,Closed,1,0.0,Resolved,9.0,2025,January,2025-01,Slow,
TCK-001847,CUST-90638,Lama Al-Shehri,Live Chat,Delivery Issue,Medium,Fahad Al-Otaibi,Buraidah,2024-03-28,2024-03-29,43,32.7,Closed,1,416.49,Resolved,1.0,2024,March,2024-03,Fast,
TCK-001848,CUST-60598,Dana Al-Ghamdi,WhatsApp,Complaint,Low,Mohammed Al-Harbi,Khobar,2026-09-22,,653,0.0,Open,0,0.0,Unresolved,,2026,September,2026-09,Slow,39.0
TCK-001849,CUST-97589,Yousef Al-Mutairi,Live Chat,Complaint,Medium,Turki Al-Subaie,Dammam,2026-07-14,2026-07-18,102,112.3,Resolved,5,0.0,Resolved,4.0,2026,July,2026-07,Moderate,
TCK-001850,CUST-60295,Turki Al-Shammari,Live Chat,Billing,Medium,Sara Al-Dossari,Hail,2024-03-21,2024-03-22,96,41.6,Resolved,4,0.0,Resolved,1.0,2024,March,2024-03,Moderate,
TCK-001851,CUST-69445,Faisal Al-Ghamdi,WhatsApp,Technical Support,Medium,Turki Al-Subaie,Riyadh,2024-09-23,2024-09-26,144,74.4,Resolved,5,0.0,Resolved,3.0,2024,September,2024-09,Moderate,
TCK-001852,CUST-21966,Aisha Al-Subaie,WhatsApp,General Inquiry,Medium,Turki Al-Subaie,Mecca,2024-04-06,,169,0.0,Escalated,0,0.0,Unresolved,,2024,April,2024-04,Moderate,938.0
TCK-001853,CUST-86277,Faisal Al-Qahtani,Social Media,Complaint,High,Khalid Al-Ghamdi,Jeddah,2025-04-19,2025-04-20,29,29.9,Resolved,4,768.12,Resolved,1.0,2025,April,2025-04,Very Fast,
TCK-001854,CUST-62193,Bandar Al-Shammari,Email,Technical Support,High,Huda Al-Anazi,Riyadh,2024-11-12,,22,0.0,Pending,0,0.0,Unresolved,,2024,November,2024-11,Very Fast,718.0
TCK-001855,CUST-71760,Abdullah Al-Mutairi,Live Chat,General Inquiry,Medium,Maha Al-Balawi,Jeddah,2024-07-12,2024-07-14,257,51.1,Resolved,5,0.0,Resolved,2.0,2024,July,2024-07,Slow,
TCK-001856,CUST-54159,Ahmed Al-Otaibi,Email,Complaint,Medium,Reem Al-Mutairi,Riyadh,2025-05-11,2025-05-12,296,32.1,Closed,5,0.0,Resolved,1.0,2025,May,2025-05,Slow,
TCK-001857,CUST-55938,Abdullah Al-Shehri,Live Chat,Account Management,High,Sara Al-Dossari,Abha,2024-04-11,2024-04-11,8,3.9,Closed,4,0.0,Resolved,0.0,2024,April,2024-04,Very Fast,
TCK-001858,CUST-21978,Bandar Al-Shehri,Email,Complaint,High,Reem Al-Mutairi,Riyadh,2024-10-01,2024-10-01,53,11.7,Closed,3,0.0,Resolved,0.0,2024,October,2024-10,Fast,
TCK-001859,CUST-50370,Yousef Al-Shammari,Phone,Delivery Issue,High,Turki Al-Subaie,Riyadh,2024-12-28,2024-12-29,83,46.8,Resolved,4,0.0,Resolved,1.0,2024,December,2024-12,Moderate,
TCK-001860,CUST-50527,Aisha Al-Subaie,Phone,Unknown,High,Lama Al-Rashidi,Riyadh,2024-09-07,2024-09-07,18,2.4,Resolved,1,0.0,Resolved,0.0,2024,September,2024-09,Very Fast,
TCK-001861,CUST-13208,Reem Al-Shammari,Phone,Billing,Low,Lama Al-Rashidi,Riyadh,2026-06-09,2026-06-12,226,87.9,Resolved,4,0.0,Resolved,3.0,2026,June,2026-06,Slow,
TCK-001862,CUST-43261,Hessa Al-Subaie,Email,Unknown,Medium,Reem Al-Mutairi,Buraidah,2026-06-22,,261,0.0,Open,0,0.0,Unresolved,,2026,June,2026-06,Slow,131.0
TCK-001863,CUST-89568,Dana Al-Harbi,Unknown,Account Management,Low,Noura Al-Shammari,Riyadh,2024-01-10,2024-01-18,717,193.6,Resolved,5,0.0,Resolved,8.0,2024,January,2024-01,Slow,
TCK-001864,CUST-46109,Bandar Al-Shehri,Live Chat,Complaint,Low,Sara Al-Dossari,Riyadh,2026-03-26,2026-04-01,243,158.9,Resolved,4,0.0,Resolved,6.0,2026,March,2026-03,Slow,
TCK-001865,CUST-29200,Faisal Al-Otaibi,Email,Billing,Critical,Noura Al-Shammari,Dammam,2024-08-06,2024-08-06,20,1.5,Resolved,5,0.0,Resolved,0.0,2024,August,2024-08,Very Fast,
TCK-001866,CUST-16110,Sara Al-Otaibi,Social Media,Account Management,Medium,Reem Al-Mutairi,Tabuk,2025-06-12,,118,0.0,Pending,0,0.0,Unresolved,,2025,June,2025-06,Moderate,506.0
TCK-001867,CUST-88315,Sultan Al-Mutairi,Live Chat,Technical Support,Critical,Khalid Al-Ghamdi,Tabuk,2026-06-18,,23,0.0,Escalated,0,0.0,Unresolved,,2026,June,2026-06,Very Fast,135.0
TCK-001868,CUST-28115,Reem Al-Ghamdi,Phone,Account Management,Critical,Faisal Al-Shehri,Riyadh,2025-06-28,2025-06-28,10,1.7,Resolved,3,0.0,Resolved,0.0,2025,June,2025-06,Very Fast,
TCK-001869,CUST-31526,Fahad Al-Ghamdi,Email,General Inquiry,Medium,Faisal Al-Shehri,Khobar,2025-12-23,,247,0.0,Pending,0,0.0,Unresolved,,2025,December,2025-12,Slow,312.0
TCK-001870,CUST-68007,Sultan Al-Balawi,Email,Billing,Low,Yousef Al-Malki,Riyadh,2026-01-09,2026-01-14,719,141.9,Closed,5,254.75,Resolved,5.0,2026,January,2026-01,Slow,
TCK-001871,CUST-74860,Ahmed Al-Anazi,Live Chat,General Inquiry,Medium,Mohammed Al-Harbi,Mecca,2024-10-11,,65,0.0,Open,0,0.0,Unresolved,,2024,October,2024-10,Moderate,750.0
TCK-001872,CUST-82044,Sara Al-Dossari,Social Media,Delivery Issue,Medium,Fahad Al-Otaibi,Jeddah,2025-05-15,2025-05-18,199,82.1,Closed,5,1270.34,Resolved,3.0,2025,May,2025-05,Slow,
TCK-001873,CUST-64728,Noura Al-Shehri,Phone,Technical Support,Medium,Abdullah Al-Zahrani,Abha,2026-04-19,,139,0.0,Pending,0,0.0,Unresolved,,2026,April,2026-04,Moderate,195.0
TCK-001874,CUST-69659,Fahad Al-Rashidi,Branch,Billing,High,Faisal Al-Shehri,Riyadh,2025-10-28,2025-10-29,7,32.8,Resolved,4,0.0,Resolved,1.0,2025,October,2025-10,Very Fast,
TCK-001875,CUST-45462,Aisha Al-Qahtani,Email,Delivery Issue,Low,Yousef Al-Malki,Jeddah,2025-01-04,2025-01-12,81,214.5,Resolved,3,1271.96,Resolved,8.0,2025,January,2025-01,Moderate,
TCK-001876,CUST-60814,Fahad Al-Balawi,WhatsApp,Technical Support,Medium,Yousef Al-Malki,Riyadh,2026-04-17,2026-04-17,77,23.9,Resolved,3,0.0,Resolved,0.0,2026,April,2026-04,Moderate,
TCK-001877,CUST-23886,Bandar Al-Mutairi,Live Chat,Account Management,High,Reem Al-Mutairi,Dammam,2024-10-30,,51,0.0,Pending,0,0.0,Unresolved,,2024,October,2024-10,Fast,731.0
TCK-001878,CUST-38953,Mohammed Al-Anazi,Phone,Account Management,Low,Fahad Al-Otaibi,Khobar,2025-10-30,2025-11-06,83,178.1,Resolved,4,0.0,Resolved,7.0,2025,October,2025-10,Moderate,
TCK-001879,CUST-39015,Fahad Al-Malki,Phone,General Inquiry,High,Sara Al-Dossari,Riyadh,2026-01-31,2026-01-31,56,8.0,Resolved,1,0.0,Resolved,0.0,2026,January,2026-01,Fast,
TCK-001880,CUST-72258,Dana Al-Harbi,Phone,Delivery Issue,Low,Fahad Al-Otaibi,Tabuk,2025-01-10,,634,0.0,Pending,0,0.0,Unresolved,,2025,January,2025-01,Slow,659.0
TCK-001881,CUST-98854,Lama Al-Rashidi,Live Chat,Billing,Low,Lama Al-Rashidi,Buraidah,2024-05-28,,282,0.0,Pending,0,0.0,Unresolved,,2024,May,2024-05,Slow,886.0
TCK-001882,CUST-81046,Turki Al-Rashidi,Email,Refund Request,High,Mohammed Al-Harbi,Riyadh,2025-09-25,2025-09-26,63,30.2,Closed,5,0.0,Resolved,1.0,2025,September,2025-09,Moderate,
TCK-001883,CUST-16407,Noura Al-Balawi,Live Chat,Billing,Medium,Yousef Al-Malki,Riyadh,2024-03-26,2024-03-27,274,41.9,Closed,5,1871.04,Resolved,1.0,2024,March,2024-03,Slow,
TCK-001884,CUST-80365,Yousef Al-Harbi,Phone,Billing,Medium,Huda Al-Anazi,Abha,2024-06-24,,209,0.0,Pending,0,0.0,Unresolved,,2024,June,2024-06,Slow,859.0
TCK-001885,CUST-68922,Ahmed Al-Dossari,Live Chat,Technical Support,Medium,Huda Al-Anazi,Khobar,2026-08-13,,166,0.0,Pending,0,0.0,Unresolved,,2026,August,2026-08,Moderate,79.0
TCK-001886,CUST-34012,Turki Al-Qahtani,Live Chat,Billing,Medium,Sara Al-Dossari,Riyadh,2024-10-03,2024-10-05,149,64.4,Resolved,5,4214.72,Resolved,2.0,2024,October,2024-10,Moderate,
TCK-001887,CUST-70175,Lama Al-Qahtani,Live Chat,Billing,Low,Ahmed Al-Qahtani,Mecca,2026-09-08,2026-09-16,253,196.7,Resolved,4,1667.55,Resolved,8.0,2026,September,2026-09,Slow,
TCK-001888,CUST-99770,Turki Al-Subaie,Phone,Technical Support,Low,Abdullah Al-Zahrani,Jeddah,2024-03-23,2024-03-27,178,98.1,Resolved,4,0.0,Resolved,4.0,2024,March,2024-03,Moderate,
TCK-001889,CUST-45971,Dana Al-Ghamdi,Phone,Delivery Issue,Medium,Abdullah Al-Zahrani,Mecca,2024-03-10,,228,0.0,Open,0,0.0,Unresolved,,2024,March,2024-03,Slow,965.0
TCK-001890,CUST-42475,Khalid Al-Harbi,WhatsApp,General Inquiry,Low,Khalid Al-Ghamdi,Medina,2026-09-11,2026-09-19,31,214.3,Resolved,3,0.0,Resolved,8.0,2026,September,2026-09,Fast,
TCK-001891,CUST-38783,Sara Al-Shammari,Email,Account Management,Low,Khalid Al-Ghamdi,Abha,2024-12-10,,30,0.0,Pending,0,0.0,Unresolved,,2024,December,2024-12,Very Fast,690.0
TCK-001892,CUST-46792,Fahad Al-Ghamdi,Social Media,Technical Support,High,Yousef Al-Malki,Mecca,2025-06-19,2025-06-20,87,30.3,Closed,5,0.0,Resolved,1.0,2025,June,2025-06,Moderate,
TCK-001893,CUST-12120,Lama Al-Dossari,Unknown,Complaint,Medium,Turki Al-Subaie,Dammam,2026-03-22,,129,0.0,Escalated,0,0.0,Unresolved,,2026,March,2026-03,Moderate,223.0
TCK-001894,CUST-51317,Turki Al-Subaie,Phone,General Inquiry,Medium,Lama Al-Rashidi,Riyadh,2026-05-05,2026-05-08,259,85.1,Closed,4,0.0,Resolved,3.0,2026,May,2026-05,Slow,
TCK-001895,CUST-48871,Sara Al-Shammari,Phone,Account Management,Critical,Khalid Al-Ghamdi,Riyadh,2025-01-15,,12,0.0,Pending,0,0.0,Unresolved,,2025,January,2025-01,Very Fast,654.0
TCK-001896,CUST-33066,Turki Al-Balawi,Social Media,Account Management,Medium,Lama Al-Rashidi,Riyadh,2026-09-08,2026-09-11,69,93.1,Resolved,4,0.0,Resolved,3.0,2026,September,2026-09,Moderate,
TCK-001897,CUST-82424,Bandar Al-Dossari,Email,Billing,Low,Noura Al-Shammari,Jeddah,2026-06-06,2026-06-11,557,134.1,Resolved,4,0.0,Resolved,5.0,2026,June,2026-06,Slow,
TCK-001898,CUST-65076,Nasser Al-Qahtani,Email,Account Management,High,Faisal Al-Shehri,Abha,2026-06-14,2026-06-15,88,44.3,Resolved,2,0.0,Resolved,1.0,2026,June,2026-06,Moderate,
TCK-001899,CUST-39337,Ahmed Al-Dossari,Phone,Billing,Low,Lama Al-Rashidi,Hail,2026-06-30,2026-07-01,544,31.1,Closed,2,2386.07,Resolved,1.0,2026,June,2026-06,Slow,
TCK-001900,CUST-95228,Khalid Al-Qahtani,Phone,Refund Request,Low,Mohammed Al-Harbi,Riyadh,2024-10-13,2024-10-20,47,191.7,Closed,4,914.87,Resolved,7.0,2024,October,2024-10,Fast,
TCK-001901,CUST-51659,Hessa Al-Anazi,Unknown,Account Management,Medium,Khalid Al-Ghamdi,Mecca,2026-08-18,,233,0.0,Pending,0,0.0,Unresolved,,2026,August,2026-08,Slow,74.0
TCK-001902,CUST-97425,Noura Al-Otaibi,Social Media,Account Management,High,Noura Al-Shammari,Abha,2024-01-23,,7,0.0,Open,0,0.0,Unresolved,,2024,January,2024-01,Very Fast,1012.0
TCK-001903,CUST-45083,Hessa Al-Zahrani,Phone,Refund Request,Medium,Huda Al-Anazi,Hail,2026-01-22,2026-01-22,52,4.1,Resolved,4,0.0,Resolved,0.0,2026,January,2026-01,Fast,
TCK-001904,CUST-80624,Noura Al-Shammari,Live Chat,Billing,Medium,Maha Al-Balawi,Abha,2024-12-21,,153,0.0,Escalated,0,0.0,Unresolved,,2024,December,2024-12,Moderate,679.0
TCK-001905,CUST-22377,Khalid Al-Anazi,Phone,General Inquiry,Low,Lama Al-Rashidi,Riyadh,2025-04-24,2025-04-30,541,149.8,Resolved,2,0.0,Resolved,6.0,2025,April,2025-04,Slow,
TCK-001906,CUST-69812,Nasser Al-Shehri,Live Chat,General Inquiry,High,Fahad Al-Otaibi,Dammam,2026-08-06,,72,0.0,Escalated,0,0.0,Unresolved,,2026,August,2026-08,Moderate,86.0
TCK-001907,CUST-40634,Yousef Al-Qahtani,Live Chat,Account Management,Low,Mohammed Al-Harbi,Riyadh,2024-10-26,,518,0.0,Open,0,0.0,Unresolved,,2024,October,2024-10,Slow,735.0
TCK-001908,CUST-51966,Turki Al-Subaie,Email,Complaint,Medium,Maha Al-Balawi,Hail,2025-04-23,,39,0.0,Pending,0,0.0,Unresolved,,2025,April,2025-04,Fast,556.0
TCK-001909,CUST-56602,Fahad Al-Subaie,Live Chat,Technical Support,Medium,Yousef Al-Malki,Jeddah,2024-04-04,2024-04-05,116,46.9,Resolved,4,0.0,Resolved,1.0,2024,April,2024-04,Moderate,
TCK-001910,CUST-14066,Huda Al-Harbi,Email,Billing,Critical,Ahmed Al-Qahtani,Dammam,2025-06-02,2025-06-02,15,10.3,Resolved,4,649.14,Resolved,0.0,2025,June,2025-06,Very Fast,
TCK-001911,CUST-94220,Bandar Al-Ghamdi,Branch,General Inquiry,Medium,Ahmed Al-Qahtani,Dammam,2026-08-01,2026-08-04,257,84.1,Closed,5,0.0,Resolved,3.0,2026,August,2026-08,Slow,
TCK-001912,CUST-48504,Nasser Al-Mutairi,WhatsApp,Account Management,Medium,Noura Al-Shammari,Abha,2024-04-06,2024-04-10,96,100.8,Resolved,4,0.0,Resolved,4.0,2024,April,2024-04,Moderate,
TCK-001913,CUST-20321,Faisal Al-Shammari,Live Chat,Delivery Issue,Low,Turki Al-Subaie,Riyadh,2026-04-09,2026-04-17,687,192.9,Closed,5,0.0,Resolved,8.0,2026,April,2026-04,Slow,
TCK-001914,CUST-57526,Sultan Al-Anazi,WhatsApp,Technical Support,Medium,Maha Al-Balawi,Dammam,2025-12-11,2025-12-14,40,73.2,Resolved,5,0.0,Resolved,3.0,2025,December,2025-12,Fast,
TCK-001915,CUST-58056,Hessa Al-Ghamdi,Live Chat,Billing,High,Yousef Al-Malki,Dammam,2026-01-24,2026-01-24,82,9.5,Resolved,5,2146.73,Resolved,0.0,2026,January,2026-01,Moderate,
TCK-001916,CUST-85843,Fahad Al-Shehri,Live Chat,Refund Request,Medium,Fahad Al-Otaibi,Buraidah,2024-09-29,2024-10-01,57,60.5,Closed,5,2085.44,Resolved,2.0,2024,September,2024-09,Fast,
TCK-001917,CUST-39562,Sultan Al-Harbi,Branch,Billing,Low,Khalid Al-Ghamdi,Buraidah,2026-09-01,2026-09-07,134,166.0,Closed,4,2312.97,Resolved,6.0,2026,September,2026-09,Moderate,
TCK-001918,CUST-13089,Faisal Al-Dossari,Phone,Refund Request,Medium,Mohammed Al-Harbi,Jeddah,2024-07-26,,146,0.0,Escalated,0,0.0,Unresolved,,2024,July,2024-07,Moderate,827.0
TCK-001919,CUST-77127,Faisal Al-Anazi,Email,Account Management,Critical,Fahad Al-Otaibi,Jeddah,2025-07-18,2025-07-18,13,5.2,Resolved,3,0.0,Resolved,0.0,2025,July,2025-07,Very Fast,
TCK-001920,CUST-53488,Dana Al-Rashidi,Email,Delivery Issue,Low,Maha Al-Balawi,Dammam,2024-10-17,2024-10-23,398,152.5,Resolved,3,0.0,Resolved,6.0,2024,October,2024-10,Slow,
TCK-001921,CUST-15354,Khalid Al-Rashidi,Live Chat,Technical Support,Medium,Khalid Al-Ghamdi,Riyadh,2026-03-30,,125,0.0,Pending,0,0.0,Unresolved,,2026,March,2026-03,Moderate,215.0
TCK-001922,CUST-55610,Nasser Al-Dossari,WhatsApp,Billing,Low,Yousef Al-Malki,Riyadh,2026-08-06,2026-08-10,172,110.5,Resolved,5,0.0,Resolved,4.0,2026,August,2026-08,Moderate,
TCK-001923,CUST-63662,Sara Al-Shehri,Phone,Complaint,Medium,Mohammed Al-Harbi,Hail,2025-05-10,,120,0.0,Escalated,0,0.0,Unresolved,,2025,May,2025-05,Moderate,539.0
TCK-001924,CUST-76545,Yousef Al-Dossari,Email,Technical Support,High,Khalid Al-Ghamdi,Buraidah,2026-06-26,2026-06-26,56,17.7,Resolved,5,0.0,Resolved,0.0,2026,June,2026-06,Fast,
TCK-001925,CUST-11084,Fahad Al-Harbi,Live Chat,General Inquiry,Medium,Ahmed Al-Qahtani,Riyadh,2025-04-01,2025-04-04,69,74.8,Resolved,5,0.0,Resolved,3.0,2025,April,2025-04,Moderate,
TCK-001926,CUST-40885,Abdullah Al-Shammari,WhatsApp,Account Management,Low,Yousef Al-Malki,Buraidah,2024-04-24,,148,0.0,Escalated,0,0.0,Unresolved,,2024,April,2024-04,Moderate,920.0
TCK-001927,CUST-66641,Fahad Al-Balawi,Phone,Refund Request,High,Faisal Al-Shehri,Unknown,2025-03-03,2025-03-04,86,37.8,Closed,4,4007.53,Resolved,1.0,2025,March,2025-03,Moderate,
TCK-001928,CUST-93453,Lama Al-Shehri,Live Chat,Account Management,Low,Ahmed Al-Qahtani,Medina,2024-11-19,2024-11-22,416,86.4,Resolved,5,0.0,Resolved,3.0,2024,November,2024-11,Slow,
TCK-001929,CUST-92082,Dana Al-Zahrani,Phone,Account Management,High,Abdullah Al-Zahrani,Medina,2024-01-31,2024-01-31,82,16.5,Resolved,5,0.0,Resolved,0.0,2024,January,2024-01,Moderate,
TCK-001930,CUST-16326,Yousef Al-Dossari,Social Media,Unknown,Critical,Noura Al-Shammari,Dammam,2026-03-11,,12,0.0,Pending,0,0.0,Unresolved,,2026,March,2026-03,Very Fast,234.0
TCK-001931,CUST-47084,Dana Al-Balawi,Live Chat,General Inquiry,Medium,Maha Al-Balawi,Riyadh,2025-12-16,2025-12-18,243,67.4,Resolved,5,0.0,Resolved,2.0,2025,December,2025-12,Slow,
TCK-001932,CUST-75083,Hessa Al-Anazi,Live Chat,Account Management,Medium,Mohammed Al-Harbi,Mecca,2024-04-16,,97,0.0,Open,0,0.0,Unresolved,,2024,April,2024-04,Moderate,928.0
TCK-001933,CUST-15340,Reem Al-Zahrani,WhatsApp,Billing,Medium,Mohammed Al-Harbi,Buraidah,2024-08-27,,158,0.0,Pending,0,0.0,Unresolved,,2024,August,2024-08,Moderate,795.0
TCK-001934,CUST-37148,Ahmed Al-Rashidi,Phone,General Inquiry,Low,Faisal Al-Shehri,Riyadh,2026-10-03,,377,0.0,Pending,0,0.0,Unresolved,,2026,October,2026-10,Slow,28.0
TCK-001935,CUST-41410,Fahad Al-Subaie,Live Chat,Complaint,Medium,Huda Al-Anazi,Khobar,2024-07-15,2024-07-16,278,25.8,Resolved,4,0.0,Resolved,1.0,2024,July,2024-07,Slow,
TCK-001936,CUST-48387,Fahad Al-Harbi,Phone,General Inquiry,Medium,Yousef Al-Malki,Dammam,2025-05-15,,52,0.0,Open,0,0.0,Unresolved,,2025,May,2025-05,Fast,534.0
TCK-001937,CUST-46176,Fahad Al-Rashidi,Social Media,Unknown,High,Noura Al-Shammari,Jeddah,2025-07-04,2025-07-05,65,33.6,Resolved,3,0.0,Resolved,1.0,2025,July,2025-07,Moderate,
TCK-001938,CUST-34712,Sultan Al-Dossari,Email,Billing,Low,Sara Al-Dossari,Riyadh,2026-10-03,2026-10-04,348,47.3,Closed,2,4412.38,Resolved,1.0,2026,October,2026-10,Slow,
TCK-001939,CUST-98977,Abdullah Al-Balawi,Email,Technical Support,Low,Sara Al-Dossari,Tabuk,2025-11-10,2025-11-16,134,149.3,Closed,3,0.0,Resolved,6.0,2025,November,2025-11,Moderate,
TCK-001940,CUST-20256,Huda Al-Zahrani,Live Chat,Complaint,Medium,Abdullah Al-Zahrani,Riyadh,2026-05-23,2026-05-27,61,118.4,Resolved,4,0.0,Resolved,4.0,2026,May,2026-05,Moderate,
TCK-001941,CUST-50769,Nasser Al-Subaie,Branch,Account Management,Medium,Yousef Al-Malki,Dammam,2024-01-05,2024-01-07,123,71.7,Resolved,3,0.0,Resolved,2.0,2024,January,2024-01,Moderate,
TCK-001942,CUST-75163,Sara Al-Shammari,Live Chat,Complaint,Medium,Khalid Al-Ghamdi,Jeddah,2024-03-25,2024-03-27,75,63.0,Resolved,5,0.0,Resolved,2.0,2024,March,2024-03,Moderate,
TCK-001943,CUST-81604,Noura Al-Rashidi,Phone,Technical Support,High,Lama Al-Rashidi,Jeddah,2025-10-29,2025-10-30,53,33.3,Resolved,2,0.0,Resolved,1.0,2025,October,2025-10,Fast,
TCK-001944,CUST-99749,Faisal Al-Zahrani,Live Chat,Technical Support,Critical,Huda Al-Anazi,Medina,2025-11-30,2025-11-30,26,4.9,Resolved,3,0.0,Resolved,0.0,2025,November,2025-11,Very Fast,
TCK-001945,CUST-63539,Ahmed Al-Mutairi,Unknown,Billing,Low,Reem Al-Mutairi,Jeddah,2025-12-03,2025-12-09,251,161.6,Resolved,4,0.0,Resolved,6.0,2025,December,2025-12,Slow,
TCK-001946,CUST-17426,Maha Al-Shammari,Phone,Billing,Medium,Khalid Al-Ghamdi,Jeddah,2025-08-29,,84,0.0,Escalated,0,0.0,Unresolved,,2025,August,2025-08,Moderate,428.0
TCK-001947,CUST-19454,Yousef Al-Shammari,Email,Refund Request,Medium,Fahad Al-Otaibi,Riyadh,2026-05-19,,147,0.0,Pending,0,0.0,Unresolved,,2026,May,2026-05,Moderate,165.0
TCK-001948,CUST-48183,Aisha Al-Otaibi,WhatsApp,Billing,Critical,Yousef Al-Malki,Riyadh,2026-04-13,,8,0.0,Open,0,0.0,Unresolved,,2026,April,2026-04,Very Fast,201.0
TCK-001949,CUST-17579,Yousef Al-Balawi,Email,Billing,Medium,Ahmed Al-Qahtani,Jeddah,2026-04-16,,145,0.0,Open,0,0.0,Unresolved,,2026,April,2026-04,Moderate,198.0
TCK-001950,CUST-72470,Faisal Al-Ghamdi,Phone,Technical Support,Medium,Yousef Al-Malki,Unknown,2026-01-21,,194,0.0,Pending,0,0.0,Unresolved,,2026,January,2026-01,Slow,283.0
TCK-001951,CUST-40045,Mohammed Al-Zahrani,Email,Billing,Medium,Fahad Al-Otaibi,Hail,2026-01-28,,132,0.0,Open,0,0.0,Unresolved,,2026,January,2026-01,Moderate,276.0
TCK-001952,CUST-37030,Sultan Al-Malki,Email,Technical Support,Medium,Sara Al-Dossari,Jeddah,2025-10-17,,233,0.0,Open,0,0.0,Unresolved,,2025,October,2025-10,Slow,379.0
TCK-001953,CUST-95635,Khalid Al-Qahtani,Email,Billing,Critical,Mohammed Al-Harbi,Riyadh,2026-01-22,,12,0.0,Open,0,0.0,Unresolved,,2026,January,2026-01,Very Fast,282.0
TCK-001954,CUST-98423,Sara Al-Balawi,Branch,Billing,Medium,Turki Al-Subaie,Buraidah,2024-05-20,2024-05-24,41,105.0,Resolved,1,4486.19,Resolved,4.0,2024,May,2024-05,Fast,
TCK-001955,CUST-48209,Huda Al-Shehri,Phone,Refund Request,Low,Mohammed Al-Harbi,Mecca,2026-09-08,2026-09-09,466,41.8,Resolved,4,65.83,Resolved,1.0,2026,September,2026-09,Slow,
TCK-001956,CUST-81654,Huda Al-Shammari,Live Chat,Technical Support,Critical,Yousef Al-Malki,Hail,2024-09-14,,5,0.0,Pending,0,0.0,Unresolved,,2024,September,2024-09,Very Fast,777.0
TCK-001957,CUST-63044,Abdullah Al-Balawi,Phone,Refund Request,Medium,Mohammed Al-Harbi,Abha,2025-07-15,2025-07-18,290,90.5,Resolved,3,0.0,Resolved,3.0,2025,July,2025-07,Slow,
TCK-001958,CUST-70768,Reem Al-Malki,WhatsApp,Complaint,Low,Sara Al-Dossari,Tabuk,2025-09-02,,462,0.0,Open,0,0.0,Unresolved,,2025,September,2025-09,Slow,424.0
TCK-001959,CUST-20662,Abdullah Al-Otaibi,Live Chat,Refund Request,Medium,Sara Al-Dossari,Jeddah,2024-05-18,2024-05-18,173,6.9,Closed,5,618.28,Resolved,0.0,2024,May,2024-05,Moderate,
TCK-001960,CUST-80016,Yousef Al-Mutairi,Live Chat,General Inquiry,High,Faisal Al-Shehri,Jeddah,2024-04-20,2024-04-20,66,2.2,Resolved,4,0.0,Resolved,0.0,2024,April,2024-04,Moderate,
TCK-001961,CUST-85816,Huda Al-Qahtani,WhatsApp,Technical Support,Low,Noura Al-Shammari,Khobar,2025-07-20,,310,0.0,Pending,0,0.0,Unresolved,,2025,July,2025-07,Slow,468.0
TCK-001962,CUST-42935,Faisal Al-Ghamdi,Phone,Billing,Medium,Lama Al-Rashidi,Jeddah,2025-12-22,2025-12-25,259,85.3,Resolved,3,0.0,Resolved,3.0,2025,December,2025-12,Slow,
TCK-001963,CUST-90729,Mohammed Al-Zahrani,Phone,Technical Support,Critical,Faisal Al-Shehri,Khobar,2025-07-18,,3,0.0,Escalated,0,0.0,Unresolved,,2025,July,2025-07,Very Fast,470.0
TCK-001964,CUST-99471,Sara Al-Rashidi,Phone,Complaint,High,Noura Al-Shammari,Abha,2025-04-10,2025-04-10,66,13.2,Closed,4,0.0,Resolved,0.0,2025,April,2025-04,Moderate,
TCK-001965,CUST-71640,Dana Al-Zahrani,Social Media,Technical Support,Medium,Reem Al-Mutairi,Dammam,2026-06-27,2026-06-29,174,68.8,Closed,5,0.0,Resolved,2.0,2026,June,2026-06,Moderate,
TCK-001966,CUST-38458,Mohammed Al-Otaibi,Email,Technical Support,Low,Ahmed Al-Qahtani,Jeddah,2025-03-07,,447,0.0,Open,0,0.0,Unresolved,,2025,March,2025-03,Slow,603.0
TCK-001967,CUST-13132,Khalid Al-Subaie,Email,Technical Support,Low,Faisal Al-Shehri,Buraidah,2025-12-14,2025-12-14,626,10.4,Closed,4,0.0,Resolved,0.0,2025,December,2025-12,Slow,
TCK-001968,CUST-86431,Lama Al-Shehri,Live Chat,Billing,Low,Reem Al-Mutairi,Riyadh,2025-07-31,,627,0.0,Open,0,0.0,Unresolved,,2025,July,2025-07,Slow,457.0
TCK-001969,CUST-86924,Hessa Al-Mutairi,WhatsApp,Account Management,Low,Huda Al-Anazi,Jeddah,2025-09-23,2025-09-28,445,131.6,Resolved,5,0.0,Resolved,5.0,2025,September,2025-09,Slow,
TCK-001970,CUST-66324,Yousef Al-Malki,Email,Refund Request,Low,Yousef Al-Malki,Medina,2025-09-30,2025-10-07,383,172.7,Resolved,3,0.0,Resolved,7.0,2025,September,2025-09,Slow,
TCK-001971,CUST-35070,Turki Al-Mutairi,Email,General Inquiry,High,Khalid Al-Ghamdi,Riyadh,2026-08-09,2026-08-09,24,16.9,Resolved,5,0.0,Resolved,0.0,2026,August,2026-08,Very Fast,
TCK-001972,CUST-84801,Mohammed Al-Zahrani,Live Chat,Complaint,Medium,Huda Al-Anazi,Jeddah,2025-03-03,,61,0.0,Pending,0,0.0,Unresolved,,2025,March,2025-03,Moderate,607.0
TCK-001973,CUST-42169,Reem Al-Ghamdi,Social Media,Billing,High,Mohammed Al-Harbi,Unknown,2025-09-07,,40,0.0,Open,0,0.0,Unresolved,,2025,September,2025-09,Fast,419.0
TCK-001974,CUST-82212,Nasser Al-Shehri,Phone,Delivery Issue,Medium,Noura Al-Shammari,Tabuk,2026-07-04,,22,0.0,Escalated,0,0.0,Unresolved,,2026,July,2026-07,Very Fast,119.0
TCK-001975,CUST-89045,Yousef Al-Qahtani,Phone,General Inquiry,Low,Reem Al-Mutairi,Tabuk,2024-08-13,2024-08-20,534,188.3,Resolved,5,0.0,Resolved,7.0,2024,August,2024-08,Slow,
TCK-001976,CUST-89797,Maha Al-Anazi,WhatsApp,Technical Support,Medium,Lama Al-Rashidi,Tabuk,2025-02-06,,59,0.0,Open,0,0.0,Unresolved,,2025,February,2025-02,Fast,632.0
TCK-001977,CUST-76287,Yousef Al-Anazi,Phone,General Inquiry,Medium,Turki Al-Subaie,Jeddah,2026-07-04,2026-07-04,295,14.3,Closed,3,0.0,Resolved,0.0,2026,July,2026-07,Slow,
TCK-001978,CUST-58096,Hessa Al-Ghamdi,Email,Complaint,Critical,Lama Al-Rashidi,Buraidah,2025-12-08,2025-12-08,20,1.2,Resolved,4,0.0,Resolved,0.0,2025,December,2025-12,Very Fast,
TCK-001979,CUST-46366,Fahad Al-Zahrani,Phone,Unknown,Low,Reem Al-Mutairi,Riyadh,2025-03-10,2025-03-13,145,92.6,Closed,5,0.0,Resolved,3.0,2025,March,2025-03,Moderate,
TCK-001980,CUST-61914,Sultan Al-Qahtani,Phone,Technical Support,Medium,Reem Al-Mutairi,Hail,2024-10-14,2024-10-17,81,93.7,Resolved,4,0.0,Resolved,3.0,2024,October,2024-10,Moderate,
TCK-001981,CUST-87016,Khalid Al-Mutairi,Email,Billing,Low,Khalid Al-Ghamdi,Medina,2026-03-19,,222,0.0,Open,0,0.0,Unresolved,,2026,March,2026-03,Slow,226.0
TCK-001982,CUST-72625,Noura Al-Zahrani,Unknown,Account Management,Medium,Fahad Al-Otaibi,Medina,2024-10-06,2024-10-08,129,71.7,Resolved,5,0.0,Resolved,2.0,2024,October,2024-10,Moderate,
TCK-001983,CUST-21703,Turki Al-Rashidi,Social Media,Refund Request,Medium,Maha Al-Balawi,Jeddah,2026-02-04,2026-02-04,22,23.4,Closed,5,0.0,Resolved,0.0,2026,February,2026-02,Very Fast,
TCK-001984,CUST-92841,Turki Al-Dossari,Social Media,Billing,Low,Mohammed Al-Harbi,Jeddah,2025-10-05,2025-10-06,546,37.8,Closed,3,2630.88,Resolved,1.0,2025,October,2025-10,Slow,
TCK-001985,CUST-75860,Mohammed Al-Balawi,Live Chat,Billing,Medium,Noura Al-Shammari,Medina,2025-11-03,2025-11-04,189,45.4,Resolved,5,0.0,Resolved,1.0,2025,November,2025-11,Slow,
TCK-001986,CUST-60167,Ahmed Al-Rashidi,Social Media,Complaint,Medium,Fahad Al-Otaibi,Jeddah,2024-05-04,,253,0.0,Pending,0,0.0,Unresolved,,2024,May,2024-05,Slow,910.0
TCK-001987,CUST-28766,Bandar Al-Shehri,Live Chat,Billing,High,Khalid Al-Ghamdi,Riyadh,2026-01-15,2026-01-16,58,26.0,Resolved,2,0.0,Resolved,1.0,2026,January,2026-01,Fast,
TCK-001988,CUST-77686,Aisha Al-Dossari,Email,Account Management,Medium,Reem Al-Mutairi,Mecca,2024-12-17,,196,0.0,Pending,0,0.0,Unresolved,,2024,December,2024-12,Slow,683.0
TCK-001989,CUST-40821,Sara Al-Mutairi,Email,Refund Request,Low,Fahad Al-Otaibi,Mecca,2025-09-16,,661,0.0,Pending,0,0.0,Unresolved,,2025,September,2025-09,Slow,410.0
TCK-001990,CUST-29214,Maha Al-Shammari,Phone,Refund Request,Medium,Noura Al-Shammari,Tabuk,2024-12-09,,124,0.0,Open,0,0.0,Unresolved,,2024,December,2024-12,Moderate,691.0
TCK-001991,CUST-10500,Yousef Al-Dossari,Live Chat,Technical Support,Low,Huda Al-Anazi,Khobar,2025-05-02,,576,0.0,Open,0,0.0,Unresolved,,2025,May,2025-05,Slow,547.0
TCK-001992,CUST-25789,Yousef Al-Mutairi,WhatsApp,Billing,Low,Abdullah Al-Zahrani,Dammam,2024-02-24,2024-02-25,465,24.7,Resolved,3,0.0,Resolved,1.0,2024,February,2024-02,Slow,
TCK-001993,CUST-79175,Yousef Al-Zahrani,WhatsApp,Account Management,Medium,Yousef Al-Malki,Hail,2024-01-04,2024-01-08,286,102.1,Resolved,5,0.0,Resolved,4.0,2024,January,2024-01,Slow,
TCK-001994,CUST-81212,Abdullah Al-Shehri,Phone,General Inquiry,Medium,Khalid Al-Ghamdi,Dammam,2025-08-20,2025-08-24,300,114.8,Resolved,1,0.0,Resolved,4.0,2025,August,2025-08,Slow,
TCK-001995,CUST-40592,Nasser Al-Mutairi,Email,Billing,Medium,Huda Al-Anazi,Riyadh,2025-02-13,2025-02-14,81,30.9,Resolved,4,1979.34,Resolved,1.0,2025,February,2025-02,Moderate,
TCK-001996,CUST-40503,Mohammed Al-Balawi,Email,Technical Support,Low,Khalid Al-Ghamdi,Dammam,2026-06-27,2026-06-27,613,15.6,Closed,4,0.0,Resolved,0.0,2026,June,2026-06,Slow,
TCK-001997,CUST-74306,Fahad Al-Rashidi,Social Media,Technical Support,Medium,Yousef Al-Malki,Buraidah,2025-12-31,2026-01-02,31,51.9,Resolved,2,0.0,Resolved,2.0,2025,December,2025-12,Fast,
TCK-001998,CUST-98437,Reem Al-Anazi,Email,Account Management,Low,Lama Al-Rashidi,Buraidah,2024-02-01,2024-02-09,400,202.0,Resolved,2,0.0,Resolved,8.0,2024,February,2024-02,Slow,
